ISO-10303-21;
HEADER;
FILE_DESCRIPTION((''),'2;1');
FILE_NAME('Medium Separator', '2025-04-19T19:32:43', (''), (''), 'ImageToStl.com STEP Converter','', '');
FILE_SCHEMA(('AUTOMOTIVE_DESIGN_CC2'));
ENDSEC;
DATA;
#1=PRODUCT_DEFINITION_CONTEXT('',#4,'design');
#2=APPLICATION_PROTOCOL_DEFINITION('INTERNATIONAL STANDARD','automotive_design',1994,#4);
#3=(GEOMETRIC_REPRESENTATION_CONTEXT(3)GLOBAL_UNCERTAINTY_ASSIGNED_CONTEXT((#5))GLOBAL_UNIT_ASSIGNED_CONTEXT((#6,#7,#8))REPRESENTATION_CONTEXT('NONE','WORKSPACE'));
#4=APPLICATION_CONTEXT(' ');
#5=UNCERTAINTY_MEASURE_WITH_UNIT(LENGTH_MEASURE(1.0E-006),#6,'','');
#6=(CONVERSION_BASED_UNIT('METRE',#10)LENGTH_UNIT()NAMED_UNIT(#11));
#7=(NAMED_UNIT(#12)PLANE_ANGLE_UNIT()SI_UNIT($,.RADIAN.));
#8=(NAMED_UNIT(#12)SOLID_ANGLE_UNIT()SI_UNIT($,.STERADIAN.));
#9=AXIS2_PLACEMENT_3D('',#14,#15,#16);
#10=LENGTH_MEASURE_WITH_UNIT(LENGTH_MEASURE(1.0),#17);
#11=DIMENSIONAL_EXPONENTS(1.0,0.0,0.0,0.0,0.0,0.0,0.0);
#12=DIMENSIONAL_EXPONENTS(0.0,0.0,0.0,0.0,0.0,0.0,0.0);
#13=PRODUCT_CONTEXT('',#4,'mechanical');
#14=CARTESIAN_POINT('',(0.0,0.0,0.0));
#15=DIRECTION('',(0.0,0.0,1.0));
#16=DIRECTION('',(1.0,0.0,0.0));
#17=(NAMED_UNIT(#11)LENGTH_UNIT()SI_UNIT(.MILLI.,.METRE.));
#18=PRESENTATION_STYLE_ASSIGNMENT((#19));
#19=SURFACE_STYLE_USAGE(.BOTH.,#20);
#20=SURFACE_SIDE_STYLE('',(#21));
#21=SURFACE_STYLE_FILL_AREA(#22);
#22=FILL_AREA_STYLE('',(#23));
#23=FILL_AREA_STYLE_COLOUR('',#24);
#24=COLOUR_RGB('',0.85,0.85,0.85);
#25=SHAPE_DEFINITION_REPRESENTATION(#26,#27);
#26=PRODUCT_DEFINITION_SHAPE('productshape0','',#30);
#27=MANIFOLD_SURFACE_SHAPE_REPRESENTATION('',(#28,#9),#3);
#28=SHELL_BASED_SURFACE_MODEL('shell0',(#33));
#29=PRODUCT('product0','','',(#13));
#30=PRODUCT_DEFINITION('mesh0','',#31,#2);
#31=PRODUCT_DEFINITION_FORMATION_WITH_SPECIFIED_SOURCE('prodsource0','',#29,.NOT_KNOWN.);
#32=STYLED_ITEM('',(#18),#33);
#33=CLOSED_SHELL('',(#370,#392,#414,#436,#458,#480,#502,#524,#546,#568,#590,#612,#634,#656,#678,#700,#722,#744,#766,#788,#810,#832,#854,#876,#898,#920,#942,#964,#986,#1008,#1030,#1052,#1074,#1096,#1118,#1140,#1162,#1184,#1206,#1228,#1250,#1272,#1294,#1316,#1338,#1360,#1382,#1404,#1426,#1448,#1470,#1492,#1514,#1536,#1558,#1580,#1602,#1624,#1646,#1668,#1690,#1712,#1734,#1756,#1778,#1800,#1822,#1844,#1866,#1888,#1910,#1932,#1954,#1976,#1998,#2020,#2042,#2064,#2086,#2108,#2130,#2152,#2174,#2196,#2218,#2240,#2262,#2284,#2306,#2328,#2350,#2372,#2394,#2416,#2438,#2460,#2482,#2504,#2526,#2548,#2570,#2592,#2614,#2636,#2658,#2680,#2702,#2724,#2746,#2768,#2790,#2812,#2834,#2856,#2878,#2900,#2922,#2944,#2966,#2988,#3010,#3032,#3054,#3076,#3098,#3120,#3142,#3164,#3186,#3208,#3230,#3252,#3274,#3296,#3318,#3340,#3362,#3384,#3406,#3428,#3450,#3472,#3494,#3516,#3538,#3560,#3582,#3604,#3626,#3648,#3670,#3692,#3714,#3736,#3758,#3780,#3802,#3824,#3846,#3868,#3890,#3912,#3934,#3956,#3978,#4000,#4022,#4044,#4066,#4088,#4110,#4132,#4154,#4176,#4198,#4220,#4242,#4264,#4286,#4308,#4330,#4352,#4374,#4396,#4418,#4440,#4462,#4484,#4506,#4528,#4550,#4572,#4594,#4616,#4638,#4660,#4682,#4704,#4726,#4748,#4770,#4792,#4814,#4836,#4858,#4880,#4902,#4924,#4946,#4968,#4990,#5012,#5034,#5056,#5078,#5100,#5122,#5144,#5166,#5188,#5210,#5232,#5254,#5276,#5298,#5320,#5342,#5364,#5386,#5408,#5430,#5452,#5474,#5496,#5518,#5540,#5562,#5584,#5606,#5628,#5650,#5672,#5694,#5716,#5738,#5760,#5782,#5804,#5826,#5848,#5870,#5892,#5914,#5936,#5958,#5980,#6002,#6024,#6046,#6068,#6090,#6112,#6134,#6156,#6178,#6200,#6222,#6244,#6266,#6288,#6310,#6332,#6354,#6376,#6398,#6420,#6442,#6464,#6486,#6508,#6530,#6552,#6574,#6596,#6618,#6640,#6662,#6684,#6706,#6728,#6750,#6772,#6794,#6816,#6838,#6860,#6882,#6904,#6926,#6948,#6970,#6992,#7014,#7036,#7058,#7080,#7102,#7124,#7146,#7168,#7190,#7212,#7234,#7256,#7278,#7300,#7322,#7344,#7366,#7388,#7410,#7432,#7454,#7476,#7498,#7520,#7542,#7564,#7586,#7608,#7630,#7652,#7674,#7696,#7718,#7740));
#34=CARTESIAN_POINT('',(4.842947959899902,1.8218685388565063,18.5));
#35=VERTEX_POINT('',#34);
#36=CARTESIAN_POINT('',(5.415551662445068,0.09412132203578949,18.5));
#37=VERTEX_POINT('',#36);
#38=CARTESIAN_POINT('',(5.290621280670166,1.9183496236801147,18.5));
#39=VERTEX_POINT('',#38);
#40=CARTESIAN_POINT('',(6.0069580078125,0.2598254978656769,18.5));
#41=VERTEX_POINT('',#40);
#42=CARTESIAN_POINT('',(5.715549945831299,2.089099884033203,18.5));
#43=VERTEX_POINT('',#42);
#44=CARTESIAN_POINT('',(6.5702924728393555,0.5045165419578552,18.5));
#45=VERTEX_POINT('',#44);
#46=CARTESIAN_POINT('',(6.105509281158447,2.329207420349121,18.5));
#47=VERTEX_POINT('',#46);
#48=CARTESIAN_POINT('',(7.095061302185059,0.8236353993415833,18.5));
#49=VERTEX_POINT('',#48);
#50=CARTESIAN_POINT('',(6.449281215667725,2.6317648887634277,18.5));
#51=VERTEX_POINT('',#50);
#52=CARTESIAN_POINT('',(3.0843701362609863,2.200871229171753,18.5));
#53=VERTEX_POINT('',#52);
#54=CARTESIAN_POINT('',(2.4297072887420654,0.5045165419578552,18.5));
#55=VERTEX_POINT('',#54);
#56=CARTESIAN_POINT('',(3.4932873249053955,1.994699478149414,18.5));
#57=VERTEX_POINT('',#56);
#58=CARTESIAN_POINT('',(2.993041515350342,0.2598254978656769,18.5));
#59=VERTEX_POINT('',#58);
#60=CARTESIAN_POINT('',(3.9311656951904297,1.8606007099151611,18.5));
#61=VERTEX_POINT('',#60);
#62=CARTESIAN_POINT('',(3.5844476222991943,0.09412132203578949,18.5));
#63=VERTEX_POINT('',#62);
#64=CARTESIAN_POINT('',(4.385408401489258,1.8024325370788574,18.5));
#65=VERTEX_POINT('',#64);
#66=CARTESIAN_POINT('',(4.192908763885498,0.01049041748046875,18.5));
#67=VERTEX_POINT('',#66);
#68=CARTESIAN_POINT('',(4.807090759277344,0.01049041748046875,18.5));
#69=VERTEX_POINT('',#68);
#70=CARTESIAN_POINT('',(1.9542306661605835,3.60052227973938,18.5));
#71=VERTEX_POINT('',#70);
#72=CARTESIAN_POINT('',(0.37254905700683594,2.7071948051452637,18.5));
#73=VERTEX_POINT('',#72);
#74=CARTESIAN_POINT('',(2.1428616046905518,3.1832234859466553,18.5));
#75=VERTEX_POINT('',#74);
#76=CARTESIAN_POINT('',(0.6551125645637512,2.161872148513794,18.5));
#77=VERTEX_POINT('',#76);
#78=CARTESIAN_POINT('',(2.3993031978607178,2.8038058280944824,18.5));
#79=VERTEX_POINT('',#78);
#80=CARTESIAN_POINT('',(1.0092989206314087,1.6601041555404663,18.5));
#81=VERTEX_POINT('',#80);
#82=CARTESIAN_POINT('',(2.7161781787872314,2.473184585571289,18.5));
#83=VERTEX_POINT('',#82);
#84=CARTESIAN_POINT('',(1.4285107851028442,1.211237907409668,18.5));
#85=VERTEX_POINT('',#84);
#86=CARTESIAN_POINT('',(1.9049383401870728,0.8236353993415833,18.5));
#87=VERTEX_POINT('',#86);
#88=CARTESIAN_POINT('',(2.1428616046905518,5.816776275634766,18.5));
#89=VERTEX_POINT('',#88);
#90=CARTESIAN_POINT('',(0.37254905700683594,6.292804718017578,18.5));
#91=VERTEX_POINT('',#90);
#92=CARTESIAN_POINT('',(1.9542306661605835,5.399477481842041,18.5));
#93=VERTEX_POINT('',#92);
#94=CARTESIAN_POINT('',(0.1668720543384552,5.714085102081299,18.5));
#95=VERTEX_POINT('',#94);
#96=CARTESIAN_POINT('',(1.8388367891311646,4.956302165985107,18.5));
#97=VERTEX_POINT('',#96);
#98=CARTESIAN_POINT('',(0.041913241147994995,5.1127495765686035,18.5));
#99=VERTEX_POINT('',#98);
#100=CARTESIAN_POINT('',(1.799999713897705,4.5,18.5));
#101=VERTEX_POINT('',#100);
#102=CARTESIAN_POINT('',(0,4.5,18.5));
#103=VERTEX_POINT('',#102);
#104=CARTESIAN_POINT('',(1.8388367891311646,4.043697357177734,18.5));
#105=VERTEX_POINT('',#104);
#106=CARTESIAN_POINT('',(0.041913241147994995,3.8872499465942383,18.5));
#107=VERTEX_POINT('',#106);
#108=CARTESIAN_POINT('',(0.1668720543384552,3.285914421081543,18.5));
#109=VERTEX_POINT('',#108);
#110=CARTESIAN_POINT('',(3.4932873249053955,7.005300045013428,18.5));
#111=VERTEX_POINT('',#110);
#112=CARTESIAN_POINT('',(2.4297072887420654,8.4954833984375,18.5));
#113=VERTEX_POINT('',#112);
#114=CARTESIAN_POINT('',(3.0843701362609863,6.799128532409668,18.5));
#115=VERTEX_POINT('',#114);
#116=CARTESIAN_POINT('',(1.9049383401870728,8.176363945007324,18.5));
#117=VERTEX_POINT('',#116);
#118=CARTESIAN_POINT('',(2.7161781787872314,6.526814937591553,18.5));
#119=VERTEX_POINT('',#118);
#120=CARTESIAN_POINT('',(1.4285107851028442,7.788761615753174,18.5));
#121=VERTEX_POINT('',#120);
#122=CARTESIAN_POINT('',(2.3993031978607178,6.196193695068359,18.5));
#123=VERTEX_POINT('',#122);
#124=CARTESIAN_POINT('',(1.0092989206314087,7.339895248413086,18.5));
#125=VERTEX_POINT('',#124);
#126=CARTESIAN_POINT('',(0.6551125645637512,6.838127613067627,18.5));
#127=VERTEX_POINT('',#126);
#128=CARTESIAN_POINT('',(5.290621280670166,7.0816497802734375,18.5));
#129=VERTEX_POINT('',#128);
#130=CARTESIAN_POINT('',(5.415551662445068,8.905878067016602,18.5));
#131=VERTEX_POINT('',#130);
#132=CARTESIAN_POINT('',(4.842947959899902,7.178131103515625,18.5));
#133=VERTEX_POINT('',#132);
#134=CARTESIAN_POINT('',(4.807090759277344,8.989509582519531,18.5));
#135=VERTEX_POINT('',#134);
#136=CARTESIAN_POINT('',(4.385408401489258,7.197566986083984,18.5));
#137=VERTEX_POINT('',#136);
#138=CARTESIAN_POINT('',(4.192908763885498,8.989509582519531,18.5));
#139=VERTEX_POINT('',#138);
#140=CARTESIAN_POINT('',(3.9311656951904297,7.13939905166626,18.5));
#141=VERTEX_POINT('',#140);
#142=CARTESIAN_POINT('',(3.5844476222991943,8.905878067016602,18.5));
#143=VERTEX_POINT('',#142);
#144=CARTESIAN_POINT('',(2.993041515350342,8.740174293518066,18.5));
#145=VERTEX_POINT('',#144);
#146=CARTESIAN_POINT('',(6.73697566986084,6.011931896209717,18.5));
#147=VERTEX_POINT('',#146);
#148=CARTESIAN_POINT('',(7.990700721740723,7.339895248413086,18.5));
#149=VERTEX_POINT('',#148);
#150=CARTESIAN_POINT('',(6.449281215667725,6.368234634399414,18.5));
#151=VERTEX_POINT('',#150);
#152=CARTESIAN_POINT('',(7.571488857269287,7.788761615753174,18.5));
#153=VERTEX_POINT('',#152);
#154=CARTESIAN_POINT('',(6.105509281158447,6.670792102813721,18.5));
#155=VERTEX_POINT('',#154);
#156=CARTESIAN_POINT('',(7.095061302185059,8.176363945007324,18.5));
#157=VERTEX_POINT('',#156);
#158=CARTESIAN_POINT('',(5.715549945831299,6.910899639129639,18.5));
#159=VERTEX_POINT('',#158);
#160=CARTESIAN_POINT('',(6.5702924728393555,8.4954833984375,18.5));
#161=VERTEX_POINT('',#160);
#162=CARTESIAN_POINT('',(6.0069580078125,8.740174293518066,18.5));
#163=VERTEX_POINT('',#162);
#164=CARTESIAN_POINT('',(7.571488857269287,1.211237907409668,18.5));
#165=VERTEX_POINT('',#164);
#166=CARTESIAN_POINT('',(7.990700721740723,1.6601041555404663,18.5));
#167=VERTEX_POINT('',#166);
#168=CARTESIAN_POINT('',(6.73697566986084,2.988067865371704,18.5));
#169=VERTEX_POINT('',#168);
#170=CARTESIAN_POINT('',(8.344886779785156,2.161872148513794,18.5));
#171=VERTEX_POINT('',#170);
#172=CARTESIAN_POINT('',(6.9603166580200195,3.387866497039795,18.5));
#173=VERTEX_POINT('',#172);
#174=CARTESIAN_POINT('',(8.627450942993164,2.7071948051452637,18.5));
#175=VERTEX_POINT('',#174);
#176=CARTESIAN_POINT('',(7.112878799438477,3.8196589946746826,18.5));
#177=VERTEX_POINT('',#176);
#178=CARTESIAN_POINT('',(8.833127975463867,3.285914421081543,18.5));
#179=VERTEX_POINT('',#178);
#180=CARTESIAN_POINT('',(7.190272808074951,4.271023750305176,18.5));
#181=VERTEX_POINT('',#180);
#182=CARTESIAN_POINT('',(8.958086013793945,3.8872499465942383,18.5));
#183=VERTEX_POINT('',#182);
#184=CARTESIAN_POINT('',(7.199999809265137,4.5,18.5));
#185=VERTEX_POINT('',#184);
#186=CARTESIAN_POINT('',(9,4.5,18.5));
#187=VERTEX_POINT('',#186);
#188=CARTESIAN_POINT('',(7.190272808074951,4.728975772857666,18.5));
#189=VERTEX_POINT('',#188);
#190=CARTESIAN_POINT('',(8.958086013793945,5.1127495765686035,18.5));
#191=VERTEX_POINT('',#190);
#192=CARTESIAN_POINT('',(7.112878799438477,5.180340766906738,18.5));
#193=VERTEX_POINT('',#192);
#194=CARTESIAN_POINT('',(8.833127975463867,5.714085102081299,18.5));
#195=VERTEX_POINT('',#194);
#196=CARTESIAN_POINT('',(6.9603166580200195,5.612133026123047,18.5));
#197=VERTEX_POINT('',#196);
#198=CARTESIAN_POINT('',(8.627450942993164,6.292804718017578,18.5));
#199=VERTEX_POINT('',#198);
#200=CARTESIAN_POINT('',(8.344886779785156,6.838127613067627,18.5));
#201=VERTEX_POINT('',#200);
#202=CARTESIAN_POINT('',(2.1428616046905518,3.1832234859466553,0));
#203=VERTEX_POINT('',#202);
#204=CARTESIAN_POINT('',(0.37254905700683594,2.7071948051452637,0));
#205=VERTEX_POINT('',#204);
#206=CARTESIAN_POINT('',(1.9542306661605835,3.60052227973938,0));
#207=VERTEX_POINT('',#206);
#208=CARTESIAN_POINT('',(0.1668720543384552,3.285914421081543,0));
#209=VERTEX_POINT('',#208);
#210=CARTESIAN_POINT('',(1.8388367891311646,4.043697357177734,0));
#211=VERTEX_POINT('',#210);
#212=CARTESIAN_POINT('',(0.041913241147994995,3.8872499465942383,0));
#213=VERTEX_POINT('',#212);
#214=CARTESIAN_POINT('',(1.799999713897705,4.5,0));
#215=VERTEX_POINT('',#214);
#216=CARTESIAN_POINT('',(0,4.5,0));
#217=VERTEX_POINT('',#216);
#218=CARTESIAN_POINT('',(1.8388367891311646,4.956302165985107,0));
#219=VERTEX_POINT('',#218);
#220=CARTESIAN_POINT('',(0.041913241147994995,5.1127495765686035,0));
#221=VERTEX_POINT('',#220);
#222=CARTESIAN_POINT('',(1.9542306661605835,5.399477481842041,0));
#223=VERTEX_POINT('',#222);
#224=CARTESIAN_POINT('',(3.0843701362609863,6.799128532409668,0));
#225=VERTEX_POINT('',#224);
#226=CARTESIAN_POINT('',(2.4297072887420654,8.4954833984375,0));
#227=VERTEX_POINT('',#226);
#228=CARTESIAN_POINT('',(3.4932873249053955,7.005300045013428,0));
#229=VERTEX_POINT('',#228);
#230=CARTESIAN_POINT('',(2.993041515350342,8.740174293518066,0));
#231=VERTEX_POINT('',#230);
#232=CARTESIAN_POINT('',(3.9311656951904297,7.13939905166626,0));
#233=VERTEX_POINT('',#232);
#234=CARTESIAN_POINT('',(3.5844476222991943,8.905878067016602,0));
#235=VERTEX_POINT('',#234);
#236=CARTESIAN_POINT('',(4.385408401489258,7.197566986083984,0));
#237=VERTEX_POINT('',#236);
#238=CARTESIAN_POINT('',(4.192908763885498,8.989509582519531,0));
#239=VERTEX_POINT('',#238);
#240=CARTESIAN_POINT('',(4.842947959899902,7.178131103515625,0));
#241=VERTEX_POINT('',#240);
#242=CARTESIAN_POINT('',(0.1668720543384552,5.714085102081299,0));
#243=VERTEX_POINT('',#242);
#244=CARTESIAN_POINT('',(0.37254905700683594,6.292804718017578,0));
#245=VERTEX_POINT('',#244);
#246=CARTESIAN_POINT('',(2.1428616046905518,5.816776275634766,0));
#247=VERTEX_POINT('',#246);
#248=CARTESIAN_POINT('',(0.6551125645637512,6.838127613067627,0));
#249=VERTEX_POINT('',#248);
#250=CARTESIAN_POINT('',(2.3993031978607178,6.196193695068359,0));
#251=VERTEX_POINT('',#250);
#252=CARTESIAN_POINT('',(1.0092989206314087,7.339895248413086,0));
#253=VERTEX_POINT('',#252);
#254=CARTESIAN_POINT('',(2.7161781787872314,6.526814937591553,0));
#255=VERTEX_POINT('',#254);
#256=CARTESIAN_POINT('',(1.4285107851028442,7.788761615753174,0));
#257=VERTEX_POINT('',#256);
#258=CARTESIAN_POINT('',(1.9049383401870728,8.176363945007324,0));
#259=VERTEX_POINT('',#258);
#260=CARTESIAN_POINT('',(5.290621280670166,1.9183496236801147,0));
#261=VERTEX_POINT('',#260);
#262=CARTESIAN_POINT('',(5.415551662445068,0.09412132203578949,0));
#263=VERTEX_POINT('',#262);
#264=CARTESIAN_POINT('',(4.842947959899902,1.8218685388565063,0));
#265=VERTEX_POINT('',#264);
#266=CARTESIAN_POINT('',(4.807090759277344,0.01049041748046875,0));
#267=VERTEX_POINT('',#266);
#268=CARTESIAN_POINT('',(4.385408401489258,1.8024325370788574,0));
#269=VERTEX_POINT('',#268);
#270=CARTESIAN_POINT('',(4.192908763885498,0.01049041748046875,0));
#271=VERTEX_POINT('',#270);
#272=CARTESIAN_POINT('',(3.9311656951904297,1.8606007099151611,0));
#273=VERTEX_POINT('',#272);
#274=CARTESIAN_POINT('',(3.5844476222991943,0.09412132203578949,0));
#275=VERTEX_POINT('',#274);
#276=CARTESIAN_POINT('',(3.4932873249053955,1.994699478149414,0));
#277=VERTEX_POINT('',#276);
#278=CARTESIAN_POINT('',(6.73697566986084,2.988067865371704,0));
#279=VERTEX_POINT('',#278);
#280=CARTESIAN_POINT('',(7.990700721740723,1.6601041555404663,0));
#281=VERTEX_POINT('',#280);
#282=CARTESIAN_POINT('',(6.449281215667725,2.6317648887634277,0));
#283=VERTEX_POINT('',#282);
#284=CARTESIAN_POINT('',(7.571488857269287,1.211237907409668,0));
#285=VERTEX_POINT('',#284);
#286=CARTESIAN_POINT('',(6.105509281158447,2.329207420349121,0));
#287=VERTEX_POINT('',#286);
#288=CARTESIAN_POINT('',(7.095061302185059,0.8236353993415833,0));
#289=VERTEX_POINT('',#288);
#290=CARTESIAN_POINT('',(5.715549945831299,2.089099884033203,0));
#291=VERTEX_POINT('',#290);
#292=CARTESIAN_POINT('',(6.5702924728393555,0.5045165419578552,0));
#293=VERTEX_POINT('',#292);
#294=CARTESIAN_POINT('',(6.0069580078125,0.2598254978656769,0));
#295=VERTEX_POINT('',#294);
#296=CARTESIAN_POINT('',(2.993041515350342,0.2598254978656769,0));
#297=VERTEX_POINT('',#296);
#298=CARTESIAN_POINT('',(2.4297072887420654,0.5045165419578552,0));
#299=VERTEX_POINT('',#298);
#300=CARTESIAN_POINT('',(3.0843701362609863,2.200871229171753,0));
#301=VERTEX_POINT('',#300);
#302=CARTESIAN_POINT('',(1.9049383401870728,0.8236353993415833,0));
#303=VERTEX_POINT('',#302);
#304=CARTESIAN_POINT('',(2.7161781787872314,2.473184585571289,0));
#305=VERTEX_POINT('',#304);
#306=CARTESIAN_POINT('',(1.4285107851028442,1.211237907409668,0));
#307=VERTEX_POINT('',#306);
#308=CARTESIAN_POINT('',(2.3993031978607178,2.8038058280944824,0));
#309=VERTEX_POINT('',#308);
#310=CARTESIAN_POINT('',(1.0092989206314087,1.6601041555404663,0));
#311=VERTEX_POINT('',#310);
#312=CARTESIAN_POINT('',(0.6551125645637512,2.161872148513794,0));
#313=VERTEX_POINT('',#312);
#314=CARTESIAN_POINT('',(6.449281215667725,6.368234634399414,0));
#315=VERTEX_POINT('',#314);
#316=CARTESIAN_POINT('',(7.990700721740723,7.339895248413086,0));
#317=VERTEX_POINT('',#316);
#318=CARTESIAN_POINT('',(6.73697566986084,6.011931896209717,0));
#319=VERTEX_POINT('',#318);
#320=CARTESIAN_POINT('',(8.344886779785156,6.838127613067627,0));
#321=VERTEX_POINT('',#320);
#322=CARTESIAN_POINT('',(6.9603166580200195,5.612133026123047,0));
#323=VERTEX_POINT('',#322);
#324=CARTESIAN_POINT('',(8.627450942993164,6.292804718017578,0));
#325=VERTEX_POINT('',#324);
#326=CARTESIAN_POINT('',(7.112878799438477,5.180340766906738,0));
#327=VERTEX_POINT('',#326);
#328=CARTESIAN_POINT('',(8.833127975463867,5.714085102081299,0));
#329=VERTEX_POINT('',#328);
#330=CARTESIAN_POINT('',(7.190272808074951,4.728975772857666,0));
#331=VERTEX_POINT('',#330);
#332=CARTESIAN_POINT('',(8.958086013793945,5.1127495765686035,0));
#333=VERTEX_POINT('',#332);
#334=CARTESIAN_POINT('',(7.199999809265137,4.5,0));
#335=VERTEX_POINT('',#334);
#336=CARTESIAN_POINT('',(9,4.5,0));
#337=VERTEX_POINT('',#336);
#338=CARTESIAN_POINT('',(7.190272808074951,4.271023750305176,0));
#339=VERTEX_POINT('',#338);
#340=CARTESIAN_POINT('',(8.958086013793945,3.8872499465942383,0));
#341=VERTEX_POINT('',#340);
#342=CARTESIAN_POINT('',(7.112878799438477,3.8196589946746826,0));
#343=VERTEX_POINT('',#342);
#344=CARTESIAN_POINT('',(8.833127975463867,3.285914421081543,0));
#345=VERTEX_POINT('',#344);
#346=CARTESIAN_POINT('',(6.9603166580200195,3.387866497039795,0));
#347=VERTEX_POINT('',#346);
#348=CARTESIAN_POINT('',(8.627450942993164,2.7071948051452637,0));
#349=VERTEX_POINT('',#348);
#350=CARTESIAN_POINT('',(8.344886779785156,2.161872148513794,0));
#351=VERTEX_POINT('',#350);
#352=CARTESIAN_POINT('',(4.807090759277344,8.989509582519531,0));
#353=VERTEX_POINT('',#352);
#354=CARTESIAN_POINT('',(5.415551662445068,8.905878067016602,0));
#355=VERTEX_POINT('',#354);
#356=CARTESIAN_POINT('',(5.290621280670166,7.0816497802734375,0));
#357=VERTEX_POINT('',#356);
#358=CARTESIAN_POINT('',(6.0069580078125,8.740174293518066,0));
#359=VERTEX_POINT('',#358);
#360=CARTESIAN_POINT('',(5.715549945831299,6.910899639129639,0));
#361=VERTEX_POINT('',#360);
#362=CARTESIAN_POINT('',(6.5702924728393555,8.4954833984375,0));
#363=VERTEX_POINT('',#362);
#364=CARTESIAN_POINT('',(6.105509281158447,6.670792102813721,0));
#365=VERTEX_POINT('',#364);
#366=CARTESIAN_POINT('',(7.095061302185059,8.176363945007324,0));
#367=VERTEX_POINT('',#366);
#368=CARTESIAN_POINT('',(7.571488857269287,7.788761615753174,0));
#369=VERTEX_POINT('',#368);
#370=FACE_SURFACE('',(#375),#371,.T.);
#371=PLANE('',#372);
#372=AXIS2_PLACEMENT_3D('',#34,#373,#374);
#373=DIRECTION('',(-0,0,1));
#374=DIRECTION('',(0.31458961936300384,-0.9492277763471949,0));
#375=FACE_BOUND('',#376,.T.);
#376=EDGE_LOOP('',(#377,#378,#379));
#377=ORIENTED_EDGE('',*,*,#380,.T.);
#378=ORIENTED_EDGE('',*,*,#381,.T.);
#379=ORIENTED_EDGE('',*,*,#382,.T.);
#380=EDGE_CURVE('',#35,#37,#383,.F.);
#381=EDGE_CURVE('',#37,#39,#384,.T.);
#382=EDGE_CURVE('',#39,#35,#385,.T.);
#383=LINE('',#34,#386);
#384=LINE('',#36,#387);
#385=LINE('',#38,#388);
#386=VECTOR('',#389,1.0);
#387=VECTOR('',#390,1.0);
#388=VECTOR('',#391,1.0);
#389=DIRECTION('',(0.31458961936300384,-0.9492277763471949,0));
#390=DIRECTION('',(-0.06832392804568607,0.9976631900879215,0));
#391=DIRECTION('',(-0.9775551922472989,-0.21067948668616596,0));
#392=FACE_SURFACE('',(#397),#393,.T.);
#393=PLANE('',#394);
#394=AXIS2_PLACEMENT_3D('',#38,#395,#396);
#395=DIRECTION('',(0,0,1));
#396=DIRECTION('',(0.06832392804568607,-0.9976631900879215,0));
#397=FACE_BOUND('',#398,.T.);
#398=EDGE_LOOP('',(#399,#400,#401));
#399=ORIENTED_EDGE('',*,*,#402,.T.);
#400=ORIENTED_EDGE('',*,*,#403,.T.);
#401=ORIENTED_EDGE('',*,*,#404,.T.);
#402=EDGE_CURVE('',#39,#37,#405,.F.);
#403=EDGE_CURVE('',#37,#41,#406,.T.);
#404=EDGE_CURVE('',#41,#39,#407,.T.);
#405=LINE('',#38,#408);
#406=LINE('',#36,#409);
#407=LINE('',#40,#410);
#408=VECTOR('',#411,1.0);
#409=VECTOR('',#412,1.0);
#410=VECTOR('',#413,1.0);
#411=DIRECTION('',(0.06832392804568607,-0.9976631900879215,0));
#412=DIRECTION('',(0.9629173343196361,0.2697966035122867,0));
#413=DIRECTION('',(-0.39650872596995446,0.9180309527623148,0));
#414=FACE_SURFACE('',(#419),#415,.T.);
#415=PLANE('',#416);
#416=AXIS2_PLACEMENT_3D('',#38,#417,#418);
#417=DIRECTION('',(-0,0,1));
#418=DIRECTION('',(0.39650872596995446,-0.9180309527623148,0));
#419=FACE_BOUND('',#420,.T.);
#420=EDGE_LOOP('',(#421,#422,#423));
#421=ORIENTED_EDGE('',*,*,#424,.T.);
#422=ORIENTED_EDGE('',*,*,#425,.T.);
#423=ORIENTED_EDGE('',*,*,#426,.T.);
#424=EDGE_CURVE('',#39,#41,#427,.F.);
#425=EDGE_CURVE('',#41,#43,#428,.T.);
#426=EDGE_CURVE('',#43,#39,#429,.T.);
#427=LINE('',#38,#430);
#428=LINE('',#40,#431);
#429=LINE('',#42,#432);
#430=VECTOR('',#433,1.0);
#431=VECTOR('',#434,1.0);
#432=VECTOR('',#435,1.0);
#433=DIRECTION('',(0.39650872596995446,-0.9180309527623148,0));
#434=DIRECTION('',(-0.15731888506303324,0.9875478562593937,0));
#435=DIRECTION('',(-0.9278891188189076,-0.3728562500179809,0));
#436=FACE_SURFACE('',(#441),#437,.T.);
#437=PLANE('',#438);
#438=AXIS2_PLACEMENT_3D('',#42,#439,#440);
#439=DIRECTION('',(0,0,1));
#440=DIRECTION('',(0.15731888506303324,-0.9875478562593937,0));
#441=FACE_BOUND('',#442,.T.);
#442=EDGE_LOOP('',(#443,#444,#445));
#443=ORIENTED_EDGE('',*,*,#446,.T.);
#444=ORIENTED_EDGE('',*,*,#447,.T.);
#445=ORIENTED_EDGE('',*,*,#448,.T.);
#446=EDGE_CURVE('',#43,#41,#449,.F.);
#447=EDGE_CURVE('',#41,#45,#450,.T.);
#448=EDGE_CURVE('',#45,#43,#451,.T.);
#449=LINE('',#42,#452);
#450=LINE('',#40,#453);
#451=LINE('',#44,#454);
#452=VECTOR('',#455,1.0);
#453=VECTOR('',#456,1.0);
#454=VECTOR('',#457,1.0);
#455=DIRECTION('',(0.15731888506303324,-0.9875478562593937,0));
#456=DIRECTION('',(0.9172110899068177,0.39840157699480505,0));
#457=DIRECTION('',(-0.47474787115131367,0.880121843177009,0));
#458=FACE_SURFACE('',(#463),#459,.T.);
#459=PLANE('',#460);
#460=AXIS2_PLACEMENT_3D('',#42,#461,#462);
#461=DIRECTION('',(-0,0,1));
#462=DIRECTION('',(0.47474787115131367,-0.880121843177009,0));
#463=FACE_BOUND('',#464,.T.);
#464=EDGE_LOOP('',(#465,#466,#467));
#465=ORIENTED_EDGE('',*,*,#468,.T.);
#466=ORIENTED_EDGE('',*,*,#469,.T.);
#467=ORIENTED_EDGE('',*,*,#470,.T.);
#468=EDGE_CURVE('',#43,#45,#471,.F.);
#469=EDGE_CURVE('',#45,#47,#472,.T.);
#470=EDGE_CURVE('',#47,#43,#473,.T.);
#471=LINE('',#42,#474);
#472=LINE('',#44,#475);
#473=LINE('',#46,#476);
#474=VECTOR('',#477,1.0);
#475=VECTOR('',#478,1.0);
#476=VECTOR('',#479,1.0);
#477=DIRECTION('',(0.47474787115131367,-0.880121843177009,0));
#478=DIRECTION('',(-0.246837097427811,0.9690569886923128,0));
#479=DIRECTION('',(-0.8515290878625484,-0.5243073645524886,0));
#480=FACE_SURFACE('',(#485),#481,.T.);
#481=PLANE('',#482);
#482=AXIS2_PLACEMENT_3D('',#46,#483,#484);
#483=DIRECTION('',(0,0,1));
#484=DIRECTION('',(0.246837097427811,-0.9690569886923128,0));
#485=FACE_BOUND('',#486,.T.);
#486=EDGE_LOOP('',(#487,#488,#489));
#487=ORIENTED_EDGE('',*,*,#490,.T.);
#488=ORIENTED_EDGE('',*,*,#491,.T.);
#489=ORIENTED_EDGE('',*,*,#492,.T.);
#490=EDGE_CURVE('',#47,#45,#493,.F.);
#491=EDGE_CURVE('',#45,#49,#494,.T.);
#492=EDGE_CURVE('',#49,#47,#495,.T.);
#493=LINE('',#46,#496);
#494=LINE('',#44,#497);
#495=LINE('',#48,#498);
#496=VECTOR('',#499,1.0);
#497=VECTOR('',#500,1.0);
#498=VECTOR('',#501,1.0);
#499=DIRECTION('',(0.246837097427811,-0.9690569886923128,0));
#500=DIRECTION('',(0.8544195036117582,0.5195837871295031,0));
#501=DIRECTION('',(-0.5492461575616028,0.8356606119734344,0));
#502=FACE_SURFACE('',(#507),#503,.T.);
#503=PLANE('',#504);
#504=AXIS2_PLACEMENT_3D('',#46,#505,#506);
#505=DIRECTION('',(-0,0,1));
#506=DIRECTION('',(0.5492461575616028,-0.8356606119734344,0));
#507=FACE_BOUND('',#508,.T.);
#508=EDGE_LOOP('',(#509,#510,#511));
#509=ORIENTED_EDGE('',*,*,#512,.T.);
#510=ORIENTED_EDGE('',*,*,#513,.T.);
#511=ORIENTED_EDGE('',*,*,#514,.T.);
#512=EDGE_CURVE('',#47,#49,#515,.F.);
#513=EDGE_CURVE('',#49,#51,#516,.T.);
#514=EDGE_CURVE('',#51,#47,#517,.T.);
#515=LINE('',#46,#518);
#516=LINE('',#48,#519);
#517=LINE('',#50,#520);
#518=VECTOR('',#521,1.0);
#519=VECTOR('',#522,1.0);
#520=VECTOR('',#523,1.0);
#521=DIRECTION('',(0.5492461575616028,-0.8356606119734344,0));
#522=DIRECTION('',(-0.3363454295913162,0.9417386856198661,0));
#523=DIRECTION('',(-0.7506721832822891,-0.6606748619753905,0));
#524=FACE_SURFACE('',(#529),#525,.T.);
#525=PLANE('',#526);
#526=AXIS2_PLACEMENT_3D('',#52,#527,#528);
#527=DIRECTION('',(0,0,1));
#528=DIRECTION('',(-0.360041828898043,-0.9329361615050369,0));
#529=FACE_BOUND('',#530,.T.);
#530=EDGE_LOOP('',(#531,#532,#533));
#531=ORIENTED_EDGE('',*,*,#534,.T.);
#532=ORIENTED_EDGE('',*,*,#535,.T.);
#533=ORIENTED_EDGE('',*,*,#536,.T.);
#534=EDGE_CURVE('',#53,#55,#537,.F.);
#535=EDGE_CURVE('',#55,#57,#538,.T.);
#536=EDGE_CURVE('',#57,#53,#539,.T.);
#537=LINE('',#52,#540);
#538=LINE('',#54,#541);
#539=LINE('',#56,#542);
#540=VECTOR('',#543,1.0);
#541=VECTOR('',#544,1.0);
#542=VECTOR('',#545,1.0);
#543=DIRECTION('',(-0.360041828898043,-0.9329361615050369,0));
#544=DIRECTION('',(0.5809356652205303,0.8139494780849608,0));
#545=DIRECTION('',(-0.8929258207337217,0.45020381902757045,0));
#546=FACE_SURFACE('',(#551),#547,.T.);
#547=PLANE('',#548);
#548=AXIS2_PLACEMENT_3D('',#56,#549,#550);
#549=DIRECTION('',(0,0,1));
#550=DIRECTION('',(-0.5809356652205303,-0.8139494780849608,0));
#551=FACE_BOUND('',#552,.T.);
#552=EDGE_LOOP('',(#553,#554,#555));
#553=ORIENTED_EDGE('',*,*,#556,.T.);
#554=ORIENTED_EDGE('',*,*,#557,.T.);
#555=ORIENTED_EDGE('',*,*,#558,.T.);
#556=EDGE_CURVE('',#57,#55,#559,.F.);
#557=EDGE_CURVE('',#55,#59,#560,.T.);
#558=EDGE_CURVE('',#59,#57,#561,.T.);
#559=LINE('',#56,#562);
#560=LINE('',#54,#563);
#561=LINE('',#58,#564);
#562=VECTOR('',#565,1.0);
#563=VECTOR('',#566,1.0);
#564=VECTOR('',#567,1.0);
#565=DIRECTION('',(-0.5809356652205303,-0.8139494780849608,0));
#566=DIRECTION('',(0.9172110282919672,-0.39840171884618214,0));
#567=DIRECTION('',(0.2770591014550617,0.9608528785932391,0));
#568=FACE_SURFACE('',(#573),#569,.T.);
#569=PLANE('',#570);
#570=AXIS2_PLACEMENT_3D('',#56,#571,#572);
#571=DIRECTION('',(0,0,1));
#572=DIRECTION('',(-0.2770591014550617,-0.9608528785932391,0));
#573=FACE_BOUND('',#574,.T.);
#574=EDGE_LOOP('',(#575,#576,#577));
#575=ORIENTED_EDGE('',*,*,#578,.T.);
#576=ORIENTED_EDGE('',*,*,#579,.T.);
#577=ORIENTED_EDGE('',*,*,#580,.T.);
#578=EDGE_CURVE('',#57,#59,#581,.F.);
#579=EDGE_CURVE('',#59,#61,#582,.T.);
#580=EDGE_CURVE('',#61,#57,#583,.T.);
#581=LINE('',#56,#584);
#582=LINE('',#58,#585);
#583=LINE('',#60,#586);
#584=VECTOR('',#587,1.0);
#585=VECTOR('',#588,1.0);
#586=VECTOR('',#589,1.0);
#587=DIRECTION('',(-0.2770591014550617,-0.9608528785932391,0));
#588=DIRECTION('',(0.505614686995099,0.8627594034809751,0));
#589=DIRECTION('',(-0.9561667197217606,0.29282282031380025,0));
#590=FACE_SURFACE('',(#595),#591,.T.);
#591=PLANE('',#592);
#592=AXIS2_PLACEMENT_3D('',#60,#593,#594);
#593=DIRECTION('',(0,0,1));
#594=DIRECTION('',(-0.505614686995099,-0.8627594034809751,0));
#595=FACE_BOUND('',#596,.T.);
#596=EDGE_LOOP('',(#597,#598,#599));
#597=ORIENTED_EDGE('',*,*,#600,.T.);
#598=ORIENTED_EDGE('',*,*,#601,.T.);
#599=ORIENTED_EDGE('',*,*,#602,.T.);
#600=EDGE_CURVE('',#61,#59,#603,.F.);
#601=EDGE_CURVE('',#59,#63,#604,.T.);
#602=EDGE_CURVE('',#63,#61,#605,.T.);
#603=LINE('',#60,#606);
#604=LINE('',#58,#607);
#605=LINE('',#62,#608);
#606=VECTOR('',#609,1.0);
#607=VECTOR('',#610,1.0);
#608=VECTOR('',#611,1.0);
#609=DIRECTION('',(-0.505614686995099,-0.8627594034809751,0));
#610=DIRECTION('',(0.9629173060632694,-0.26979670436062797,0));
#611=DIRECTION('',(0.19260145109415616,0.9812770663968589,0));
#612=FACE_SURFACE('',(#617),#613,.T.);
#613=PLANE('',#614);
#614=AXIS2_PLACEMENT_3D('',#60,#615,#616);
#615=DIRECTION('',(0,0,1));
#616=DIRECTION('',(-0.19260145109415616,-0.9812770663968589,0));
#617=FACE_BOUND('',#618,.T.);
#618=EDGE_LOOP('',(#619,#620,#621));
#619=ORIENTED_EDGE('',*,*,#622,.T.);
#620=ORIENTED_EDGE('',*,*,#623,.T.);
#621=ORIENTED_EDGE('',*,*,#624,.T.);
#622=EDGE_CURVE('',#61,#63,#625,.F.);
#623=EDGE_CURVE('',#63,#65,#626,.T.);
#624=EDGE_CURVE('',#65,#61,#627,.T.);
#625=LINE('',#60,#628);
#626=LINE('',#62,#629);
#627=LINE('',#64,#630);
#628=VECTOR('',#631,1.0);
#629=VECTOR('',#632,1.0);
#630=VECTOR('',#633,1.0);
#631=DIRECTION('',(-0.19260145109415616,-0.9812770663968589,0));
#632=DIRECTION('',(0.4245163906553228,0.9054202527362515,0));
#633=DIRECTION('',(-0.9919004025956002,0.12701807481884703,0));
#634=FACE_SURFACE('',(#639),#635,.T.);
#635=PLANE('',#636);
#636=AXIS2_PLACEMENT_3D('',#64,#637,#638);
#637=DIRECTION('',(0,0,1));
#638=DIRECTION('',(-0.4245163906553228,-0.9054202527362515,0));
#639=FACE_BOUND('',#640,.T.);
#640=EDGE_LOOP('',(#641,#642,#643));
#641=ORIENTED_EDGE('',*,*,#644,.T.);
#642=ORIENTED_EDGE('',*,*,#645,.T.);
#643=ORIENTED_EDGE('',*,*,#646,.T.);
#644=EDGE_CURVE('',#65,#63,#647,.F.);
#645=EDGE_CURVE('',#63,#67,#648,.T.);
#646=EDGE_CURVE('',#67,#65,#649,.T.);
#647=LINE('',#64,#650);
#648=LINE('',#62,#651);
#649=LINE('',#66,#652);
#650=VECTOR('',#653,1.0);
#651=VECTOR('',#654,1.0);
#652=VECTOR('',#655,1.0);
#653=DIRECTION('',(-0.4245163906553228,-0.9054202527362515,0));
#654=DIRECTION('',(0.9906859799476915,-0.13616640237254676,0));
#655=DIRECTION('',(0.1068106046110276,0.9942793846513297,0));
#656=FACE_SURFACE('',(#661),#657,.T.);
#657=PLANE('',#658);
#658=AXIS2_PLACEMENT_3D('',#64,#659,#660);
#659=DIRECTION('',(-0,0,1));
#660=DIRECTION('',(-0.1068106046110276,-0.9942793846513297,0));
#661=FACE_BOUND('',#662,.T.);
#662=EDGE_LOOP('',(#663,#664,#665));
#663=ORIENTED_EDGE('',*,*,#666,.T.);
#664=ORIENTED_EDGE('',*,*,#667,.T.);
#665=ORIENTED_EDGE('',*,*,#668,.T.);
#666=EDGE_CURVE('',#65,#67,#669,.F.);
#667=EDGE_CURVE('',#67,#35,#670,.T.);
#668=EDGE_CURVE('',#35,#65,#671,.T.);
#669=LINE('',#64,#672);
#670=LINE('',#66,#673);
#671=LINE('',#34,#674);
#672=VECTOR('',#675,1.0);
#673=VECTOR('',#676,1.0);
#674=VECTOR('',#677,1.0);
#675=DIRECTION('',(-0.1068106046110276,-0.9942793846513297,0));
#676=DIRECTION('',(0.33777310371809793,0.9412275656846453,0));
#677=DIRECTION('',(-0.9990989699196512,-0.042441115742777674,0));
#678=FACE_SURFACE('',(#683),#679,.T.);
#679=PLANE('',#680);
#680=AXIS2_PLACEMENT_3D('',#34,#681,#682);
#681=DIRECTION('',(0,0,1));
#682=DIRECTION('',(-0.33777310371809793,-0.9412275656846453,0));
#683=FACE_BOUND('',#684,.T.);
#684=EDGE_LOOP('',(#685,#686,#687));
#685=ORIENTED_EDGE('',*,*,#688,.T.);
#686=ORIENTED_EDGE('',*,*,#689,.T.);
#687=ORIENTED_EDGE('',*,*,#690,.T.);
#688=EDGE_CURVE('',#35,#67,#691,.F.);
#689=EDGE_CURVE('',#67,#69,#692,.T.);
#690=EDGE_CURVE('',#69,#35,#693,.T.);
#691=LINE('',#34,#694);
#692=LINE('',#66,#695);
#693=LINE('',#68,#696);
#694=VECTOR('',#697,1.0);
#695=VECTOR('',#698,1.0);
#696=VECTOR('',#699,1.0);
#697=DIRECTION('',(-0.33777310371809793,-0.9412275656846453,0));
#698=DIRECTION('',(1,0,0));
#699=DIRECTION('',(0.019791658463895207,0.9998041259443013,0));
#700=FACE_SURFACE('',(#705),#701,.T.);
#701=PLANE('',#702);
#702=AXIS2_PLACEMENT_3D('',#34,#703,#704);
#703=DIRECTION('',(0,0,1));
#704=DIRECTION('',(-0.019791658463895207,-0.9998041259443013,0));
#705=FACE_BOUND('',#706,.T.);
#706=EDGE_LOOP('',(#707,#708,#709));
#707=ORIENTED_EDGE('',*,*,#710,.T.);
#708=ORIENTED_EDGE('',*,*,#711,.T.);
#709=ORIENTED_EDGE('',*,*,#712,.T.);
#710=EDGE_CURVE('',#35,#69,#713,.F.);
#711=EDGE_CURVE('',#69,#37,#714,.T.);
#712=EDGE_CURVE('',#37,#35,#715,.T.);
#713=LINE('',#34,#716);
#714=LINE('',#68,#717);
#715=LINE('',#36,#718);
#716=VECTOR('',#719,1.0);
#717=VECTOR('',#720,1.0);
#718=VECTOR('',#721,1.0);
#719=DIRECTION('',(-0.019791658463895207,-0.9998041259443013,0));
#720=DIRECTION('',(0.990685972750162,0.1361664547385478,0));
#721=DIRECTION('',(-0.31458961936300384,0.9492277763471949,0));
#722=FACE_SURFACE('',(#727),#723,.T.);
#723=PLANE('',#724);
#724=AXIS2_PLACEMENT_3D('',#70,#725,#726);
#725=DIRECTION('',(0,0,1));
#726=DIRECTION('',(-0.8707199612834396,-0.491779166926137,0));
#727=FACE_BOUND('',#728,.T.);
#728=EDGE_LOOP('',(#729,#730,#731));
#729=ORIENTED_EDGE('',*,*,#732,.T.);
#730=ORIENTED_EDGE('',*,*,#733,.T.);
#731=ORIENTED_EDGE('',*,*,#734,.T.);
#732=EDGE_CURVE('',#71,#73,#735,.F.);
#733=EDGE_CURVE('',#73,#75,#736,.T.);
#734=EDGE_CURVE('',#75,#71,#737,.T.);
#735=LINE('',#70,#738);
#736=LINE('',#72,#739);
#737=LINE('',#74,#740);
#738=VECTOR('',#741,1.0);
#739=VECTOR('',#742,1.0);
#740=VECTOR('',#743,1.0);
#741=DIRECTION('',(-0.8707199612834396,-0.491779166926137,0));
#742=DIRECTION('',(0.9656970426722408,0.25967137265029533,0));
#743=DIRECTION('',(-0.4119012309392272,0.9112284982103828,0));
#744=FACE_SURFACE('',(#749),#745,.T.);
#745=PLANE('',#746);
#746=AXIS2_PLACEMENT_3D('',#74,#747,#748);
#747=DIRECTION('',(0,0,1));
#748=DIRECTION('',(-0.9656970426722408,-0.25967137265029533,0));
#749=FACE_BOUND('',#750,.T.);
#750=EDGE_LOOP('',(#751,#752,#753));
#751=ORIENTED_EDGE('',*,*,#754,.T.);
#752=ORIENTED_EDGE('',*,*,#755,.T.);
#753=ORIENTED_EDGE('',*,*,#756,.T.);
#754=EDGE_CURVE('',#75,#73,#757,.F.);
#755=EDGE_CURVE('',#73,#77,#758,.T.);
#756=EDGE_CURVE('',#77,#75,#759,.T.);
#757=LINE('',#74,#760);
#758=LINE('',#72,#761);
#759=LINE('',#76,#762);
#760=VECTOR('',#763,1.0);
#761=VECTOR('',#764,1.0);
#762=VECTOR('',#765,1.0);
#763=DIRECTION('',(-0.9656970426722408,-0.25967137265029533,0));
#764=DIRECTION('',(0.4600651432930703,-0.8878851637045901,0));
#765=DIRECTION('',(0.8244236073799351,0.56597324635945,0));
#766=FACE_SURFACE('',(#771),#767,.T.);
#767=PLANE('',#768);
#768=AXIS2_PLACEMENT_3D('',#74,#769,#770);
#769=DIRECTION('',(0,0,1));
#770=DIRECTION('',(-0.8244236073799351,-0.56597324635945,0));
#771=FACE_BOUND('',#772,.T.);
#772=EDGE_LOOP('',(#773,#774,#775));
#773=ORIENTED_EDGE('',*,*,#776,.T.);
#774=ORIENTED_EDGE('',*,*,#777,.T.);
#775=ORIENTED_EDGE('',*,*,#778,.T.);
#776=EDGE_CURVE('',#75,#77,#779,.F.);
#777=EDGE_CURVE('',#77,#79,#780,.T.);
#778=EDGE_CURVE('',#79,#75,#781,.T.);
#779=LINE('',#74,#782);
#780=LINE('',#76,#783);
#781=LINE('',#78,#784);
#782=VECTOR('',#785,1.0);
#783=VECTOR('',#786,1.0);
#784=VECTOR('',#787,1.0);
#785=DIRECTION('',(-0.8244236073799351,-0.56597324635945,0));
#786=DIRECTION('',(0.9384587599332773,0.34539130838006804,0));
#787=DIRECTION('',(-0.5599748089264374,0.8285096338412729,0));
#788=FACE_SURFACE('',(#793),#789,.T.);
#789=PLANE('',#790);
#790=AXIS2_PLACEMENT_3D('',#78,#791,#792);
#791=DIRECTION('',(0,0,1));
#792=DIRECTION('',(-0.9384587599332773,-0.34539130838006804,0));
#793=FACE_BOUND('',#794,.T.);
#794=EDGE_LOOP('',(#795,#796,#797));
#795=ORIENTED_EDGE('',*,*,#798,.T.);
#796=ORIENTED_EDGE('',*,*,#799,.T.);
#797=ORIENTED_EDGE('',*,*,#800,.T.);
#798=EDGE_CURVE('',#79,#77,#801,.F.);
#799=EDGE_CURVE('',#77,#81,#802,.T.);
#800=EDGE_CURVE('',#81,#79,#803,.T.);
#801=LINE('',#78,#804);
#802=LINE('',#76,#805);
#803=LINE('',#80,#806);
#804=VECTOR('',#807,1.0);
#805=VECTOR('',#808,1.0);
#806=VECTOR('',#809,1.0);
#807=DIRECTION('',(-0.9384587599332773,-0.34539130838006804,0));
#808=DIRECTION('',(0.5766801380285078,-0.8169700229527526,0));
#809=DIRECTION('',(0.7722048876440599,0.6353735999383551,0));
#810=FACE_SURFACE('',(#815),#811,.T.);
#811=PLANE('',#812);
#812=AXIS2_PLACEMENT_3D('',#78,#813,#814);
#813=DIRECTION('',(0,0,1));
#814=DIRECTION('',(-0.7722048876440599,-0.6353735999383551,0));
#815=FACE_BOUND('',#816,.T.);
#816=EDGE_LOOP('',(#817,#818,#819));
#817=ORIENTED_EDGE('',*,*,#820,.T.);
#818=ORIENTED_EDGE('',*,*,#821,.T.);
#819=ORIENTED_EDGE('',*,*,#822,.T.);
#820=EDGE_CURVE('',#79,#81,#823,.F.);
#821=EDGE_CURVE('',#81,#83,#824,.T.);
#822=EDGE_CURVE('',#83,#79,#825,.T.);
#823=LINE('',#78,#826);
#824=LINE('',#80,#827);
#825=LINE('',#82,#828);
#826=VECTOR('',#829,1.0);
#827=VECTOR('',#830,1.0);
#828=VECTOR('',#831,1.0);
#829=DIRECTION('',(-0.7722048876440599,-0.6353735999383551,0));
#830=DIRECTION('',(0.9028028628178816,0.43005463709607555,0));
#831=DIRECTION('',(-0.6919390816302653,0.7219558901433417,0));
#832=FACE_SURFACE('',(#837),#833,.T.);
#833=PLANE('',#834);
#834=AXIS2_PLACEMENT_3D('',#82,#835,#836);
#835=DIRECTION('',(0,0,1));
#836=DIRECTION('',(-0.9028028628178816,-0.43005463709607555,0));
#837=FACE_BOUND('',#838,.T.);
#838=EDGE_LOOP('',(#839,#840,#841));
#839=ORIENTED_EDGE('',*,*,#842,.T.);
#840=ORIENTED_EDGE('',*,*,#843,.T.);
#841=ORIENTED_EDGE('',*,*,#844,.T.);
#842=EDGE_CURVE('',#83,#81,#845,.F.);
#843=EDGE_CURVE('',#81,#85,#846,.T.);
#844=EDGE_CURVE('',#85,#83,#847,.T.);
#845=LINE('',#82,#848);
#846=LINE('',#80,#849);
#847=LINE('',#84,#850);
#848=VECTOR('',#851,1.0);
#849=VECTOR('',#852,1.0);
#850=VECTOR('',#853,1.0);
#851=DIRECTION('',(-0.9028028628178816,-0.43005463709607555,0));
#852=DIRECTION('',(0.6825531892231297,-0.7308359213129404,0));
#853=DIRECTION('',(0.7142037911743937,0.6999378148608083,0));
#854=FACE_SURFACE('',(#859),#855,.T.);
#855=PLANE('',#856);
#856=AXIS2_PLACEMENT_3D('',#82,#857,#858);
#857=DIRECTION('',(0,0,1));
#858=DIRECTION('',(-0.7142037911743937,-0.6999378148608083,0));
#859=FACE_BOUND('',#860,.T.);
#860=EDGE_LOOP('',(#861,#862,#863));
#861=ORIENTED_EDGE('',*,*,#864,.T.);
#862=ORIENTED_EDGE('',*,*,#865,.T.);
#863=ORIENTED_EDGE('',*,*,#866,.T.);
#864=EDGE_CURVE('',#83,#85,#867,.F.);
#865=EDGE_CURVE('',#85,#53,#868,.T.);
#866=EDGE_CURVE('',#53,#83,#869,.T.);
#867=LINE('',#82,#870);
#868=LINE('',#84,#871);
#869=LINE('',#52,#872);
#870=VECTOR('',#873,1.0);
#871=VECTOR('',#874,1.0);
#872=VECTOR('',#875,1.0);
#873=DIRECTION('',(-0.7142037911743937,-0.6999378148608083,0));
#874=DIRECTION('',(0.8583795325780034,0.5130151830610558,0));
#875=DIRECTION('',(-0.8039971252464477,0.59463318322765,0));
#876=FACE_SURFACE('',(#881),#877,.T.);
#877=PLANE('',#878);
#878=AXIS2_PLACEMENT_3D('',#52,#879,#880);
#879=DIRECTION('',(0,0,1));
#880=DIRECTION('',(-0.8583795325780034,-0.5130151830610558,0));
#881=FACE_BOUND('',#882,.T.);
#882=EDGE_LOOP('',(#883,#884,#885));
#883=ORIENTED_EDGE('',*,*,#886,.T.);
#884=ORIENTED_EDGE('',*,*,#887,.T.);
#885=ORIENTED_EDGE('',*,*,#888,.T.);
#886=EDGE_CURVE('',#53,#85,#889,.F.);
#887=EDGE_CURVE('',#85,#87,#890,.T.);
#888=EDGE_CURVE('',#87,#53,#891,.T.);
#889=LINE('',#52,#892);
#890=LINE('',#84,#893);
#891=LINE('',#86,#894);
#892=VECTOR('',#895,1.0);
#893=VECTOR('',#896,1.0);
#894=VECTOR('',#897,1.0);
#895=DIRECTION('',(-0.8583795325780034,-0.5130151830610558,0));
#896=DIRECTION('',(0.7757113364752168,-0.6310878880661812,0));
#897=DIRECTION('',(0.650455564672171,0.7595443096929942,0));
#898=FACE_SURFACE('',(#903),#899,.T.);
#899=PLANE('',#900);
#900=AXIS2_PLACEMENT_3D('',#52,#901,#902);
#901=DIRECTION('',(0,0,1));
#902=DIRECTION('',(-0.650455564672171,-0.7595443096929942,0));
#903=FACE_BOUND('',#904,.T.);
#904=EDGE_LOOP('',(#905,#906,#907));
#905=ORIENTED_EDGE('',*,*,#908,.T.);
#906=ORIENTED_EDGE('',*,*,#909,.T.);
#907=ORIENTED_EDGE('',*,*,#910,.T.);
#908=EDGE_CURVE('',#53,#87,#911,.F.);
#909=EDGE_CURVE('',#87,#55,#912,.T.);
#910=EDGE_CURVE('',#55,#53,#913,.T.);
#911=LINE('',#52,#914);
#912=LINE('',#86,#915);
#913=LINE('',#54,#916);
#914=VECTOR('',#917,1.0);
#915=VECTOR('',#918,1.0);
#916=VECTOR('',#919,1.0);
#917=DIRECTION('',(-0.650455564672171,-0.7595443096929942,0));
#918=DIRECTION('',(0.8544195560109147,-0.5195837009627142,0));
#919=DIRECTION('',(0.360041828898043,0.9329361615050369,0));
#920=FACE_SURFACE('',(#925),#921,.T.);
#921=PLANE('',#922);
#922=AXIS2_PLACEMENT_3D('',#88,#923,#924);
#923=DIRECTION('',(0,0,1));
#924=DIRECTION('',(-0.9656970752856302,0.2596712513636807,0));
#925=FACE_BOUND('',#926,.T.);
#926=EDGE_LOOP('',(#927,#928,#929));
#927=ORIENTED_EDGE('',*,*,#930,.T.);
#928=ORIENTED_EDGE('',*,*,#931,.T.);
#929=ORIENTED_EDGE('',*,*,#932,.T.);
#930=EDGE_CURVE('',#89,#91,#933,.F.);
#931=EDGE_CURVE('',#91,#93,#934,.T.);
#932=EDGE_CURVE('',#93,#89,#935,.T.);
#933=LINE('',#88,#936);
#934=LINE('',#90,#937);
#935=LINE('',#92,#938);
#936=VECTOR('',#939,1.0);
#937=VECTOR('',#940,1.0);
#938=VECTOR('',#941,1.0);
#939=DIRECTION('',(-0.9656970752856302,0.2596712513636807,0));
#940=DIRECTION('',(0.8707200174849702,-0.49177906741846295,0));
#941=DIRECTION('',(0.4119012309392272,0.9112284982103828,0));
#942=FACE_SURFACE('',(#947),#943,.T.);
#943=PLANE('',#944);
#944=AXIS2_PLACEMENT_3D('',#92,#945,#946);
#945=DIRECTION('',(0,0,1));
#946=DIRECTION('',(-0.8707200174849702,0.49177906741846295,0));
#947=FACE_BOUND('',#948,.T.);
#948=EDGE_LOOP('',(#949,#950,#951));
#949=ORIENTED_EDGE('',*,*,#952,.T.);
#950=ORIENTED_EDGE('',*,*,#953,.T.);
#951=ORIENTED_EDGE('',*,*,#954,.T.);
#952=EDGE_CURVE('',#93,#91,#955,.F.);
#953=EDGE_CURVE('',#91,#95,#956,.T.);
#954=EDGE_CURVE('',#95,#93,#957,.T.);
#955=LINE('',#92,#958);
#956=LINE('',#90,#959);
#957=LINE('',#94,#960);
#958=VECTOR('',#961,1.0);
#959=VECTOR('',#962,1.0);
#960=VECTOR('',#963,1.0);
#961=DIRECTION('',(-0.8707200174849702,0.49177906741846295,0));
#962=DIRECTION('',(-0.334879614706145,-0.9422609212178248,0));
#963=DIRECTION('',(0.9848597163683439,-0.17335322054944716,0));
#964=FACE_SURFACE('',(#969),#965,.T.);
#965=PLANE('',#966);
#966=AXIS2_PLACEMENT_3D('',#92,#967,#968);
#967=DIRECTION('',(0,0,1));
#968=DIRECTION('',(-0.9848597163683439,0.17335322054944716,0));
#969=FACE_BOUND('',#970,.T.);
#970=EDGE_LOOP('',(#971,#972,#973));
#971=ORIENTED_EDGE('',*,*,#974,.T.);
#972=ORIENTED_EDGE('',*,*,#975,.T.);
#973=ORIENTED_EDGE('',*,*,#976,.T.);
#974=EDGE_CURVE('',#93,#95,#977,.F.);
#975=EDGE_CURVE('',#95,#97,#978,.T.);
#976=EDGE_CURVE('',#97,#93,#979,.T.);
#977=LINE('',#92,#980);
#978=LINE('',#94,#981);
#979=LINE('',#96,#982);
#980=VECTOR('',#983,1.0);
#981=VECTOR('',#984,1.0);
#982=VECTOR('',#985,1.0);
#983=DIRECTION('',(-0.9848597163683439,0.17335322054944716,0));
#984=DIRECTION('',(0.9108176256042668,-0.41280897869184685,0));
#985=DIRECTION('',(0.2519780608196199,0.967732947080745,0));
#986=FACE_SURFACE('',(#991),#987,.T.);
#987=PLANE('',#988);
#988=AXIS2_PLACEMENT_3D('',#96,#989,#990);
#989=DIRECTION('',(0,0,1));
#990=DIRECTION('',(-0.9108176256042668,0.41280897869184685,0));
#991=FACE_BOUND('',#992,.T.);
#992=EDGE_LOOP('',(#993,#994,#995));
#993=ORIENTED_EDGE('',*,*,#996,.T.);
#994=ORIENTED_EDGE('',*,*,#997,.T.);
#995=ORIENTED_EDGE('',*,*,#998,.T.);
#996=EDGE_CURVE('',#97,#95,#999,.F.);
#997=EDGE_CURVE('',#95,#99,#1000,.T.);
#998=EDGE_CURVE('',#99,#97,#1001,.T.);
#999=LINE('',#96,#1002);
#1000=LINE('',#94,#1003);
#1001=LINE('',#98,#1004);
#1002=VECTOR('',#1005,1.0);
#1003=VECTOR('',#1006,1.0);
#1004=VECTOR('',#1007,1.0);
#1005=DIRECTION('',(-0.9108176256042668,0.41280897869184685,0));
#1006=DIRECTION('',(-0.2034557852242214,-0.9790841350255838,0));
#1007=DIRECTION('',(0.99623133887073,-0.08673591788776254,0));
#1008=FACE_SURFACE('',(#1013),#1009,.T.);
#1009=PLANE('',#1010);
#1010=AXIS2_PLACEMENT_3D('',#96,#1011,#1012);
#1011=DIRECTION('',(0,0,1));
#1012=DIRECTION('',(-0.99623133887073,0.08673591788776254,0));
#1013=FACE_BOUND('',#1014,.T.);
#1014=EDGE_LOOP('',(#1015,#1016,#1017));
#1015=ORIENTED_EDGE('',*,*,#1018,.T.);
#1016=ORIENTED_EDGE('',*,*,#1019,.T.);
#1017=ORIENTED_EDGE('',*,*,#1020,.T.);
#1018=EDGE_CURVE('',#97,#99,#1021,.F.);
#1019=EDGE_CURVE('',#99,#101,#1022,.T.);
#1020=EDGE_CURVE('',#101,#97,#1023,.T.);
#1021=LINE('',#96,#1024);
#1022=LINE('',#98,#1025);
#1023=LINE('',#100,#1026);
#1024=VECTOR('',#1027,1.0);
#1025=VECTOR('',#1028,1.0);
#1026=VECTOR('',#1029,1.0);
#1027=DIRECTION('',(-0.99623133887073,0.08673591788776254,0));
#1028=DIRECTION('',(0.9442897462258176,-0.32911529161189224,0));
#1029=DIRECTION('',(0.0848060054106474,0.9963974816539277,0));
#1030=FACE_SURFACE('',(#1035),#1031,.T.);
#1031=PLANE('',#1032);
#1032=AXIS2_PLACEMENT_3D('',#100,#1033,#1034);
#1033=DIRECTION('',(0,0,1));
#1034=DIRECTION('',(-0.9442897462258176,0.32911529161189224,0));
#1035=FACE_BOUND('',#1036,.T.);
#1036=EDGE_LOOP('',(#1037,#1038,#1039));
#1037=ORIENTED_EDGE('',*,*,#1040,.T.);
#1038=ORIENTED_EDGE('',*,*,#1041,.T.);
#1039=ORIENTED_EDGE('',*,*,#1042,.T.);
#1040=EDGE_CURVE('',#101,#99,#1043,.F.);
#1041=EDGE_CURVE('',#99,#103,#1044,.T.);
#1042=EDGE_CURVE('',#103,#101,#1045,.T.);
#1043=LINE('',#100,#1046);
#1044=LINE('',#98,#1047);
#1045=LINE('',#102,#1048);
#1046=VECTOR('',#1049,1.0);
#1047=VECTOR('',#1050,1.0);
#1048=VECTOR('',#1051,1.0);
#1049=DIRECTION('',(-0.9442897462258176,0.32911529161189224,0));
#1050=DIRECTION('',(-0.06824244880180418,-0.9976687667665722,0));
#1051=DIRECTION('',(1,0,0));
#1052=FACE_SURFACE('',(#1057),#1053,.T.);
#1053=PLANE('',#1054);
#1054=AXIS2_PLACEMENT_3D('',#100,#1055,#1056);
#1055=DIRECTION('',(0,0,1));
#1056=DIRECTION('',(-1,0,0));
#1057=FACE_BOUND('',#1058,.T.);
#1058=EDGE_LOOP('',(#1059,#1060,#1061));
#1059=ORIENTED_EDGE('',*,*,#1062,.T.);
#1060=ORIENTED_EDGE('',*,*,#1063,.T.);
#1061=ORIENTED_EDGE('',*,*,#1064,.T.);
#1062=EDGE_CURVE('',#101,#103,#1065,.F.);
#1063=EDGE_CURVE('',#103,#105,#1066,.T.);
#1064=EDGE_CURVE('',#105,#101,#1067,.T.);
#1065=LINE('',#100,#1068);
#1066=LINE('',#102,#1069);
#1067=LINE('',#104,#1070);
#1068=VECTOR('',#1071,1.0);
#1069=VECTOR('',#1072,1.0);
#1070=VECTOR('',#1073,1.0);
#1071=DIRECTION('',(-1,0,0));
#1072=DIRECTION('',(0.9705640895362911,-0.24084299471354856,0));
#1073=DIRECTION('',(-0.08480591742558194,0.9963974891425638,0));
#1074=FACE_SURFACE('',(#1079),#1075,.T.);
#1075=PLANE('',#1076);
#1076=AXIS2_PLACEMENT_3D('',#104,#1077,#1078);
#1077=DIRECTION('',(0,0,1));
#1078=DIRECTION('',(-0.9705640895362911,0.24084299471354856,0));
#1079=FACE_BOUND('',#1080,.T.);
#1080=EDGE_LOOP('',(#1081,#1082,#1083));
#1081=ORIENTED_EDGE('',*,*,#1084,.T.);
#1082=ORIENTED_EDGE('',*,*,#1085,.T.);
#1083=ORIENTED_EDGE('',*,*,#1086,.T.);
#1084=EDGE_CURVE('',#105,#103,#1087,.F.);
#1085=EDGE_CURVE('',#103,#107,#1088,.T.);
#1086=EDGE_CURVE('',#107,#105,#1089,.T.);
#1087=LINE('',#104,#1090);
#1088=LINE('',#102,#1091);
#1089=LINE('',#106,#1092);
#1090=VECTOR('',#1093,1.0);
#1091=VECTOR('',#1094,1.0);
#1092=VECTOR('',#1095,1.0);
#1093=DIRECTION('',(-0.9705640895362911,0.24084299471354856,0));
#1094=DIRECTION('',(0.06824239594339472,-0.997668770382187,0));
#1095=DIRECTION('',(0.99623133887073,0.08673591788776254,0));
#1096=FACE_SURFACE('',(#1101),#1097,.T.);
#1097=PLANE('',#1098);
#1098=AXIS2_PLACEMENT_3D('',#104,#1099,#1100);
#1099=DIRECTION('',(0,0,1));
#1100=DIRECTION('',(-0.99623133887073,-0.08673591788776254,0));
#1101=FACE_BOUND('',#1102,.T.);
#1102=EDGE_LOOP('',(#1103,#1104,#1105));
#1103=ORIENTED_EDGE('',*,*,#1106,.T.);
#1104=ORIENTED_EDGE('',*,*,#1107,.T.);
#1105=ORIENTED_EDGE('',*,*,#1108,.T.);
#1106=EDGE_CURVE('',#105,#107,#1109,.F.);
#1107=EDGE_CURVE('',#107,#71,#1110,.T.);
#1108=EDGE_CURVE('',#71,#105,#1111,.T.);
#1109=LINE('',#104,#1112);
#1110=LINE('',#106,#1113);
#1111=LINE('',#70,#1114);
#1112=VECTOR('',#1115,1.0);
#1113=VECTOR('',#1116,1.0);
#1114=VECTOR('',#1117,1.0);
#1115=DIRECTION('',(-0.99623133887073,-0.08673591788776254,0));
#1116=DIRECTION('',(0.988945450754522,-0.14827978767160152,0));
#1117=DIRECTION('',(-0.25197818777132186,0.9677329140250839,0));
#1118=FACE_SURFACE('',(#1123),#1119,.T.);
#1119=PLANE('',#1120);
#1120=AXIS2_PLACEMENT_3D('',#70,#1121,#1122);
#1121=DIRECTION('',(0,0,1));
#1122=DIRECTION('',(-0.988945450754522,0.14827978767160152,0));
#1123=FACE_BOUND('',#1124,.T.);
#1124=EDGE_LOOP('',(#1125,#1126,#1127));
#1125=ORIENTED_EDGE('',*,*,#1128,.T.);
#1126=ORIENTED_EDGE('',*,*,#1129,.T.);
#1127=ORIENTED_EDGE('',*,*,#1130,.T.);
#1128=EDGE_CURVE('',#71,#107,#1131,.F.);
#1129=EDGE_CURVE('',#107,#109,#1132,.T.);
#1130=EDGE_CURVE('',#109,#71,#1133,.T.);
#1131=LINE('',#70,#1134);
#1132=LINE('',#106,#1135);
#1133=LINE('',#108,#1136);
#1134=VECTOR('',#1137,1.0);
#1135=VECTOR('',#1138,1.0);
#1136=VECTOR('',#1139,1.0);
#1137=DIRECTION('',(-0.988945450754522,0.14827978767160152,0));
#1138=DIRECTION('',(0.2034557852242214,-0.9790841350255838,0));
#1139=DIRECTION('',(0.9848596939393801,0.17335334797352667,0));
#1140=FACE_SURFACE('',(#1145),#1141,.T.);
#1141=PLANE('',#1142);
#1142=AXIS2_PLACEMENT_3D('',#70,#1143,#1144);
#1143=DIRECTION('',(0,0,1));
#1144=DIRECTION('',(-0.9848596939393801,-0.17335334797352667,0));
#1145=FACE_BOUND('',#1146,.T.);
#1146=EDGE_LOOP('',(#1147,#1148,#1149));
#1147=ORIENTED_EDGE('',*,*,#1150,.T.);
#1148=ORIENTED_EDGE('',*,*,#1151,.T.);
#1149=ORIENTED_EDGE('',*,*,#1152,.T.);
#1150=EDGE_CURVE('',#71,#109,#1153,.F.);
#1151=EDGE_CURVE('',#109,#73,#1154,.T.);
#1152=EDGE_CURVE('',#73,#71,#1155,.T.);
#1153=LINE('',#70,#1156);
#1154=LINE('',#108,#1157);
#1155=LINE('',#72,#1158);
#1156=VECTOR('',#1159,1.0);
#1157=VECTOR('',#1160,1.0);
#1158=VECTOR('',#1161,1.0);
#1159=DIRECTION('',(-0.9848596939393801,-0.17335334797352667,0));
#1160=DIRECTION('',(0.334879614706145,-0.9422609212178248,0));
#1161=DIRECTION('',(0.8707199612834396,0.491779166926137,0));
#1162=FACE_SURFACE('',(#1167),#1163,.T.);
#1163=PLANE('',#1164);
#1164=AXIS2_PLACEMENT_3D('',#110,#1165,#1166);
#1165=DIRECTION('',(0,0,1));
#1166=DIRECTION('',(-0.5809355574595741,0.813949554996582,0));
#1167=FACE_BOUND('',#1168,.T.);
#1168=EDGE_LOOP('',(#1169,#1170,#1171));
#1169=ORIENTED_EDGE('',*,*,#1172,.T.);
#1170=ORIENTED_EDGE('',*,*,#1173,.T.);
#1171=ORIENTED_EDGE('',*,*,#1174,.T.);
#1172=EDGE_CURVE('',#111,#113,#1175,.F.);
#1173=EDGE_CURVE('',#113,#115,#1176,.T.);
#1174=EDGE_CURVE('',#115,#111,#1177,.T.);
#1175=LINE('',#110,#1178);
#1176=LINE('',#112,#1179);
#1177=LINE('',#114,#1180);
#1178=VECTOR('',#1181,1.0);
#1179=VECTOR('',#1182,1.0);
#1180=VECTOR('',#1183,1.0);
#1181=DIRECTION('',(-0.5809355574595741,0.813949554996582,0));
#1182=DIRECTION('',(0.3600417958655408,-0.9329361742530494,0));
#1183=DIRECTION('',(0.8929260300218379,0.4502034039292017,0));
#1184=FACE_SURFACE('',(#1189),#1185,.T.);
#1185=PLANE('',#1186);
#1186=AXIS2_PLACEMENT_3D('',#114,#1187,#1188);
#1187=DIRECTION('',(0,0,1));
#1188=DIRECTION('',(-0.3600417958655408,0.9329361742530494,0));
#1189=FACE_BOUND('',#1190,.T.);
#1190=EDGE_LOOP('',(#1191,#1192,#1193));
#1191=ORIENTED_EDGE('',*,*,#1194,.T.);
#1192=ORIENTED_EDGE('',*,*,#1195,.T.);
#1193=ORIENTED_EDGE('',*,*,#1196,.T.);
#1194=EDGE_CURVE('',#115,#113,#1197,.F.);
#1195=EDGE_CURVE('',#113,#117,#1198,.T.);
#1196=EDGE_CURVE('',#117,#115,#1199,.T.);
#1197=LINE('',#114,#1200);
#1198=LINE('',#112,#1201);
#1199=LINE('',#116,#1202);
#1200=VECTOR('',#1203,1.0);
#1201=VECTOR('',#1204,1.0);
#1202=VECTOR('',#1205,1.0);
#1203=DIRECTION('',(-0.3600417958655408,0.9329361742530494,0));
#1204=DIRECTION('',(-0.8544191251769526,-0.5195844094387851,0));
#1205=DIRECTION('',(0.6504556783547041,-0.7595442123379796,0));
#1206=FACE_SURFACE('',(#1211),#1207,.T.);
#1207=PLANE('',#1208);
#1208=AXIS2_PLACEMENT_3D('',#114,#1209,#1210);
#1209=DIRECTION('',(0,0,1));
#1210=DIRECTION('',(-0.6504556783547041,0.7595442123379796,0));
#1211=FACE_BOUND('',#1212,.T.);
#1212=EDGE_LOOP('',(#1213,#1214,#1215));
#1213=ORIENTED_EDGE('',*,*,#1216,.T.);
#1214=ORIENTED_EDGE('',*,*,#1217,.T.);
#1215=ORIENTED_EDGE('',*,*,#1218,.T.);
#1216=EDGE_CURVE('',#115,#117,#1219,.F.);
#1217=EDGE_CURVE('',#117,#119,#1220,.T.);
#1218=EDGE_CURVE('',#119,#115,#1221,.T.);
#1219=LINE('',#114,#1222);
#1220=LINE('',#116,#1223);
#1221=LINE('',#118,#1224);
#1222=VECTOR('',#1225,1.0);
#1223=VECTOR('',#1226,1.0);
#1224=VECTOR('',#1227,1.0);
#1225=DIRECTION('',(-0.6504556783547041,0.7595442123379796,0));
#1226=DIRECTION('',(0.4413136228345527,-0.8973529329648632,0));
#1227=DIRECTION('',(0.803996876347008,0.5946335197617554,0));
#1228=FACE_SURFACE('',(#1233),#1229,.T.);
#1229=PLANE('',#1230);
#1230=AXIS2_PLACEMENT_3D('',#118,#1231,#1232);
#1231=DIRECTION('',(0,0,1));
#1232=DIRECTION('',(-0.4413136228345527,0.8973529329648632,0));
#1233=FACE_BOUND('',#1234,.T.);
#1234=EDGE_LOOP('',(#1235,#1236,#1237));
#1235=ORIENTED_EDGE('',*,*,#1238,.T.);
#1236=ORIENTED_EDGE('',*,*,#1239,.T.);
#1237=ORIENTED_EDGE('',*,*,#1240,.T.);
#1238=EDGE_CURVE('',#119,#117,#1241,.F.);
#1239=EDGE_CURVE('',#117,#121,#1242,.T.);
#1240=EDGE_CURVE('',#121,#119,#1243,.T.);
#1241=LINE('',#118,#1244);
#1242=LINE('',#116,#1245);
#1243=LINE('',#120,#1246);
#1244=VECTOR('',#1247,1.0);
#1245=VECTOR('',#1248,1.0);
#1246=VECTOR('',#1249,1.0);
#1247=DIRECTION('',(-0.4413136228345527,0.8973529329648632,0));
#1248=DIRECTION('',(-0.7757114790013913,-0.6310877128779121,0));
#1249=DIRECTION('',(0.7142037911743937,-0.6999378148608083,0));
#1250=FACE_SURFACE('',(#1255),#1251,.T.);
#1251=PLANE('',#1252);
#1252=AXIS2_PLACEMENT_3D('',#118,#1253,#1254);
#1253=DIRECTION('',(0,0,1));
#1254=DIRECTION('',(-0.7142037911743937,0.6999378148608083,0));
#1255=FACE_BOUND('',#1256,.T.);
#1256=EDGE_LOOP('',(#1257,#1258,#1259));
#1257=ORIENTED_EDGE('',*,*,#1260,.T.);
#1258=ORIENTED_EDGE('',*,*,#1261,.T.);
#1259=ORIENTED_EDGE('',*,*,#1262,.T.);
#1260=EDGE_CURVE('',#119,#121,#1263,.F.);
#1261=EDGE_CURVE('',#121,#123,#1264,.T.);
#1262=EDGE_CURVE('',#123,#119,#1265,.T.);
#1263=LINE('',#118,#1266);
#1264=LINE('',#120,#1267);
#1265=LINE('',#122,#1268);
#1266=VECTOR('',#1269,1.0);
#1267=VECTOR('',#1270,1.0);
#1268=VECTOR('',#1271,1.0);
#1269=DIRECTION('',(-0.7142037911743937,0.6999378148608083,0));
#1270=DIRECTION('',(0.5204958006674273,-0.8538642289542137,0));
#1271=DIRECTION('',(0.6919390816302653,0.7219558901433417,0));
#1272=FACE_SURFACE('',(#1277),#1273,.T.);
#1273=PLANE('',#1274);
#1274=AXIS2_PLACEMENT_3D('',#122,#1275,#1276);
#1275=DIRECTION('',(0,0,1));
#1276=DIRECTION('',(-0.5204958006674273,0.8538642289542137,0));
#1277=FACE_BOUND('',#1278,.T.);
#1278=EDGE_LOOP('',(#1279,#1280,#1281));
#1279=ORIENTED_EDGE('',*,*,#1282,.T.);
#1280=ORIENTED_EDGE('',*,*,#1283,.T.);
#1281=ORIENTED_EDGE('',*,*,#1284,.T.);
#1282=EDGE_CURVE('',#123,#121,#1285,.F.);
#1283=EDGE_CURVE('',#121,#125,#1286,.T.);
#1284=EDGE_CURVE('',#125,#123,#1287,.T.);
#1285=LINE('',#122,#1288);
#1286=LINE('',#120,#1289);
#1287=LINE('',#124,#1290);
#1288=VECTOR('',#1291,1.0);
#1289=VECTOR('',#1292,1.0);
#1290=VECTOR('',#1293,1.0);
#1291=DIRECTION('',(-0.5204958006674273,0.8538642289542137,0));
#1292=DIRECTION('',(-0.6825530924021695,-0.7308360117374042,0));
#1293=DIRECTION('',(0.7722049201369414,-0.6353735604479464,0));
#1294=FACE_SURFACE('',(#1299),#1295,.T.);
#1295=PLANE('',#1296);
#1296=AXIS2_PLACEMENT_3D('',#122,#1297,#1298);
#1297=DIRECTION('',(0,0,1));
#1298=DIRECTION('',(-0.7722049201369414,0.6353735604479464,0));
#1299=FACE_BOUND('',#1300,.T.);
#1300=EDGE_LOOP('',(#1301,#1302,#1303));
#1301=ORIENTED_EDGE('',*,*,#1304,.T.);
#1302=ORIENTED_EDGE('',*,*,#1305,.T.);
#1303=ORIENTED_EDGE('',*,*,#1306,.T.);
#1304=EDGE_CURVE('',#123,#125,#1307,.F.);
#1305=EDGE_CURVE('',#125,#89,#1308,.T.);
#1306=EDGE_CURVE('',#89,#123,#1309,.T.);
#1307=LINE('',#122,#1310);
#1308=LINE('',#124,#1311);
#1309=LINE('',#88,#1312);
#1310=VECTOR('',#1313,1.0);
#1311=VECTOR('',#1314,1.0);
#1312=VECTOR('',#1315,1.0);
#1313=DIRECTION('',(-0.7722049201369414,0.6353735604479464,0));
#1314=DIRECTION('',(0.5970374786824212,-0.8022133438484662,0));
#1315=DIRECTION('',(0.5599750504649106,0.8285094705896975,0));
#1316=FACE_SURFACE('',(#1321),#1317,.T.);
#1317=PLANE('',#1318);
#1318=AXIS2_PLACEMENT_3D('',#88,#1319,#1320);
#1319=DIRECTION('',(0,0,1));
#1320=DIRECTION('',(-0.5970374786824212,0.8022133438484662,0));
#1321=FACE_BOUND('',#1322,.T.);
#1322=EDGE_LOOP('',(#1323,#1324,#1325));
#1323=ORIENTED_EDGE('',*,*,#1326,.T.);
#1324=ORIENTED_EDGE('',*,*,#1327,.T.);
#1325=ORIENTED_EDGE('',*,*,#1328,.T.);
#1326=EDGE_CURVE('',#89,#125,#1329,.F.);
#1327=EDGE_CURVE('',#125,#127,#1330,.T.);
#1328=EDGE_CURVE('',#127,#89,#1331,.T.);
#1329=LINE('',#88,#1332);
#1330=LINE('',#124,#1333);
#1331=LINE('',#126,#1334);
#1332=VECTOR('',#1335,1.0);
#1333=VECTOR('',#1336,1.0);
#1334=VECTOR('',#1337,1.0);
#1335=DIRECTION('',(-0.5970374786824212,0.8022133438484662,0));
#1336=DIRECTION('',(-0.576680412360079,-0.8169698293084079,0));
#1337=DIRECTION('',(0.8244236073799351,-0.56597324635945,0));
#1338=FACE_SURFACE('',(#1343),#1339,.T.);
#1339=PLANE('',#1340);
#1340=AXIS2_PLACEMENT_3D('',#88,#1341,#1342);
#1341=DIRECTION('',(0,0,1));
#1342=DIRECTION('',(-0.8244236073799351,0.56597324635945,0));
#1343=FACE_BOUND('',#1344,.T.);
#1344=EDGE_LOOP('',(#1345,#1346,#1347));
#1345=ORIENTED_EDGE('',*,*,#1348,.T.);
#1346=ORIENTED_EDGE('',*,*,#1349,.T.);
#1347=ORIENTED_EDGE('',*,*,#1350,.T.);
#1348=EDGE_CURVE('',#89,#127,#1351,.F.);
#1349=EDGE_CURVE('',#127,#91,#1352,.T.);
#1350=EDGE_CURVE('',#91,#89,#1353,.T.);
#1351=LINE('',#88,#1354);
#1352=LINE('',#126,#1355);
#1353=LINE('',#90,#1356);
#1354=VECTOR('',#1357,1.0);
#1355=VECTOR('',#1358,1.0);
#1356=VECTOR('',#1359,1.0);
#1357=DIRECTION('',(-0.8244236073799351,0.56597324635945,0));
#1358=DIRECTION('',(-0.46006498472368135,-0.8878852458686307,0));
#1359=DIRECTION('',(0.9656970752856302,-0.2596712513636807,0));
#1360=FACE_SURFACE('',(#1365),#1361,.T.);
#1361=PLANE('',#1362);
#1362=AXIS2_PLACEMENT_3D('',#128,#1363,#1364);
#1363=DIRECTION('',(0,-0,1));
#1364=DIRECTION('',(0.06832392860118298,0.9976631900498788,0));
#1365=FACE_BOUND('',#1366,.T.);
#1366=EDGE_LOOP('',(#1367,#1368,#1369));
#1367=ORIENTED_EDGE('',*,*,#1370,.T.);
#1368=ORIENTED_EDGE('',*,*,#1371,.T.);
#1369=ORIENTED_EDGE('',*,*,#1372,.T.);
#1370=EDGE_CURVE('',#129,#131,#1373,.F.);
#1371=EDGE_CURVE('',#131,#133,#1374,.T.);
#1372=EDGE_CURVE('',#133,#129,#1375,.T.);
#1373=LINE('',#128,#1376);
#1374=LINE('',#130,#1377);
#1375=LINE('',#132,#1378);
#1376=VECTOR('',#1379,1.0);
#1377=VECTOR('',#1380,1.0);
#1378=VECTOR('',#1381,1.0);
#1379=DIRECTION('',(0.06832392860118298,0.9976631900498788,0));
#1380=DIRECTION('',(-0.314589660922871,-0.9492277625735739,0));
#1381=DIRECTION('',(0.9775550850252327,-0.2106799841971472,0));
#1382=FACE_SURFACE('',(#1387),#1383,.T.);
#1383=PLANE('',#1384);
#1384=AXIS2_PLACEMENT_3D('',#132,#1385,#1386);
#1385=DIRECTION('',(0,-0,1));
#1386=DIRECTION('',(0.314589660922871,0.9492277625735739,0));
#1387=FACE_BOUND('',#1388,.T.);
#1388=EDGE_LOOP('',(#1389,#1390,#1391));
#1389=ORIENTED_EDGE('',*,*,#1392,.T.);
#1390=ORIENTED_EDGE('',*,*,#1393,.T.);
#1391=ORIENTED_EDGE('',*,*,#1394,.T.);
#1392=EDGE_CURVE('',#133,#131,#1395,.F.);
#1393=EDGE_CURVE('',#131,#135,#1396,.T.);
#1394=EDGE_CURVE('',#135,#133,#1397,.T.);
#1395=LINE('',#132,#1398);
#1396=LINE('',#130,#1399);
#1397=LINE('',#134,#1400);
#1398=VECTOR('',#1401,1.0);
#1399=VECTOR('',#1402,1.0);
#1400=VECTOR('',#1403,1.0);
#1401=DIRECTION('',(0.314589660922871,0.9492277625735739,0));
#1402=DIRECTION('',(-0.9906858385617705,0.13616743102945594,0));
#1403=DIRECTION('',(0.019791654557877677,-0.999804126021623,0));
#1404=FACE_SURFACE('',(#1409),#1405,.T.);
#1405=PLANE('',#1406);
#1406=AXIS2_PLACEMENT_3D('',#132,#1407,#1408);
#1407=DIRECTION('',(0,0,1));
#1408=DIRECTION('',(-0.019791654557877677,0.999804126021623,0));
#1409=FACE_BOUND('',#1410,.T.);
#1410=EDGE_LOOP('',(#1411,#1412,#1413));
#1411=ORIENTED_EDGE('',*,*,#1414,.T.);
#1412=ORIENTED_EDGE('',*,*,#1415,.T.);
#1413=ORIENTED_EDGE('',*,*,#1416,.T.);
#1414=EDGE_CURVE('',#133,#135,#1417,.F.);
#1415=EDGE_CURVE('',#135,#137,#1418,.T.);
#1416=EDGE_CURVE('',#137,#133,#1419,.T.);
#1417=LINE('',#132,#1420);
#1418=LINE('',#134,#1421);
#1419=LINE('',#136,#1422);
#1420=VECTOR('',#1423,1.0);
#1421=VECTOR('',#1424,1.0);
#1422=VECTOR('',#1425,1.0);
#1423=DIRECTION('',(-0.019791654557877677,0.999804126021623,0));
#1424=DIRECTION('',(-0.22906445486728774,-0.9734112571345949,0));
#1425=DIRECTION('',(0.9990989809574873,-0.04244085590218876,0));
#1426=FACE_SURFACE('',(#1431),#1427,.T.);
#1427=PLANE('',#1428);
#1428=AXIS2_PLACEMENT_3D('',#136,#1429,#1430);
#1429=DIRECTION('',(0,-0,1));
#1430=DIRECTION('',(0.22906445486728774,0.9734112571345949,0));
#1431=FACE_BOUND('',#1432,.T.);
#1432=EDGE_LOOP('',(#1433,#1434,#1435));
#1433=ORIENTED_EDGE('',*,*,#1436,.T.);
#1434=ORIENTED_EDGE('',*,*,#1437,.T.);
#1435=ORIENTED_EDGE('',*,*,#1438,.T.);
#1436=EDGE_CURVE('',#137,#135,#1439,.F.);
#1437=EDGE_CURVE('',#135,#139,#1440,.T.);
#1438=EDGE_CURVE('',#139,#137,#1441,.T.);
#1439=LINE('',#136,#1442);
#1440=LINE('',#134,#1443);
#1441=LINE('',#138,#1444);
#1442=VECTOR('',#1445,1.0);
#1443=VECTOR('',#1446,1.0);
#1444=VECTOR('',#1447,1.0);
#1445=DIRECTION('',(0.22906445486728774,0.9734112571345949,0));
#1446=DIRECTION('',(-1,0,0));
#1447=DIRECTION('',(0.1068105765129089,-0.9942793876697738,0));
#1448=FACE_SURFACE('',(#1453),#1449,.T.);
#1449=PLANE('',#1450);
#1450=AXIS2_PLACEMENT_3D('',#136,#1451,#1452);
#1451=DIRECTION('',(0,0,1));
#1452=DIRECTION('',(-0.1068105765129089,0.9942793876697738,0));
#1453=FACE_BOUND('',#1454,.T.);
#1454=EDGE_LOOP('',(#1455,#1456,#1457));
#1455=ORIENTED_EDGE('',*,*,#1458,.T.);
#1456=ORIENTED_EDGE('',*,*,#1459,.T.);
#1457=ORIENTED_EDGE('',*,*,#1460,.T.);
#1458=EDGE_CURVE('',#137,#139,#1461,.F.);
#1459=EDGE_CURVE('',#139,#141,#1462,.T.);
#1460=EDGE_CURVE('',#141,#137,#1463,.T.);
#1461=LINE('',#136,#1464);
#1462=LINE('',#138,#1465);
#1463=LINE('',#140,#1466);
#1464=VECTOR('',#1467,1.0);
#1465=VECTOR('',#1468,1.0);
#1466=VECTOR('',#1469,1.0);
#1467=DIRECTION('',(-0.1068105765129089,0.9942793876697738,0));
#1468=DIRECTION('',(-0.14007938971644532,-0.9901402752017859,0));
#1469=DIRECTION('',(0.991900468187913,0.12701756259903146,0));
#1470=FACE_SURFACE('',(#1475),#1471,.T.);
#1471=PLANE('',#1472);
#1472=AXIS2_PLACEMENT_3D('',#140,#1473,#1474);
#1473=DIRECTION('',(0,-0,1));
#1474=DIRECTION('',(0.14007938971644532,0.9901402752017859,0));
#1475=FACE_BOUND('',#1476,.T.);
#1476=EDGE_LOOP('',(#1477,#1478,#1479));
#1477=ORIENTED_EDGE('',*,*,#1480,.T.);
#1478=ORIENTED_EDGE('',*,*,#1481,.T.);
#1479=ORIENTED_EDGE('',*,*,#1482,.T.);
#1480=EDGE_CURVE('',#141,#139,#1483,.F.);
#1481=EDGE_CURVE('',#139,#143,#1484,.T.);
#1482=EDGE_CURVE('',#143,#141,#1485,.T.);
#1483=LINE('',#140,#1486);
#1484=LINE('',#138,#1487);
#1485=LINE('',#142,#1488);
#1486=VECTOR('',#1489,1.0);
#1487=VECTOR('',#1490,1.0);
#1488=VECTOR('',#1491,1.0);
#1489=DIRECTION('',(0.14007938971644532,0.9901402752017859,0));
#1490=DIRECTION('',(-0.990685845759402,-0.1361673786630936,0));
#1491=DIRECTION('',(0.19260149020475686,-0.9812770587203733,0));
#1492=FACE_SURFACE('',(#1497),#1493,.T.);
#1493=PLANE('',#1494);
#1494=AXIS2_PLACEMENT_3D('',#140,#1495,#1496);
#1495=DIRECTION('',(0,0,1));
#1496=DIRECTION('',(-0.19260149020475686,0.9812770587203733,0));
#1497=FACE_BOUND('',#1498,.T.);
#1498=EDGE_LOOP('',(#1499,#1500,#1501));
#1499=ORIENTED_EDGE('',*,*,#1502,.T.);
#1500=ORIENTED_EDGE('',*,*,#1503,.T.);
#1501=ORIENTED_EDGE('',*,*,#1504,.T.);
#1502=EDGE_CURVE('',#141,#143,#1505,.F.);
#1503=EDGE_CURVE('',#143,#111,#1506,.T.);
#1504=EDGE_CURVE('',#111,#141,#1507,.T.);
#1505=LINE('',#140,#1508);
#1506=LINE('',#142,#1509);
#1507=LINE('',#110,#1510);
#1508=VECTOR('',#1511,1.0);
#1509=VECTOR('',#1512,1.0);
#1510=VECTOR('',#1513,1.0);
#1511=DIRECTION('',(-0.19260149020475686,0.9812770587203733,0));
#1512=DIRECTION('',(-0.04790943359899162,-0.9988516837710311,0));
#1513=DIRECTION('',(0.9561665739548143,0.29282329629234166,0));
#1514=FACE_SURFACE('',(#1519),#1515,.T.);
#1515=PLANE('',#1516);
#1516=AXIS2_PLACEMENT_3D('',#110,#1517,#1518);
#1517=DIRECTION('',(0,-0,1));
#1518=DIRECTION('',(0.04790943359899162,0.9988516837710311,0));
#1519=FACE_BOUND('',#1520,.T.);
#1520=EDGE_LOOP('',(#1521,#1522,#1523));
#1521=ORIENTED_EDGE('',*,*,#1524,.T.);
#1522=ORIENTED_EDGE('',*,*,#1525,.T.);
#1523=ORIENTED_EDGE('',*,*,#1526,.T.);
#1524=EDGE_CURVE('',#111,#143,#1527,.F.);
#1525=EDGE_CURVE('',#143,#145,#1528,.T.);
#1526=EDGE_CURVE('',#145,#111,#1529,.T.);
#1527=LINE('',#110,#1530);
#1528=LINE('',#142,#1531);
#1529=LINE('',#144,#1532);
#1530=VECTOR('',#1533,1.0);
#1531=VECTOR('',#1534,1.0);
#1532=VECTOR('',#1535,1.0);
#1533=DIRECTION('',(0.04790943359899162,0.9988516837710311,0));
#1534=DIRECTION('',(-0.9629174762447448,-0.2697960969740877,0));
#1535=DIRECTION('',(0.2770590619083081,-0.9608528899964283,0));
#1536=FACE_SURFACE('',(#1541),#1537,.T.);
#1537=PLANE('',#1538);
#1538=AXIS2_PLACEMENT_3D('',#110,#1539,#1540);
#1539=DIRECTION('',(0,0,1));
#1540=DIRECTION('',(-0.2770590619083081,0.9608528899964283,0));
#1541=FACE_BOUND('',#1542,.T.);
#1542=EDGE_LOOP('',(#1543,#1544,#1545));
#1543=ORIENTED_EDGE('',*,*,#1546,.T.);
#1544=ORIENTED_EDGE('',*,*,#1547,.T.);
#1545=ORIENTED_EDGE('',*,*,#1548,.T.);
#1546=EDGE_CURVE('',#111,#145,#1549,.F.);
#1547=EDGE_CURVE('',#145,#113,#1550,.T.);
#1548=EDGE_CURVE('',#113,#111,#1551,.T.);
#1549=LINE('',#110,#1552);
#1550=LINE('',#144,#1553);
#1551=LINE('',#112,#1554);
#1552=VECTOR('',#1555,1.0);
#1553=VECTOR('',#1556,1.0);
#1554=VECTOR('',#1557,1.0);
#1555=DIRECTION('',(-0.2770590619083081,0.9608528899964283,0));
#1556=DIRECTION('',(-0.9172111169490922,-0.3984015147373297,0));
#1557=DIRECTION('',(0.5809355574595741,-0.813949554996582,0));
#1558=FACE_SURFACE('',(#1563),#1559,.T.);
#1559=PLANE('',#1560);
#1560=AXIS2_PLACEMENT_3D('',#146,#1561,#1562);
#1561=DIRECTION('',(0,-0,1));
#1562=DIRECTION('',(0.6864896514276372,0.7271395729038279,0));
#1563=FACE_BOUND('',#1564,.T.);
#1564=EDGE_LOOP('',(#1565,#1566,#1567));
#1565=ORIENTED_EDGE('',*,*,#1568,.T.);
#1566=ORIENTED_EDGE('',*,*,#1569,.T.);
#1567=ORIENTED_EDGE('',*,*,#1570,.T.);
#1568=EDGE_CURVE('',#147,#149,#1571,.F.);
#1569=EDGE_CURVE('',#149,#151,#1572,.T.);
#1570=EDGE_CURVE('',#151,#147,#1573,.T.);
#1571=LINE('',#146,#1574);
#1572=LINE('',#148,#1575);
#1573=LINE('',#150,#1576);
#1574=VECTOR('',#1577,1.0);
#1575=VECTOR('',#1578,1.0);
#1576=VECTOR('',#1579,1.0);
#1577=DIRECTION('',(0.6864896514276372,0.7271395729038279,0));
#1578=DIRECTION('',(-0.8459513153767558,-0.5332601354051666,0));
#1579=DIRECTION('',(0.6282201102066698,-0.7780356631491384,0));
#1580=FACE_SURFACE('',(#1585),#1581,.T.);
#1581=PLANE('',#1582);
#1582=AXIS2_PLACEMENT_3D('',#150,#1583,#1584);
#1583=DIRECTION('',(0,0,1));
#1584=DIRECTION('',(0.8459513153767558,0.5332601354051666,0));
#1585=FACE_BOUND('',#1586,.T.);
#1586=EDGE_LOOP('',(#1587,#1588,#1589));
#1587=ORIENTED_EDGE('',*,*,#1590,.T.);
#1588=ORIENTED_EDGE('',*,*,#1591,.T.);
#1589=ORIENTED_EDGE('',*,*,#1592,.T.);
#1590=EDGE_CURVE('',#151,#149,#1593,.F.);
#1591=EDGE_CURVE('',#149,#153,#1594,.T.);
#1592=EDGE_CURVE('',#153,#151,#1595,.T.);
#1593=LINE('',#150,#1596);
#1594=LINE('',#148,#1597);
#1595=LINE('',#152,#1598);
#1596=VECTOR('',#1599,1.0);
#1597=VECTOR('',#1600,1.0);
#1598=VECTOR('',#1601,1.0);
#1599=DIRECTION('',(0.8459513153767558,0.5332601354051666,0));
#1600=DIRECTION('',(-0.6825530924021695,0.7308360117374042,0));
#1601=DIRECTION('',(-0.6198957249650304,-0.7846841977318514,0));
#1602=FACE_SURFACE('',(#1607),#1603,.T.);
#1603=PLANE('',#1604);
#1604=AXIS2_PLACEMENT_3D('',#150,#1605,#1606);
#1605=DIRECTION('',(0,-0,1));
#1606=DIRECTION('',(0.6198957249650304,0.7846841977318514,0));
#1607=FACE_BOUND('',#1608,.T.);
#1608=EDGE_LOOP('',(#1609,#1610,#1611));
#1609=ORIENTED_EDGE('',*,*,#1612,.T.);
#1610=ORIENTED_EDGE('',*,*,#1613,.T.);
#1611=ORIENTED_EDGE('',*,*,#1614,.T.);
#1612=EDGE_CURVE('',#151,#153,#1615,.F.);
#1613=EDGE_CURVE('',#153,#155,#1616,.T.);
#1614=EDGE_CURVE('',#155,#151,#1617,.T.);
#1615=LINE('',#150,#1618);
#1616=LINE('',#152,#1619);
#1617=LINE('',#154,#1620);
#1618=VECTOR('',#1621,1.0);
#1619=VECTOR('',#1622,1.0);
#1620=VECTOR('',#1623,1.0);
#1621=DIRECTION('',(0.6198957249650304,0.7846841977318514,0));
#1622=DIRECTION('',(-0.7951616152920011,-0.6063975639514192,0));
#1623=DIRECTION('',(0.7506721832822891,-0.6606748619753905,0));
#1624=FACE_SURFACE('',(#1629),#1625,.T.);
#1625=PLANE('',#1626);
#1626=AXIS2_PLACEMENT_3D('',#154,#1627,#1628);
#1627=DIRECTION('',(0,0,1));
#1628=DIRECTION('',(0.7951616152920011,0.6063975639514192,0));
#1629=FACE_BOUND('',#1630,.T.);
#1630=EDGE_LOOP('',(#1631,#1632,#1633));
#1631=ORIENTED_EDGE('',*,*,#1634,.T.);
#1632=ORIENTED_EDGE('',*,*,#1635,.T.);
#1633=ORIENTED_EDGE('',*,*,#1636,.T.);
#1634=EDGE_CURVE('',#155,#153,#1637,.F.);
#1635=EDGE_CURVE('',#153,#157,#1638,.T.);
#1636=EDGE_CURVE('',#157,#155,#1639,.T.);
#1637=LINE('',#154,#1640);
#1638=LINE('',#152,#1641);
#1639=LINE('',#156,#1642);
#1640=VECTOR('',#1643,1.0);
#1641=VECTOR('',#1644,1.0);
#1642=VECTOR('',#1645,1.0);
#1643=DIRECTION('',(0.7951616152920011,0.6063975639514192,0));
#1644=DIRECTION('',(-0.7757114790013913,0.6310877128779121,0));
#1645=DIRECTION('',(-0.5492462031156266,-0.8356605820326024,0));
#1646=FACE_SURFACE('',(#1651),#1647,.T.);
#1647=PLANE('',#1648);
#1648=AXIS2_PLACEMENT_3D('',#154,#1649,#1650);
#1649=DIRECTION('',(0,-0,1));
#1650=DIRECTION('',(0.5492462031156266,0.8356605820326024,0));
#1651=FACE_BOUND('',#1652,.T.);
#1652=EDGE_LOOP('',(#1653,#1654,#1655));
#1653=ORIENTED_EDGE('',*,*,#1656,.T.);
#1654=ORIENTED_EDGE('',*,*,#1657,.T.);
#1655=ORIENTED_EDGE('',*,*,#1658,.T.);
#1656=EDGE_CURVE('',#155,#157,#1659,.F.);
#1657=EDGE_CURVE('',#157,#159,#1660,.T.);
#1658=EDGE_CURVE('',#159,#155,#1661,.T.);
#1659=LINE('',#154,#1662);
#1660=LINE('',#156,#1663);
#1661=LINE('',#158,#1664);
#1662=VECTOR('',#1665,1.0);
#1663=VECTOR('',#1666,1.0);
#1664=VECTOR('',#1667,1.0);
#1665=DIRECTION('',(0.5492462031156266,0.8356605820326024,0));
#1666=DIRECTION('',(-0.7369113634498159,-0.6759893804036669,0));
#1667=DIRECTION('',(0.8515290878625484,-0.5243073645524886,0));
#1668=FACE_SURFACE('',(#1673),#1669,.T.);
#1669=PLANE('',#1670);
#1670=AXIS2_PLACEMENT_3D('',#158,#1671,#1672);
#1671=DIRECTION('',(0,0,1));
#1672=DIRECTION('',(0.7369113634498159,0.6759893804036669,0));
#1673=FACE_BOUND('',#1674,.T.);
#1674=EDGE_LOOP('',(#1675,#1676,#1677));
#1675=ORIENTED_EDGE('',*,*,#1678,.T.);
#1676=ORIENTED_EDGE('',*,*,#1679,.T.);
#1677=ORIENTED_EDGE('',*,*,#1680,.T.);
#1678=EDGE_CURVE('',#159,#157,#1681,.F.);
#1679=EDGE_CURVE('',#157,#161,#1682,.T.);
#1680=EDGE_CURVE('',#161,#159,#1683,.T.);
#1681=LINE('',#158,#1684);
#1682=LINE('',#156,#1685);
#1683=LINE('',#160,#1686);
#1684=VECTOR('',#1687,1.0);
#1685=VECTOR('',#1688,1.0);
#1686=VECTOR('',#1689,1.0);
#1687=DIRECTION('',(0.7369113634498159,0.6759893804036669,0));
#1688=DIRECTION('',(-0.8544190727776795,0.5195844956056044,0));
#1689=DIRECTION('',(-0.47474777432094006,-0.8801218954084222,0));
#1690=FACE_SURFACE('',(#1695),#1691,.T.);
#1691=PLANE('',#1692);
#1692=AXIS2_PLACEMENT_3D('',#158,#1693,#1694);
#1693=DIRECTION('',(0,-0,1));
#1694=DIRECTION('',(0.47474777432094006,0.8801218954084222,0));
#1695=FACE_BOUND('',#1696,.T.);
#1696=EDGE_LOOP('',(#1697,#1698,#1699));
#1697=ORIENTED_EDGE('',*,*,#1700,.T.);
#1698=ORIENTED_EDGE('',*,*,#1701,.T.);
#1699=ORIENTED_EDGE('',*,*,#1702,.T.);
#1700=EDGE_CURVE('',#159,#161,#1703,.F.);
#1701=EDGE_CURVE('',#161,#129,#1704,.T.);
#1702=EDGE_CURVE('',#129,#159,#1705,.T.);
#1703=LINE('',#158,#1706);
#1704=LINE('',#160,#1707);
#1705=LINE('',#128,#1708);
#1706=VECTOR('',#1709,1.0);
#1707=VECTOR('',#1710,1.0);
#1708=VECTOR('',#1711,1.0);
#1709=DIRECTION('',(0.47474777432094006,0.8801218954084222,0));
#1710=DIRECTION('',(-0.6710541416186919,-0.7414083483589868,0));
#1711=DIRECTION('',(0.9278892088780016,-0.37285602589706973,0));
#1712=FACE_SURFACE('',(#1717),#1713,.T.);
#1713=PLANE('',#1714);
#1714=AXIS2_PLACEMENT_3D('',#128,#1715,#1716);
#1715=DIRECTION('',(0,0,1));
#1716=DIRECTION('',(0.6710541416186919,0.7414083483589868,0));
#1717=FACE_BOUND('',#1718,.T.);
#1718=EDGE_LOOP('',(#1719,#1720,#1721));
#1719=ORIENTED_EDGE('',*,*,#1722,.T.);
#1720=ORIENTED_EDGE('',*,*,#1723,.T.);
#1721=ORIENTED_EDGE('',*,*,#1724,.T.);
#1722=EDGE_CURVE('',#129,#161,#1725,.F.);
#1723=EDGE_CURVE('',#161,#163,#1726,.T.);
#1724=EDGE_CURVE('',#163,#129,#1727,.T.);
#1725=LINE('',#128,#1728);
#1726=LINE('',#160,#1729);
#1727=LINE('',#162,#1730);
#1728=VECTOR('',#1731,1.0);
#1729=VECTOR('',#1732,1.0);
#1730=VECTOR('',#1733,1.0);
#1731=DIRECTION('',(0.6710541416186919,0.7414083483589868,0));
#1732=DIRECTION('',(-0.9172111785638856,0.39840137288599786,0));
#1733=DIRECTION('',(-0.3965086479080778,-0.9180309864781842,0));
#1734=FACE_SURFACE('',(#1739),#1735,.T.);
#1735=PLANE('',#1736);
#1736=AXIS2_PLACEMENT_3D('',#128,#1737,#1738);
#1737=DIRECTION('',(0,0,1));
#1738=DIRECTION('',(0.3965086479080778,0.9180309864781842,0));
#1739=FACE_BOUND('',#1740,.T.);
#1740=EDGE_LOOP('',(#1741,#1742,#1743));
#1741=ORIENTED_EDGE('',*,*,#1744,.T.);
#1742=ORIENTED_EDGE('',*,*,#1745,.T.);
#1743=ORIENTED_EDGE('',*,*,#1746,.T.);
#1744=EDGE_CURVE('',#129,#163,#1747,.F.);
#1745=EDGE_CURVE('',#163,#131,#1748,.T.);
#1746=EDGE_CURVE('',#131,#129,#1749,.T.);
#1747=LINE('',#128,#1750);
#1748=LINE('',#162,#1751);
#1749=LINE('',#130,#1752);
#1750=VECTOR('',#1753,1.0);
#1751=VECTOR('',#1754,1.0);
#1752=VECTOR('',#1755,1.0);
#1753=DIRECTION('',(0.3965086479080778,0.9180309864781842,0));
#1754=DIRECTION('',(-0.9629175045009895,0.26979599612593785,0));
#1755=DIRECTION('',(-0.06832392860118298,-0.9976631900498788,0));
#1756=FACE_SURFACE('',(#1761),#1757,.T.);
#1757=PLANE('',#1758);
#1758=AXIS2_PLACEMENT_3D('',#48,#1759,#1760);
#1759=DIRECTION('',(0,-0,1));
#1760=DIRECTION('',(0.7757113364752168,0.6310878880661812,0));
#1761=FACE_BOUND('',#1762,.T.);
#1762=EDGE_LOOP('',(#1763,#1764,#1765));
#1763=ORIENTED_EDGE('',*,*,#1766,.T.);
#1764=ORIENTED_EDGE('',*,*,#1767,.T.);
#1765=ORIENTED_EDGE('',*,*,#1768,.T.);
#1766=EDGE_CURVE('',#49,#165,#1769,.F.);
#1767=EDGE_CURVE('',#165,#51,#1770,.T.);
#1768=EDGE_CURVE('',#51,#49,#1771,.T.);
#1769=LINE('',#48,#1772);
#1770=LINE('',#164,#1773);
#1771=LINE('',#50,#1774);
#1772=VECTOR('',#1775,1.0);
#1773=VECTOR('',#1776,1.0);
#1774=VECTOR('',#1777,1.0);
#1775=DIRECTION('',(0.7757113364752168,0.6310878880661812,0));
#1776=DIRECTION('',(-0.6198957249650304,0.7846841977318514,0));
#1777=DIRECTION('',(0.3363454295913162,-0.9417386856198661,0));
#1778=FACE_SURFACE('',(#1783),#1779,.T.);
#1779=PLANE('',#1780);
#1780=AXIS2_PLACEMENT_3D('',#50,#1781,#1782);
#1781=DIRECTION('',(0,0,1));
#1782=DIRECTION('',(0.6198957249650304,-0.7846841977318514,0));
#1783=FACE_BOUND('',#1784,.T.);
#1784=EDGE_LOOP('',(#1785,#1786,#1787));
#1785=ORIENTED_EDGE('',*,*,#1788,.T.);
#1786=ORIENTED_EDGE('',*,*,#1789,.T.);
#1787=ORIENTED_EDGE('',*,*,#1790,.T.);
#1788=EDGE_CURVE('',#51,#165,#1791,.F.);
#1789=EDGE_CURVE('',#165,#167,#1792,.T.);
#1790=EDGE_CURVE('',#167,#51,#1793,.T.);
#1791=LINE('',#50,#1794);
#1792=LINE('',#164,#1795);
#1793=LINE('',#166,#1796);
#1794=VECTOR('',#1797,1.0);
#1795=VECTOR('',#1798,1.0);
#1796=VECTOR('',#1799,1.0);
#1797=DIRECTION('',(0.6198957249650304,-0.7846841977318514,0));
#1798=DIRECTION('',(0.6825531892231297,0.7308359213129404,0));
#1799=DIRECTION('',(-0.8459512858633649,0.5332601822245119,0));
#1800=FACE_SURFACE('',(#1805),#1801,.T.);
#1801=PLANE('',#1802);
#1802=AXIS2_PLACEMENT_3D('',#50,#1803,#1804);
#1803=DIRECTION('',(-0,0,1));
#1804=DIRECTION('',(0.8459512858633649,-0.5332601822245119,0));
#1805=FACE_BOUND('',#1806,.T.);
#1806=EDGE_LOOP('',(#1807,#1808,#1809));
#1807=ORIENTED_EDGE('',*,*,#1810,.T.);
#1808=ORIENTED_EDGE('',*,*,#1811,.T.);
#1809=ORIENTED_EDGE('',*,*,#1812,.T.);
#1810=EDGE_CURVE('',#51,#167,#1813,.F.);
#1811=EDGE_CURVE('',#167,#169,#1814,.T.);
#1812=EDGE_CURVE('',#169,#51,#1815,.T.);
#1813=LINE('',#50,#1816);
#1814=LINE('',#166,#1817);
#1815=LINE('',#168,#1818);
#1816=VECTOR('',#1819,1.0);
#1817=VECTOR('',#1820,1.0);
#1818=VECTOR('',#1821,1.0);
#1819=DIRECTION('',(0.8459512858633649,-0.5332601822245119,0));
#1820=DIRECTION('',(-0.6864895536780827,0.7271396651887908,0));
#1821=DIRECTION('',(-0.6282198557395582,-0.7780358686169737,0));
#1822=FACE_SURFACE('',(#1827),#1823,.T.);
#1823=PLANE('',#1824);
#1824=AXIS2_PLACEMENT_3D('',#168,#1825,#1826);
#1825=DIRECTION('',(0,0,1));
#1826=DIRECTION('',(0.6864895536780827,-0.7271396651887908,0));
#1827=FACE_BOUND('',#1828,.T.);
#1828=EDGE_LOOP('',(#1829,#1830,#1831));
#1829=ORIENTED_EDGE('',*,*,#1832,.T.);
#1830=ORIENTED_EDGE('',*,*,#1833,.T.);
#1831=ORIENTED_EDGE('',*,*,#1834,.T.);
#1832=EDGE_CURVE('',#169,#167,#1835,.F.);
#1833=EDGE_CURVE('',#167,#171,#1836,.T.);
#1834=EDGE_CURVE('',#171,#169,#1837,.T.);
#1835=LINE('',#168,#1838);
#1836=LINE('',#166,#1839);
#1837=LINE('',#170,#1840);
#1838=VECTOR('',#1841,1.0);
#1839=VECTOR('',#1842,1.0);
#1840=VECTOR('',#1843,1.0);
#1841=DIRECTION('',(0.6864895536780827,-0.7271396651887908,0));
#1842=DIRECTION('',(0.5766798141622527,0.8169702515623135,0));
#1843=DIRECTION('',(-0.8894519818137571,0.4570286337283256,0));
#1844=FACE_SURFACE('',(#1849),#1845,.T.);
#1845=PLANE('',#1846);
#1846=AXIS2_PLACEMENT_3D('',#168,#1847,#1848);
#1847=DIRECTION('',(-0,0,1));
#1848=DIRECTION('',(0.8894519818137571,-0.4570286337283256,0));
#1849=FACE_BOUND('',#1850,.T.);
#1850=EDGE_LOOP('',(#1851,#1852,#1853));
#1851=ORIENTED_EDGE('',*,*,#1854,.T.);
#1852=ORIENTED_EDGE('',*,*,#1855,.T.);
#1853=ORIENTED_EDGE('',*,*,#1856,.T.);
#1854=EDGE_CURVE('',#169,#171,#1857,.F.);
#1855=EDGE_CURVE('',#171,#173,#1858,.T.);
#1856=EDGE_CURVE('',#173,#169,#1859,.T.);
#1857=LINE('',#168,#1860);
#1858=LINE('',#170,#1861);
#1859=LINE('',#172,#1862);
#1860=VECTOR('',#1863,1.0);
#1861=VECTOR('',#1864,1.0);
#1862=VECTOR('',#1865,1.0);
#1863=DIRECTION('',(0.8894519818137571,-0.4570286337283256,0));
#1864=DIRECTION('',(-0.7486792065126338,0.6629324594071504,0));
#1865=DIRECTION('',(-0.4876950648706306,-0.8730140455346818,0));
#1866=FACE_SURFACE('',(#1871),#1867,.T.);
#1867=PLANE('',#1868);
#1868=AXIS2_PLACEMENT_3D('',#172,#1869,#1870);
#1869=DIRECTION('',(0,0,1));
#1870=DIRECTION('',(0.7486792065126338,-0.6629324594071504,0));
#1871=FACE_BOUND('',#1872,.T.);
#1872=EDGE_LOOP('',(#1873,#1874,#1875));
#1873=ORIENTED_EDGE('',*,*,#1876,.T.);
#1874=ORIENTED_EDGE('',*,*,#1877,.T.);
#1875=ORIENTED_EDGE('',*,*,#1878,.T.);
#1876=EDGE_CURVE('',#173,#171,#1879,.F.);
#1877=EDGE_CURVE('',#171,#175,#1880,.T.);
#1878=EDGE_CURVE('',#175,#173,#1881,.T.);
#1879=LINE('',#172,#1882);
#1880=LINE('',#170,#1883);
#1881=LINE('',#174,#1884);
#1882=VECTOR('',#1885,1.0);
#1883=VECTOR('',#1886,1.0);
#1884=VECTOR('',#1887,1.0);
#1885=DIRECTION('',(0.7486792065126338,-0.6629324594071504,0));
#1886=DIRECTION('',(0.46006598486128625,0.8878847276384557,0));
#1887=DIRECTION('',(-0.9258070852980316,0.3779963502627547,0));
#1888=FACE_SURFACE('',(#1893),#1889,.T.);
#1889=PLANE('',#1890);
#1890=AXIS2_PLACEMENT_3D('',#172,#1891,#1892);
#1891=DIRECTION('',(-0,0,1));
#1892=DIRECTION('',(0.9258070852980316,-0.3779963502627547,0));
#1893=FACE_BOUND('',#1894,.T.);
#1894=EDGE_LOOP('',(#1895,#1896,#1897));
#1895=ORIENTED_EDGE('',*,*,#1898,.T.);
#1896=ORIENTED_EDGE('',*,*,#1899,.T.);
#1897=ORIENTED_EDGE('',*,*,#1900,.T.);
#1898=EDGE_CURVE('',#173,#175,#1901,.F.);
#1899=EDGE_CURVE('',#175,#177,#1902,.T.);
#1900=EDGE_CURVE('',#177,#173,#1903,.T.);
#1901=LINE('',#172,#1904);
#1902=LINE('',#174,#1905);
#1903=LINE('',#176,#1906);
#1904=VECTOR('',#1907,1.0);
#1905=VECTOR('',#1908,1.0);
#1906=VECTOR('',#1909,1.0);
#1907=DIRECTION('',(0.9258070852980316,-0.3779963502627547,0));
#1908=DIRECTION('',(-0.8059535834016697,0.5919787339102712,0));
#1909=DIRECTION('',(-0.3331400791615624,-0.9428773449692318,0));
#1910=FACE_SURFACE('',(#1915),#1911,.T.);
#1911=PLANE('',#1912);
#1912=AXIS2_PLACEMENT_3D('',#176,#1913,#1914);
#1913=DIRECTION('',(0,0,1));
#1914=DIRECTION('',(0.8059535834016697,-0.5919787339102712,0));
#1915=FACE_BOUND('',#1916,.T.);
#1916=EDGE_LOOP('',(#1917,#1918,#1919));
#1917=ORIENTED_EDGE('',*,*,#1920,.T.);
#1918=ORIENTED_EDGE('',*,*,#1921,.T.);
#1919=ORIENTED_EDGE('',*,*,#1922,.T.);
#1920=EDGE_CURVE('',#177,#175,#1923,.F.);
#1921=EDGE_CURVE('',#175,#179,#1924,.T.);
#1922=EDGE_CURVE('',#179,#177,#1925,.T.);
#1923=LINE('',#176,#1926);
#1924=LINE('',#174,#1927);
#1925=LINE('',#178,#1928);
#1926=VECTOR('',#1929,1.0);
#1927=VECTOR('',#1930,1.0);
#1928=VECTOR('',#1931,1.0);
#1929=DIRECTION('',(0.8059535834016697,-0.5919787339102712,0));
#1930=DIRECTION('',(0.33487965778810314,0.942260905906492,0));
#1931=DIRECTION('',(-0.9550839157042331,0.2963354753705157,0));
#1932=FACE_SURFACE('',(#1937),#1933,.T.);
#1933=PLANE('',#1934);
#1934=AXIS2_PLACEMENT_3D('',#176,#1935,#1936);
#1935=DIRECTION('',(-0,0,1));
#1936=DIRECTION('',(0.9550839157042331,-0.2963354753705157,0));
#1937=FACE_BOUND('',#1938,.T.);
#1938=EDGE_LOOP('',(#1939,#1940,#1941));
#1939=ORIENTED_EDGE('',*,*,#1942,.T.);
#1940=ORIENTED_EDGE('',*,*,#1943,.T.);
#1941=ORIENTED_EDGE('',*,*,#1944,.T.);
#1942=EDGE_CURVE('',#177,#179,#1945,.F.);
#1943=EDGE_CURVE('',#179,#181,#1946,.T.);
#1944=EDGE_CURVE('',#181,#177,#1947,.T.);
#1945=LINE('',#176,#1948);
#1946=LINE('',#178,#1949);
#1947=LINE('',#180,#1950);
#1948=VECTOR('',#1951,1.0);
#1949=VECTOR('',#1952,1.0);
#1950=VECTOR('',#1953,1.0);
#1951=DIRECTION('',(0.9550839157042331,-0.2963354753705157,0));
#1952=DIRECTION('',(-0.8576319493313347,0.5142639784061636,0));
#1953=DIRECTION('',(-0.16900028724086458,-0.9856160017534746,0));
#1954=FACE_SURFACE('',(#1959),#1955,.T.);
#1955=PLANE('',#1956);
#1956=AXIS2_PLACEMENT_3D('',#180,#1957,#1958);
#1957=DIRECTION('',(0,0,1));
#1958=DIRECTION('',(0.8576319493313347,-0.5142639784061636,0));
#1959=FACE_BOUND('',#1960,.T.);
#1960=EDGE_LOOP('',(#1961,#1962,#1963));
#1961=ORIENTED_EDGE('',*,*,#1964,.T.);
#1962=ORIENTED_EDGE('',*,*,#1965,.T.);
#1963=ORIENTED_EDGE('',*,*,#1966,.T.);
#1964=EDGE_CURVE('',#181,#179,#1967,.F.);
#1965=EDGE_CURVE('',#179,#183,#1968,.T.);
#1966=EDGE_CURVE('',#183,#181,#1969,.T.);
#1967=LINE('',#180,#1970);
#1968=LINE('',#178,#1971);
#1969=LINE('',#182,#1972);
#1970=VECTOR('',#1973,1.0);
#1971=VECTOR('',#1974,1.0);
#1972=VECTOR('',#1975,1.0);
#1973=DIRECTION('',(0.8576319493313347,-0.5142639784061636,0));
#1974=DIRECTION('',(0.2034545758330276,0.979084386338891,0));
#1975=DIRECTION('',(-0.9772375326003857,0.2121480729988144,0));
#1976=FACE_SURFACE('',(#1981),#1977,.T.);
#1977=PLANE('',#1978);
#1978=AXIS2_PLACEMENT_3D('',#180,#1979,#1980);
#1979=DIRECTION('',(-0,0,1));
#1980=DIRECTION('',(0.9772375326003857,-0.2121480729988144,0));
#1981=FACE_BOUND('',#1982,.T.);
#1982=EDGE_LOOP('',(#1983,#1984,#1985));
#1983=ORIENTED_EDGE('',*,*,#1986,.T.);
#1984=ORIENTED_EDGE('',*,*,#1987,.T.);
#1985=ORIENTED_EDGE('',*,*,#1988,.T.);
#1986=EDGE_CURVE('',#181,#183,#1989,.F.);
#1987=EDGE_CURVE('',#183,#185,#1990,.T.);
#1988=EDGE_CURVE('',#185,#181,#1991,.T.);
#1989=LINE('',#180,#1992);
#1990=LINE('',#182,#1993);
#1991=LINE('',#184,#1994);
#1992=VECTOR('',#1995,1.0);
#1993=VECTOR('',#1996,1.0);
#1994=VECTOR('',#1997,1.0);
#1995=DIRECTION('',(0.9772375326003857,-0.2121480729988144,0));
#1996=DIRECTION('',(-0.9442896510256409,0.32911556475784187,0));
#1997=DIRECTION('',(-0.04244211558769098,-0.9990989274463471,0));
#1998=FACE_SURFACE('',(#2003),#1999,.T.);
#1999=PLANE('',#2000);
#2000=AXIS2_PLACEMENT_3D('',#184,#2001,#2002);
#2001=DIRECTION('',(-0,0,1));
#2002=DIRECTION('',(0.9442896510256409,-0.32911556475784187,0));
#2003=FACE_BOUND('',#2004,.T.);
#2004=EDGE_LOOP('',(#2005,#2006,#2007));
#2005=ORIENTED_EDGE('',*,*,#2008,.T.);
#2006=ORIENTED_EDGE('',*,*,#2009,.T.);
#2007=ORIENTED_EDGE('',*,*,#2010,.T.);
#2008=EDGE_CURVE('',#185,#183,#2011,.F.);
#2009=EDGE_CURVE('',#183,#187,#2012,.T.);
#2010=EDGE_CURVE('',#187,#185,#2013,.T.);
#2011=LINE('',#184,#2014);
#2012=LINE('',#182,#2015);
#2013=LINE('',#186,#2016);
#2014=VECTOR('',#2017,1.0);
#2015=VECTOR('',#2018,1.0);
#2016=VECTOR('',#2019,1.0);
#2017=DIRECTION('',(0.9442896510256409,-0.32911556475784187,0));
#2018=DIRECTION('',(0.06824360338417318,0.9976686877902623,0));
#2019=DIRECTION('',(-1,0,0));
#2020=FACE_SURFACE('',(#2025),#2021,.T.);
#2021=PLANE('',#2022);
#2022=AXIS2_PLACEMENT_3D('',#184,#2023,#2024);
#2023=DIRECTION('',(0,-0,1));
#2024=DIRECTION('',(1,0,0));
#2025=FACE_BOUND('',#2026,.T.);
#2026=EDGE_LOOP('',(#2027,#2028,#2029));
#2027=ORIENTED_EDGE('',*,*,#2030,.T.);
#2028=ORIENTED_EDGE('',*,*,#2031,.T.);
#2029=ORIENTED_EDGE('',*,*,#2032,.T.);
#2030=EDGE_CURVE('',#185,#187,#2033,.F.);
#2031=EDGE_CURVE('',#187,#189,#2034,.T.);
#2032=EDGE_CURVE('',#189,#185,#2035,.T.);
#2033=LINE('',#184,#2036);
#2034=LINE('',#186,#2037);
#2035=LINE('',#188,#2038);
#2036=VECTOR('',#2039,1.0);
#2037=VECTOR('',#2040,1.0);
#2038=VECTOR('',#2041,1.0);
#2039=DIRECTION('',(1,0,0));
#2040=DIRECTION('',(-0.9920905480429265,0.12552427846391265,0));
#2041=DIRECTION('',(0.04244220381327956,-0.9990989236984854,0));
#2042=FACE_SURFACE('',(#2047),#2043,.T.);
#2043=PLANE('',#2044);
#2044=AXIS2_PLACEMENT_3D('',#188,#2045,#2046);
#2045=DIRECTION('',(-0,0,1));
#2046=DIRECTION('',(0.9920905480429265,-0.12552427846391265,0));
#2047=FACE_BOUND('',#2048,.T.);
#2048=EDGE_LOOP('',(#2049,#2050,#2051));
#2049=ORIENTED_EDGE('',*,*,#2052,.T.);
#2050=ORIENTED_EDGE('',*,*,#2053,.T.);
#2051=ORIENTED_EDGE('',*,*,#2054,.T.);
#2052=EDGE_CURVE('',#189,#187,#2055,.F.);
#2053=EDGE_CURVE('',#187,#191,#2056,.T.);
#2054=EDGE_CURVE('',#191,#189,#2057,.T.);
#2055=LINE('',#188,#2058);
#2056=LINE('',#186,#2059);
#2057=LINE('',#190,#2060);
#2058=VECTOR('',#2061,1.0);
#2059=VECTOR('',#2062,1.0);
#2060=VECTOR('',#2063,1.0);
#2061=DIRECTION('',(0.9920905480429265,-0.12552427846391265,0));
#2062=DIRECTION('',(-0.06824365624350913,0.9976686841745198,0));
#2063=DIRECTION('',(-0.9772375326003857,-0.2121480729988144,0));
#2064=FACE_SURFACE('',(#2069),#2065,.T.);
#2065=PLANE('',#2066);
#2066=AXIS2_PLACEMENT_3D('',#188,#2067,#2068);
#2067=DIRECTION('',(0,-0,1));
#2068=DIRECTION('',(0.9772375326003857,0.2121480729988144,0));
#2069=FACE_BOUND('',#2070,.T.);
#2070=EDGE_LOOP('',(#2071,#2072,#2073));
#2071=ORIENTED_EDGE('',*,*,#2074,.T.);
#2072=ORIENTED_EDGE('',*,*,#2075,.T.);
#2073=ORIENTED_EDGE('',*,*,#2076,.T.);
#2074=EDGE_CURVE('',#189,#191,#2077,.F.);
#2075=EDGE_CURVE('',#191,#193,#2078,.T.);
#2076=EDGE_CURVE('',#193,#189,#2079,.T.);
#2077=LINE('',#188,#2080);
#2078=LINE('',#190,#2081);
#2079=LINE('',#192,#2082);
#2080=VECTOR('',#2083,1.0);
#2081=VECTOR('',#2084,1.0);
#2082=VECTOR('',#2085,1.0);
#2083=DIRECTION('',(0.9772375326003857,0.2121480729988144,0));
#2084=DIRECTION('',(-0.9993297711466909,0.03660612653508101,0));
#2085=DIRECTION('',(0.169000200521684,-0.9856160166229192,0));
#2086=FACE_SURFACE('',(#2091),#2087,.T.);
#2087=PLANE('',#2088);
#2088=AXIS2_PLACEMENT_3D('',#192,#2089,#2090);
#2089=DIRECTION('',(-0,0,1));
#2090=DIRECTION('',(0.9993297711466909,-0.03660612653508101,0));
#2091=FACE_BOUND('',#2092,.T.);
#2092=EDGE_LOOP('',(#2093,#2094,#2095));
#2093=ORIENTED_EDGE('',*,*,#2096,.T.);
#2094=ORIENTED_EDGE('',*,*,#2097,.T.);
#2095=ORIENTED_EDGE('',*,*,#2098,.T.);
#2096=EDGE_CURVE('',#193,#191,#2099,.F.);
#2097=EDGE_CURVE('',#191,#195,#2100,.T.);
#2098=EDGE_CURVE('',#195,#193,#2101,.T.);
#2099=LINE('',#192,#2102);
#2100=LINE('',#190,#2103);
#2101=LINE('',#194,#2104);
#2102=VECTOR('',#2105,1.0);
#2103=VECTOR('',#2106,1.0);
#2104=VECTOR('',#2107,1.0);
#2105=DIRECTION('',(0.9993297711466909,-0.03660612653508101,0));
#2106=DIRECTION('',(-0.2034545758330276,0.979084386338891,0));
#2107=DIRECTION('',(-0.955083953168339,-0.2963353546243478,0));
#2108=FACE_SURFACE('',(#2113),#2109,.T.);
#2109=PLANE('',#2110);
#2110=AXIS2_PLACEMENT_3D('',#192,#2111,#2112);
#2111=DIRECTION('',(0,-0,1));
#2112=DIRECTION('',(0.955083953168339,0.2963353546243478,0));
#2113=FACE_BOUND('',#2114,.T.);
#2114=EDGE_LOOP('',(#2115,#2116,#2117));
#2115=ORIENTED_EDGE('',*,*,#2118,.T.);
#2116=ORIENTED_EDGE('',*,*,#2119,.T.);
#2117=ORIENTED_EDGE('',*,*,#2120,.T.);
#2118=EDGE_CURVE('',#193,#195,#2121,.F.);
#2119=EDGE_CURVE('',#195,#197,#2122,.T.);
#2120=EDGE_CURVE('',#197,#193,#2123,.T.);
#2121=LINE('',#192,#2124);
#2122=LINE('',#194,#2125);
#2123=LINE('',#196,#2126);
#2124=VECTOR('',#2127,1.0);
#2125=VECTOR('',#2128,1.0);
#2126=VECTOR('',#2129,1.0);
#2127=DIRECTION('',(0.955083953168339,0.2963353546243478,0));
#2128=DIRECTION('',(-0.998521538099219,-0.054357501340385,0));
#2129=DIRECTION('',(0.333140242693465,-0.9428772871896636,0));
#2130=FACE_SURFACE('',(#2135),#2131,.T.);
#2131=PLANE('',#2132);
#2132=AXIS2_PLACEMENT_3D('',#196,#2133,#2134);
#2133=DIRECTION('',(0,0,1));
#2134=DIRECTION('',(0.998521538099219,0.054357501340385,0));
#2135=FACE_BOUND('',#2136,.T.);
#2136=EDGE_LOOP('',(#2137,#2138,#2139));
#2137=ORIENTED_EDGE('',*,*,#2140,.T.);
#2138=ORIENTED_EDGE('',*,*,#2141,.T.);
#2139=ORIENTED_EDGE('',*,*,#2142,.T.);
#2140=EDGE_CURVE('',#197,#195,#2143,.F.);
#2141=EDGE_CURVE('',#195,#199,#2144,.T.);
#2142=EDGE_CURVE('',#199,#197,#2145,.T.);
#2143=LINE('',#196,#2146);
#2144=LINE('',#194,#2147);
#2145=LINE('',#198,#2148);
#2146=VECTOR('',#2149,1.0);
#2147=VECTOR('',#2150,1.0);
#2148=VECTOR('',#2151,1.0);
#2149=DIRECTION('',(0.998521538099219,0.054357501340385,0));
#2150=DIRECTION('',(-0.33487965778810314,0.942260905906492,0));
#2151=DIRECTION('',(-0.9258070852980316,-0.3779963502627547,0));
#2152=FACE_SURFACE('',(#2157),#2153,.T.);
#2153=PLANE('',#2154);
#2154=AXIS2_PLACEMENT_3D('',#196,#2155,#2156);
#2155=DIRECTION('',(0,-0,1));
#2156=DIRECTION('',(0.9258070852980316,0.3779963502627547,0));
#2157=FACE_BOUND('',#2158,.T.);
#2158=EDGE_LOOP('',(#2159,#2160,#2161));
#2159=ORIENTED_EDGE('',*,*,#2162,.T.);
#2160=ORIENTED_EDGE('',*,*,#2163,.T.);
#2161=ORIENTED_EDGE('',*,*,#2164,.T.);
#2162=EDGE_CURVE('',#197,#199,#2165,.F.);
#2163=EDGE_CURVE('',#199,#147,#2166,.T.);
#2164=EDGE_CURVE('',#147,#197,#2167,.T.);
#2165=LINE('',#196,#2168);
#2166=LINE('',#198,#2169);
#2167=LINE('',#146,#2170);
#2168=VECTOR('',#2171,1.0);
#2169=VECTOR('',#2172,1.0);
#2170=VECTOR('',#2173,1.0);
#2171=DIRECTION('',(0.9258070852980316,0.3779963502627547,0));
#2172=DIRECTION('',(-0.98914251420518,-0.14695947261696088,0));
#2173=DIRECTION('',(0.487694843209549,-0.8730141693619946,0));
#2174=FACE_SURFACE('',(#2179),#2175,.T.);
#2175=PLANE('',#2176);
#2176=AXIS2_PLACEMENT_3D('',#146,#2177,#2178);
#2177=DIRECTION('',(0,0,1));
#2178=DIRECTION('',(0.98914251420518,0.14695947261696088,0));
#2179=FACE_BOUND('',#2180,.T.);
#2180=EDGE_LOOP('',(#2181,#2182,#2183));
#2181=ORIENTED_EDGE('',*,*,#2184,.T.);
#2182=ORIENTED_EDGE('',*,*,#2185,.T.);
#2183=ORIENTED_EDGE('',*,*,#2186,.T.);
#2184=EDGE_CURVE('',#147,#199,#2187,.F.);
#2185=EDGE_CURVE('',#199,#201,#2188,.T.);
#2186=EDGE_CURVE('',#201,#147,#2189,.T.);
#2187=LINE('',#146,#2190);
#2188=LINE('',#198,#2191);
#2189=LINE('',#200,#2192);
#2190=VECTOR('',#2193,1.0);
#2191=VECTOR('',#2194,1.0);
#2192=VECTOR('',#2195,1.0);
#2193=DIRECTION('',(0.98914251420518,0.14695947261696088,0));
#2194=DIRECTION('',(-0.46006582629176307,0.8878848098027566,0));
#2195=DIRECTION('',(-0.8894519818137571,-0.4570286337283256,0));
#2196=FACE_SURFACE('',(#2201),#2197,.T.);
#2197=PLANE('',#2198);
#2198=AXIS2_PLACEMENT_3D('',#146,#2199,#2200);
#2199=DIRECTION('',(0,0,1));
#2200=DIRECTION('',(0.8894519818137571,0.4570286337283256,0));
#2201=FACE_BOUND('',#2202,.T.);
#2202=EDGE_LOOP('',(#2203,#2204,#2205));
#2203=ORIENTED_EDGE('',*,*,#2206,.T.);
#2204=ORIENTED_EDGE('',*,*,#2207,.T.);
#2205=ORIENTED_EDGE('',*,*,#2208,.T.);
#2206=EDGE_CURVE('',#147,#201,#2209,.F.);
#2207=EDGE_CURVE('',#201,#149,#2210,.T.);
#2208=EDGE_CURVE('',#149,#147,#2211,.T.);
#2209=LINE('',#146,#2212);
#2210=LINE('',#200,#2213);
#2211=LINE('',#148,#2214);
#2212=VECTOR('',#2215,1.0);
#2213=VECTOR('',#2216,1.0);
#2214=VECTOR('',#2217,1.0);
#2215=DIRECTION('',(0.8894519818137571,0.4570286337283256,0));
#2216=DIRECTION('',(-0.5766800884938234,0.816970057918132,0));
#2217=DIRECTION('',(-0.6864896514276372,-0.7271395729038279,0));
#2218=FACE_SURFACE('',(#2223),#2219,.T.);
#2219=PLANE('',#2220);
#2220=AXIS2_PLACEMENT_3D('',#202,#2221,#2222);
#2221=DIRECTION('',(-0,0,-1));
#2222=DIRECTION('',(-0.9656970426722408,-0.25967137265029533,0));
#2223=FACE_BOUND('',#2224,.T.);
#2224=EDGE_LOOP('',(#2225,#2226,#2227));
#2225=ORIENTED_EDGE('',*,*,#2228,.T.);
#2226=ORIENTED_EDGE('',*,*,#2229,.T.);
#2227=ORIENTED_EDGE('',*,*,#2230,.T.);
#2228=EDGE_CURVE('',#203,#205,#2231,.F.);
#2229=EDGE_CURVE('',#205,#207,#2232,.T.);
#2230=EDGE_CURVE('',#207,#203,#2233,.T.);
#2231=LINE('',#202,#2234);
#2232=LINE('',#204,#2235);
#2233=LINE('',#206,#2236);
#2234=VECTOR('',#2237,1.0);
#2235=VECTOR('',#2238,1.0);
#2236=VECTOR('',#2239,1.0);
#2237=DIRECTION('',(-0.9656970426722408,-0.25967137265029533,0));
#2238=DIRECTION('',(0.8707199612834396,0.491779166926137,0));
#2239=DIRECTION('',(0.4119012309392272,-0.9112284982103828,0));
#2240=FACE_SURFACE('',(#2245),#2241,.T.);
#2241=PLANE('',#2242);
#2242=AXIS2_PLACEMENT_3D('',#206,#2243,#2244);
#2243=DIRECTION('',(0,0,-1));
#2244=DIRECTION('',(-0.8707199612834396,-0.491779166926137,0));
#2245=FACE_BOUND('',#2246,.T.);
#2246=EDGE_LOOP('',(#2247,#2248,#2249));
#2247=ORIENTED_EDGE('',*,*,#2250,.T.);
#2248=ORIENTED_EDGE('',*,*,#2251,.T.);
#2249=ORIENTED_EDGE('',*,*,#2252,.T.);
#2250=EDGE_CURVE('',#207,#205,#2253,.F.);
#2251=EDGE_CURVE('',#205,#209,#2254,.T.);
#2252=EDGE_CURVE('',#209,#207,#2255,.T.);
#2253=LINE('',#206,#2256);
#2254=LINE('',#204,#2257);
#2255=LINE('',#208,#2258);
#2256=VECTOR('',#2259,1.0);
#2257=VECTOR('',#2260,1.0);
#2258=VECTOR('',#2261,1.0);
#2259=DIRECTION('',(-0.8707199612834396,-0.491779166926137,0));
#2260=DIRECTION('',(-0.334879614706145,0.9422609212178248,0));
#2261=DIRECTION('',(0.9848596939393801,0.17335334797352667,0));
#2262=FACE_SURFACE('',(#2267),#2263,.T.);
#2263=PLANE('',#2264);
#2264=AXIS2_PLACEMENT_3D('',#206,#2265,#2266);
#2265=DIRECTION('',(-0,0,-1));
#2266=DIRECTION('',(-0.9848596939393801,-0.17335334797352667,0));
#2267=FACE_BOUND('',#2268,.T.);
#2268=EDGE_LOOP('',(#2269,#2270,#2271));
#2269=ORIENTED_EDGE('',*,*,#2272,.T.);
#2270=ORIENTED_EDGE('',*,*,#2273,.T.);
#2271=ORIENTED_EDGE('',*,*,#2274,.T.);
#2272=EDGE_CURVE('',#207,#209,#2275,.F.);
#2273=EDGE_CURVE('',#209,#211,#2276,.T.);
#2274=EDGE_CURVE('',#211,#207,#2277,.T.);
#2275=LINE('',#206,#2278);
#2276=LINE('',#208,#2279);
#2277=LINE('',#210,#2280);
#2278=VECTOR('',#2281,1.0);
#2279=VECTOR('',#2282,1.0);
#2280=VECTOR('',#2283,1.0);
#2281=DIRECTION('',(-0.9848596939393801,-0.17335334797352667,0));
#2282=DIRECTION('',(0.9108176256042668,0.41280897869184685,0));
#2283=DIRECTION('',(0.25197818777132186,-0.9677329140250839,0));
#2284=FACE_SURFACE('',(#2289),#2285,.T.);
#2285=PLANE('',#2286);
#2286=AXIS2_PLACEMENT_3D('',#210,#2287,#2288);
#2287=DIRECTION('',(0,0,-1));
#2288=DIRECTION('',(-0.9108176256042668,-0.41280897869184685,0));
#2289=FACE_BOUND('',#2290,.T.);
#2290=EDGE_LOOP('',(#2291,#2292,#2293));
#2291=ORIENTED_EDGE('',*,*,#2294,.T.);
#2292=ORIENTED_EDGE('',*,*,#2295,.T.);
#2293=ORIENTED_EDGE('',*,*,#2296,.T.);
#2294=EDGE_CURVE('',#211,#209,#2297,.F.);
#2295=EDGE_CURVE('',#209,#213,#2298,.T.);
#2296=EDGE_CURVE('',#213,#211,#2299,.T.);
#2297=LINE('',#210,#2300);
#2298=LINE('',#208,#2301);
#2299=LINE('',#212,#2302);
#2300=VECTOR('',#2303,1.0);
#2301=VECTOR('',#2304,1.0);
#2302=VECTOR('',#2305,1.0);
#2303=DIRECTION('',(-0.9108176256042668,-0.41280897869184685,0));
#2304=DIRECTION('',(-0.2034557852242214,0.9790841350255838,0));
#2305=DIRECTION('',(0.99623133887073,0.08673591788776254,0));
#2306=FACE_SURFACE('',(#2311),#2307,.T.);
#2307=PLANE('',#2308);
#2308=AXIS2_PLACEMENT_3D('',#210,#2309,#2310);
#2309=DIRECTION('',(-0,0,-1));
#2310=DIRECTION('',(-0.99623133887073,-0.08673591788776254,0));
#2311=FACE_BOUND('',#2312,.T.);
#2312=EDGE_LOOP('',(#2313,#2314,#2315));
#2313=ORIENTED_EDGE('',*,*,#2316,.T.);
#2314=ORIENTED_EDGE('',*,*,#2317,.T.);
#2315=ORIENTED_EDGE('',*,*,#2318,.T.);
#2316=EDGE_CURVE('',#211,#213,#2319,.F.);
#2317=EDGE_CURVE('',#213,#215,#2320,.T.);
#2318=EDGE_CURVE('',#215,#211,#2321,.T.);
#2319=LINE('',#210,#2322);
#2320=LINE('',#212,#2323);
#2321=LINE('',#214,#2324);
#2322=VECTOR('',#2325,1.0);
#2323=VECTOR('',#2326,1.0);
#2324=VECTOR('',#2327,1.0);
#2325=DIRECTION('',(-0.99623133887073,-0.08673591788776254,0));
#2326=DIRECTION('',(0.9442896666303054,0.3291155199853488,0));
#2327=DIRECTION('',(0.08480591742558194,-0.9963974891425638,0));
#2328=FACE_SURFACE('',(#2333),#2329,.T.);
#2329=PLANE('',#2330);
#2330=AXIS2_PLACEMENT_3D('',#214,#2331,#2332);
#2331=DIRECTION('',(-0,0,-1));
#2332=DIRECTION('',(-0.9442896666303054,-0.3291155199853488,0));
#2333=FACE_BOUND('',#2334,.T.);
#2334=EDGE_LOOP('',(#2335,#2336,#2337));
#2335=ORIENTED_EDGE('',*,*,#2338,.T.);
#2336=ORIENTED_EDGE('',*,*,#2339,.T.);
#2337=ORIENTED_EDGE('',*,*,#2340,.T.);
#2338=EDGE_CURVE('',#215,#213,#2341,.F.);
#2339=EDGE_CURVE('',#213,#217,#2342,.T.);
#2340=EDGE_CURVE('',#217,#215,#2343,.T.);
#2341=LINE('',#214,#2344);
#2342=LINE('',#212,#2345);
#2343=LINE('',#216,#2346);
#2344=VECTOR('',#2347,1.0);
#2345=VECTOR('',#2348,1.0);
#2346=VECTOR('',#2349,1.0);
#2347=DIRECTION('',(-0.9442896666303054,-0.3291155199853488,0));
#2348=DIRECTION('',(-0.06824239594339472,0.997668770382187,0));
#2349=DIRECTION('',(1,0,0));
#2350=FACE_SURFACE('',(#2355),#2351,.T.);
#2351=PLANE('',#2352);
#2352=AXIS2_PLACEMENT_3D('',#214,#2353,#2354);
#2353=DIRECTION('',(0,0,-1));
#2354=DIRECTION('',(-1,0,0));
#2355=FACE_BOUND('',#2356,.T.);
#2356=EDGE_LOOP('',(#2357,#2358,#2359));
#2357=ORIENTED_EDGE('',*,*,#2360,.T.);
#2358=ORIENTED_EDGE('',*,*,#2361,.T.);
#2359=ORIENTED_EDGE('',*,*,#2362,.T.);
#2360=EDGE_CURVE('',#215,#217,#2363,.F.);
#2361=EDGE_CURVE('',#217,#219,#2364,.T.);
#2362=EDGE_CURVE('',#219,#215,#2365,.T.);
#2363=LINE('',#214,#2366);
#2364=LINE('',#216,#2367);
#2365=LINE('',#218,#2368);
#2366=VECTOR('',#2369,1.0);
#2367=VECTOR('',#2370,1.0);
#2368=VECTOR('',#2371,1.0);
#2369=DIRECTION('',(-1,0,0));
#2370=DIRECTION('',(0.97056414836769,0.24084275763099172,0));
#2371=DIRECTION('',(-0.0848060054106474,-0.9963974816539277,0));
#2372=FACE_SURFACE('',(#2377),#2373,.T.);
#2373=PLANE('',#2374);
#2374=AXIS2_PLACEMENT_3D('',#218,#2375,#2376);
#2375=DIRECTION('',(-0,0,-1));
#2376=DIRECTION('',(-0.97056414836769,-0.24084275763099172,0));
#2377=FACE_BOUND('',#2378,.T.);
#2378=EDGE_LOOP('',(#2379,#2380,#2381));
#2379=ORIENTED_EDGE('',*,*,#2382,.T.);
#2380=ORIENTED_EDGE('',*,*,#2383,.T.);
#2381=ORIENTED_EDGE('',*,*,#2384,.T.);
#2382=EDGE_CURVE('',#219,#217,#2385,.F.);
#2383=EDGE_CURVE('',#217,#221,#2386,.T.);
#2384=EDGE_CURVE('',#221,#219,#2387,.T.);
#2385=LINE('',#218,#2388);
#2386=LINE('',#216,#2389);
#2387=LINE('',#220,#2390);
#2388=VECTOR('',#2391,1.0);
#2389=VECTOR('',#2392,1.0);
#2390=VECTOR('',#2393,1.0);
#2391=DIRECTION('',(-0.97056414836769,-0.24084275763099172,0));
#2392=DIRECTION('',(0.06824244880180418,0.9976687667665722,0));
#2393=DIRECTION('',(0.99623133887073,-0.08673591788776254,0));
#2394=FACE_SURFACE('',(#2399),#2395,.T.);
#2395=PLANE('',#2396);
#2396=AXIS2_PLACEMENT_3D('',#218,#2397,#2398);
#2397=DIRECTION('',(0,0,-1));
#2398=DIRECTION('',(-0.99623133887073,0.08673591788776254,0));
#2399=FACE_BOUND('',#2400,.T.);
#2400=EDGE_LOOP('',(#2401,#2402,#2403));
#2401=ORIENTED_EDGE('',*,*,#2404,.T.);
#2402=ORIENTED_EDGE('',*,*,#2405,.T.);
#2403=ORIENTED_EDGE('',*,*,#2406,.T.);
#2404=EDGE_CURVE('',#219,#221,#2407,.F.);
#2405=EDGE_CURVE('',#221,#223,#2408,.T.);
#2406=EDGE_CURVE('',#223,#219,#2409,.T.);
#2407=LINE('',#218,#2410);
#2408=LINE('',#220,#2411);
#2409=LINE('',#222,#2412);
#2410=VECTOR('',#2413,1.0);
#2411=VECTOR('',#2414,1.0);
#2412=VECTOR('',#2415,1.0);
#2413=DIRECTION('',(-0.99623133887073,0.08673591788776254,0));
#2414=DIRECTION('',(0.9889454326741688,0.1482799082576634,0));
#2415=DIRECTION('',(-0.2519780608196199,-0.967732947080745,0));
#2416=FACE_SURFACE('',(#2421),#2417,.T.);
#2417=PLANE('',#2418);
#2418=AXIS2_PLACEMENT_3D('',#224,#2419,#2420);
#2419=DIRECTION('',(0,0,-1));
#2420=DIRECTION('',(-0.3600417958655408,0.9329361742530494,0));
#2421=FACE_BOUND('',#2422,.T.);
#2422=EDGE_LOOP('',(#2423,#2424,#2425));
#2423=ORIENTED_EDGE('',*,*,#2426,.T.);
#2424=ORIENTED_EDGE('',*,*,#2427,.T.);
#2425=ORIENTED_EDGE('',*,*,#2428,.T.);
#2426=EDGE_CURVE('',#225,#227,#2429,.F.);
#2427=EDGE_CURVE('',#227,#229,#2430,.T.);
#2428=EDGE_CURVE('',#229,#225,#2431,.T.);
#2429=LINE('',#224,#2432);
#2430=LINE('',#226,#2433);
#2431=LINE('',#228,#2434);
#2432=VECTOR('',#2435,1.0);
#2433=VECTOR('',#2436,1.0);
#2434=VECTOR('',#2437,1.0);
#2435=DIRECTION('',(-0.3600417958655408,0.9329361742530494,0));
#2436=DIRECTION('',(0.5809355574595741,-0.813949554996582,0));
#2437=DIRECTION('',(-0.8929260300218379,-0.4502034039292017,0));
#2438=FACE_SURFACE('',(#2443),#2439,.T.);
#2439=PLANE('',#2440);
#2440=AXIS2_PLACEMENT_3D('',#228,#2441,#2442);
#2441=DIRECTION('',(0,0,-1));
#2442=DIRECTION('',(-0.5809355574595741,0.813949554996582,0));
#2443=FACE_BOUND('',#2444,.T.);
#2444=EDGE_LOOP('',(#2445,#2446,#2447));
#2445=ORIENTED_EDGE('',*,*,#2448,.T.);
#2446=ORIENTED_EDGE('',*,*,#2449,.T.);
#2447=ORIENTED_EDGE('',*,*,#2450,.T.);
#2448=EDGE_CURVE('',#229,#227,#2451,.F.);
#2449=EDGE_CURVE('',#227,#231,#2452,.T.);
#2450=EDGE_CURVE('',#231,#229,#2453,.T.);
#2451=LINE('',#228,#2454);
#2452=LINE('',#226,#2455);
#2453=LINE('',#230,#2456);
#2454=VECTOR('',#2457,1.0);
#2455=VECTOR('',#2458,1.0);
#2456=VECTOR('',#2459,1.0);
#2457=DIRECTION('',(-0.5809355574595741,0.813949554996582,0));
#2458=DIRECTION('',(0.9172111169490922,0.3984015147373297,0));
#2459=DIRECTION('',(0.2770590619083081,-0.9608528899964283,0));
#2460=FACE_SURFACE('',(#2465),#2461,.T.);
#2461=PLANE('',#2462);
#2462=AXIS2_PLACEMENT_3D('',#228,#2463,#2464);
#2463=DIRECTION('',(0,0,-1));
#2464=DIRECTION('',(-0.2770590619083081,0.9608528899964283,0));
#2465=FACE_BOUND('',#2466,.T.);
#2466=EDGE_LOOP('',(#2467,#2468,#2469));
#2467=ORIENTED_EDGE('',*,*,#2470,.T.);
#2468=ORIENTED_EDGE('',*,*,#2471,.T.);
#2469=ORIENTED_EDGE('',*,*,#2472,.T.);
#2470=EDGE_CURVE('',#229,#231,#2473,.F.);
#2471=EDGE_CURVE('',#231,#233,#2474,.T.);
#2472=EDGE_CURVE('',#233,#229,#2475,.T.);
#2473=LINE('',#228,#2476);
#2474=LINE('',#230,#2477);
#2475=LINE('',#232,#2478);
#2476=VECTOR('',#2479,1.0);
#2477=VECTOR('',#2480,1.0);
#2478=VECTOR('',#2481,1.0);
#2479=DIRECTION('',(-0.2770590619083081,0.9608528899964283,0));
#2480=DIRECTION('',(0.5056146799883133,-0.8627594075872576,0));
#2481=DIRECTION('',(-0.9561665739548143,-0.29282329629234166,0));
#2482=FACE_SURFACE('',(#2487),#2483,.T.);
#2483=PLANE('',#2484);
#2484=AXIS2_PLACEMENT_3D('',#232,#2485,#2486);
#2485=DIRECTION('',(0,0,-1));
#2486=DIRECTION('',(-0.5056146799883133,0.8627594075872576,0));
#2487=FACE_BOUND('',#2488,.T.);
#2488=EDGE_LOOP('',(#2489,#2490,#2491));
#2489=ORIENTED_EDGE('',*,*,#2492,.T.);
#2490=ORIENTED_EDGE('',*,*,#2493,.T.);
#2491=ORIENTED_EDGE('',*,*,#2494,.T.);
#2492=EDGE_CURVE('',#233,#231,#2495,.F.);
#2493=EDGE_CURVE('',#231,#235,#2496,.T.);
#2494=EDGE_CURVE('',#235,#233,#2497,.T.);
#2495=LINE('',#232,#2498);
#2496=LINE('',#230,#2499);
#2497=LINE('',#234,#2500);
#2498=VECTOR('',#2501,1.0);
#2499=VECTOR('',#2502,1.0);
#2500=VECTOR('',#2503,1.0);
#2501=DIRECTION('',(-0.5056146799883133,0.8627594075872576,0));
#2502=DIRECTION('',(0.9629174762447448,0.2697960969740877,0));
#2503=DIRECTION('',(0.19260149020475686,-0.9812770587203733,0));
#2504=FACE_SURFACE('',(#2509),#2505,.T.);
#2505=PLANE('',#2506);
#2506=AXIS2_PLACEMENT_3D('',#232,#2507,#2508);
#2507=DIRECTION('',(0,0,-1));
#2508=DIRECTION('',(-0.19260149020475686,0.9812770587203733,0));
#2509=FACE_BOUND('',#2510,.T.);
#2510=EDGE_LOOP('',(#2511,#2512,#2513));
#2511=ORIENTED_EDGE('',*,*,#2514,.T.);
#2512=ORIENTED_EDGE('',*,*,#2515,.T.);
#2513=ORIENTED_EDGE('',*,*,#2516,.T.);
#2514=EDGE_CURVE('',#233,#235,#2517,.F.);
#2515=EDGE_CURVE('',#235,#237,#2518,.T.);
#2516=EDGE_CURVE('',#237,#233,#2519,.T.);
#2517=LINE('',#232,#2520);
#2518=LINE('',#234,#2521);
#2519=LINE('',#236,#2522);
#2520=VECTOR('',#2523,1.0);
#2521=VECTOR('',#2524,1.0);
#2522=VECTOR('',#2525,1.0);
#2523=DIRECTION('',(-0.19260149020475686,0.9812770587203733,0));
#2524=DIRECTION('',(0.4245164179759413,-0.905420239926674,0));
#2525=DIRECTION('',(-0.991900468187913,-0.12701756259903146,0));
#2526=FACE_SURFACE('',(#2531),#2527,.T.);
#2527=PLANE('',#2528);
#2528=AXIS2_PLACEMENT_3D('',#236,#2529,#2530);
#2529=DIRECTION('',(0,0,-1));
#2530=DIRECTION('',(-0.4245164179759413,0.905420239926674,0));
#2531=FACE_BOUND('',#2532,.T.);
#2532=EDGE_LOOP('',(#2533,#2534,#2535));
#2533=ORIENTED_EDGE('',*,*,#2536,.T.);
#2534=ORIENTED_EDGE('',*,*,#2537,.T.);
#2535=ORIENTED_EDGE('',*,*,#2538,.T.);
#2536=EDGE_CURVE('',#237,#235,#2539,.F.);
#2537=EDGE_CURVE('',#235,#239,#2540,.T.);
#2538=EDGE_CURVE('',#239,#237,#2541,.T.);
#2539=LINE('',#236,#2542);
#2540=LINE('',#234,#2543);
#2541=LINE('',#238,#2544);
#2542=VECTOR('',#2545,1.0);
#2543=VECTOR('',#2546,1.0);
#2544=VECTOR('',#2547,1.0);
#2545=DIRECTION('',(-0.4245164179759413,0.905420239926674,0));
#2546=DIRECTION('',(0.990685845759402,0.1361673786630936,0));
#2547=DIRECTION('',(0.1068105765129089,-0.9942793876697738,0));
#2548=FACE_SURFACE('',(#2553),#2549,.T.);
#2549=PLANE('',#2550);
#2550=AXIS2_PLACEMENT_3D('',#236,#2551,#2552);
#2551=DIRECTION('',(0,0,-1));
#2552=DIRECTION('',(-0.1068105765129089,0.9942793876697738,0));
#2553=FACE_BOUND('',#2554,.T.);
#2554=EDGE_LOOP('',(#2555,#2556,#2557));
#2555=ORIENTED_EDGE('',*,*,#2558,.T.);
#2556=ORIENTED_EDGE('',*,*,#2559,.T.);
#2557=ORIENTED_EDGE('',*,*,#2560,.T.);
#2558=EDGE_CURVE('',#237,#239,#2561,.F.);
#2559=EDGE_CURVE('',#239,#241,#2562,.T.);
#2560=EDGE_CURVE('',#241,#237,#2563,.T.);
#2561=LINE('',#236,#2564);
#2562=LINE('',#238,#2565);
#2563=LINE('',#240,#2566);
#2564=VECTOR('',#2567,1.0);
#2565=VECTOR('',#2568,1.0);
#2566=VECTOR('',#2569,1.0);
#2567=DIRECTION('',(-0.1068105765129089,0.9942793876697738,0));
#2568=DIRECTION('',(0.33777304463863944,-0.9412275868861599,0));
#2569=DIRECTION('',(-0.9990989809574873,0.04244085590218876,0));
#2570=FACE_SURFACE('',(#2575),#2571,.T.);
#2571=PLANE('',#2572);
#2572=AXIS2_PLACEMENT_3D('',#220,#2573,#2574);
#2573=DIRECTION('',(0,0,-1));
#2574=DIRECTION('',(0.2034557852242214,0.9790841350255838,0));
#2575=FACE_BOUND('',#2576,.T.);
#2576=EDGE_LOOP('',(#2577,#2578,#2579));
#2577=ORIENTED_EDGE('',*,*,#2580,.T.);
#2578=ORIENTED_EDGE('',*,*,#2581,.T.);
#2579=ORIENTED_EDGE('',*,*,#2582,.T.);
#2580=EDGE_CURVE('',#221,#243,#2583,.F.);
#2581=EDGE_CURVE('',#243,#223,#2584,.T.);
#2582=EDGE_CURVE('',#223,#221,#2585,.T.);
#2583=LINE('',#220,#2586);
#2584=LINE('',#242,#2587);
#2585=LINE('',#222,#2588);
#2586=VECTOR('',#2589,1.0);
#2587=VECTOR('',#2590,1.0);
#2588=VECTOR('',#2591,1.0);
#2589=DIRECTION('',(0.2034557852242214,0.9790841350255838,0));
#2590=DIRECTION('',(0.9848597163683439,-0.17335322054944716,0));
#2591=DIRECTION('',(-0.9889454326741688,-0.1482799082576634,0));
#2592=FACE_SURFACE('',(#2597),#2593,.T.);
#2593=PLANE('',#2594);
#2594=AXIS2_PLACEMENT_3D('',#222,#2595,#2596);
#2595=DIRECTION('',(0,0,-1));
#2596=DIRECTION('',(-0.9848597163683439,0.17335322054944716,0));
#2597=FACE_BOUND('',#2598,.T.);
#2598=EDGE_LOOP('',(#2599,#2600,#2601));
#2599=ORIENTED_EDGE('',*,*,#2602,.T.);
#2600=ORIENTED_EDGE('',*,*,#2603,.T.);
#2601=ORIENTED_EDGE('',*,*,#2604,.T.);
#2602=EDGE_CURVE('',#223,#243,#2605,.F.);
#2603=EDGE_CURVE('',#243,#245,#2606,.T.);
#2604=EDGE_CURVE('',#245,#223,#2607,.T.);
#2605=LINE('',#222,#2608);
#2606=LINE('',#242,#2609);
#2607=LINE('',#244,#2610);
#2608=VECTOR('',#2611,1.0);
#2609=VECTOR('',#2612,1.0);
#2610=VECTOR('',#2613,1.0);
#2611=DIRECTION('',(-0.9848597163683439,0.17335322054944716,0));
#2612=DIRECTION('',(0.334879614706145,0.9422609212178248,0));
#2613=DIRECTION('',(0.8707200174849702,-0.49177906741846295,0));
#2614=FACE_SURFACE('',(#2619),#2615,.T.);
#2615=PLANE('',#2616);
#2616=AXIS2_PLACEMENT_3D('',#222,#2617,#2618);
#2617=DIRECTION('',(0,0,-1));
#2618=DIRECTION('',(-0.8707200174849702,0.49177906741846295,0));
#2619=FACE_BOUND('',#2620,.T.);
#2620=EDGE_LOOP('',(#2621,#2622,#2623));
#2621=ORIENTED_EDGE('',*,*,#2624,.T.);
#2622=ORIENTED_EDGE('',*,*,#2625,.T.);
#2623=ORIENTED_EDGE('',*,*,#2626,.T.);
#2624=EDGE_CURVE('',#223,#245,#2627,.F.);
#2625=EDGE_CURVE('',#245,#247,#2628,.T.);
#2626=EDGE_CURVE('',#247,#223,#2629,.T.);
#2627=LINE('',#222,#2630);
#2628=LINE('',#244,#2631);
#2629=LINE('',#246,#2632);
#2630=VECTOR('',#2633,1.0);
#2631=VECTOR('',#2634,1.0);
#2632=VECTOR('',#2635,1.0);
#2633=DIRECTION('',(-0.8707200174849702,0.49177906741846295,0));
#2634=DIRECTION('',(0.9656970752856302,-0.2596712513636807,0));
#2635=DIRECTION('',(-0.4119012309392272,-0.9112284982103828,0));
#2636=FACE_SURFACE('',(#2641),#2637,.T.);
#2637=PLANE('',#2638);
#2638=AXIS2_PLACEMENT_3D('',#246,#2639,#2640);
#2639=DIRECTION('',(0,0,-1));
#2640=DIRECTION('',(-0.9656970752856302,0.2596712513636807,0));
#2641=FACE_BOUND('',#2642,.T.);
#2642=EDGE_LOOP('',(#2643,#2644,#2645));
#2643=ORIENTED_EDGE('',*,*,#2646,.T.);
#2644=ORIENTED_EDGE('',*,*,#2647,.T.);
#2645=ORIENTED_EDGE('',*,*,#2648,.T.);
#2646=EDGE_CURVE('',#247,#245,#2649,.F.);
#2647=EDGE_CURVE('',#245,#249,#2650,.T.);
#2648=EDGE_CURVE('',#249,#247,#2651,.T.);
#2649=LINE('',#246,#2652);
#2650=LINE('',#244,#2653);
#2651=LINE('',#248,#2654);
#2652=VECTOR('',#2655,1.0);
#2653=VECTOR('',#2656,1.0);
#2654=VECTOR('',#2657,1.0);
#2655=DIRECTION('',(-0.9656970752856302,0.2596712513636807,0));
#2656=DIRECTION('',(0.46006498472368135,0.8878852458686307,0));
#2657=DIRECTION('',(0.8244236073799351,-0.56597324635945,0));
#2658=FACE_SURFACE('',(#2663),#2659,.T.);
#2659=PLANE('',#2660);
#2660=AXIS2_PLACEMENT_3D('',#246,#2661,#2662);
#2661=DIRECTION('',(0,0,-1));
#2662=DIRECTION('',(-0.8244236073799351,0.56597324635945,0));
#2663=FACE_BOUND('',#2664,.T.);
#2664=EDGE_LOOP('',(#2665,#2666,#2667));
#2665=ORIENTED_EDGE('',*,*,#2668,.T.);
#2666=ORIENTED_EDGE('',*,*,#2669,.T.);
#2667=ORIENTED_EDGE('',*,*,#2670,.T.);
#2668=EDGE_CURVE('',#247,#249,#2671,.F.);
#2669=EDGE_CURVE('',#249,#251,#2672,.T.);
#2670=EDGE_CURVE('',#251,#247,#2673,.T.);
#2671=LINE('',#246,#2674);
#2672=LINE('',#248,#2675);
#2673=LINE('',#250,#2676);
#2674=VECTOR('',#2677,1.0);
#2675=VECTOR('',#2678,1.0);
#2676=VECTOR('',#2679,1.0);
#2677=DIRECTION('',(-0.8244236073799351,0.56597324635945,0));
#2678=DIRECTION('',(0.9384587183529421,-0.34539142135749884,0));
#2679=DIRECTION('',(-0.5599750504649106,-0.8285094705896975,0));
#2680=FACE_SURFACE('',(#2685),#2681,.T.);
#2681=PLANE('',#2682);
#2682=AXIS2_PLACEMENT_3D('',#250,#2683,#2684);
#2683=DIRECTION('',(0,0,-1));
#2684=DIRECTION('',(-0.9384587183529421,0.34539142135749884,0));
#2685=FACE_BOUND('',#2686,.T.);
#2686=EDGE_LOOP('',(#2687,#2688,#2689));
#2687=ORIENTED_EDGE('',*,*,#2690,.T.);
#2688=ORIENTED_EDGE('',*,*,#2691,.T.);
#2689=ORIENTED_EDGE('',*,*,#2692,.T.);
#2690=EDGE_CURVE('',#251,#249,#2693,.F.);
#2691=EDGE_CURVE('',#249,#253,#2694,.T.);
#2692=EDGE_CURVE('',#253,#251,#2695,.T.);
#2693=LINE('',#250,#2696);
#2694=LINE('',#248,#2697);
#2695=LINE('',#252,#2698);
#2696=VECTOR('',#2699,1.0);
#2697=VECTOR('',#2700,1.0);
#2698=VECTOR('',#2701,1.0);
#2699=DIRECTION('',(-0.9384587183529421,0.34539142135749884,0));
#2700=DIRECTION('',(0.576680412360079,0.8169698293084079,0));
#2701=DIRECTION('',(0.7722049201369414,-0.6353735604479464,0));
#2702=FACE_SURFACE('',(#2707),#2703,.T.);
#2703=PLANE('',#2704);
#2704=AXIS2_PLACEMENT_3D('',#250,#2705,#2706);
#2705=DIRECTION('',(0,0,-1));
#2706=DIRECTION('',(-0.7722049201369414,0.6353735604479464,0));
#2707=FACE_BOUND('',#2708,.T.);
#2708=EDGE_LOOP('',(#2709,#2710,#2711));
#2709=ORIENTED_EDGE('',*,*,#2712,.T.);
#2710=ORIENTED_EDGE('',*,*,#2713,.T.);
#2711=ORIENTED_EDGE('',*,*,#2714,.T.);
#2712=EDGE_CURVE('',#251,#253,#2715,.F.);
#2713=EDGE_CURVE('',#253,#255,#2716,.T.);
#2714=EDGE_CURVE('',#255,#251,#2717,.T.);
#2715=LINE('',#250,#2718);
#2716=LINE('',#252,#2719);
#2717=LINE('',#254,#2720);
#2718=VECTOR('',#2721,1.0);
#2719=VECTOR('',#2722,1.0);
#2720=VECTOR('',#2723,1.0);
#2721=DIRECTION('',(-0.7722049201369414,0.6353735604479464,0));
#2722=DIRECTION('',(0.9028028872981837,-0.4300545857051903,0));
#2723=DIRECTION('',(-0.6919390816302653,-0.7219558901433417,0));
#2724=FACE_SURFACE('',(#2729),#2725,.T.);
#2725=PLANE('',#2726);
#2726=AXIS2_PLACEMENT_3D('',#254,#2727,#2728);
#2727=DIRECTION('',(0,0,-1));
#2728=DIRECTION('',(-0.9028028872981837,0.4300545857051903,0));
#2729=FACE_BOUND('',#2730,.T.);
#2730=EDGE_LOOP('',(#2731,#2732,#2733));
#2731=ORIENTED_EDGE('',*,*,#2734,.T.);
#2732=ORIENTED_EDGE('',*,*,#2735,.T.);
#2733=ORIENTED_EDGE('',*,*,#2736,.T.);
#2734=EDGE_CURVE('',#255,#253,#2737,.F.);
#2735=EDGE_CURVE('',#253,#257,#2738,.T.);
#2736=EDGE_CURVE('',#257,#255,#2739,.T.);
#2737=LINE('',#254,#2740);
#2738=LINE('',#252,#2741);
#2739=LINE('',#256,#2742);
#2740=VECTOR('',#2743,1.0);
#2741=VECTOR('',#2744,1.0);
#2742=VECTOR('',#2745,1.0);
#2743=DIRECTION('',(-0.9028028872981837,0.4300545857051903,0));
#2744=DIRECTION('',(0.6825530924021695,0.7308360117374042,0));
#2745=DIRECTION('',(0.7142037911743937,-0.6999378148608083,0));
#2746=FACE_SURFACE('',(#2751),#2747,.T.);
#2747=PLANE('',#2748);
#2748=AXIS2_PLACEMENT_3D('',#254,#2749,#2750);
#2749=DIRECTION('',(0,0,-1));
#2750=DIRECTION('',(-0.7142037911743937,0.6999378148608083,0));
#2751=FACE_BOUND('',#2752,.T.);
#2752=EDGE_LOOP('',(#2753,#2754,#2755));
#2753=ORIENTED_EDGE('',*,*,#2756,.T.);
#2754=ORIENTED_EDGE('',*,*,#2757,.T.);
#2755=ORIENTED_EDGE('',*,*,#2758,.T.);
#2756=EDGE_CURVE('',#255,#257,#2759,.F.);
#2757=EDGE_CURVE('',#257,#225,#2760,.T.);
#2758=EDGE_CURVE('',#225,#255,#2761,.T.);
#2759=LINE('',#254,#2762);
#2760=LINE('',#256,#2763);
#2761=LINE('',#224,#2764);
#2762=VECTOR('',#2765,1.0);
#2763=VECTOR('',#2766,1.0);
#2764=VECTOR('',#2767,1.0);
#2765=DIRECTION('',(-0.7142037911743937,0.6999378148608083,0));
#2766=DIRECTION('',(0.8583795870038965,-0.513015091995372,0));
#2767=DIRECTION('',(-0.803996876347008,-0.5946335197617554,0));
#2768=FACE_SURFACE('',(#2773),#2769,.T.);
#2769=PLANE('',#2770);
#2770=AXIS2_PLACEMENT_3D('',#224,#2771,#2772);
#2771=DIRECTION('',(0,0,-1));
#2772=DIRECTION('',(-0.8583795870038965,0.513015091995372,0));
#2773=FACE_BOUND('',#2774,.T.);
#2774=EDGE_LOOP('',(#2775,#2776,#2777));
#2775=ORIENTED_EDGE('',*,*,#2778,.T.);
#2776=ORIENTED_EDGE('',*,*,#2779,.T.);
#2777=ORIENTED_EDGE('',*,*,#2780,.T.);
#2778=EDGE_CURVE('',#225,#257,#2781,.F.);
#2779=EDGE_CURVE('',#257,#259,#2782,.T.);
#2780=EDGE_CURVE('',#259,#225,#2783,.T.);
#2781=LINE('',#224,#2784);
#2782=LINE('',#256,#2785);
#2783=LINE('',#258,#2786);
#2784=VECTOR('',#2787,1.0);
#2785=VECTOR('',#2788,1.0);
#2786=VECTOR('',#2789,1.0);
#2787=DIRECTION('',(-0.8583795870038965,0.513015091995372,0));
#2788=DIRECTION('',(0.7757114790013913,0.6310877128779121,0));
#2789=DIRECTION('',(0.6504556783547041,-0.7595442123379796,0));
#2790=FACE_SURFACE('',(#2795),#2791,.T.);
#2791=PLANE('',#2792);
#2792=AXIS2_PLACEMENT_3D('',#224,#2793,#2794);
#2793=DIRECTION('',(0,0,-1));
#2794=DIRECTION('',(-0.6504556783547041,0.7595442123379796,0));
#2795=FACE_BOUND('',#2796,.T.);
#2796=EDGE_LOOP('',(#2797,#2798,#2799));
#2797=ORIENTED_EDGE('',*,*,#2800,.T.);
#2798=ORIENTED_EDGE('',*,*,#2801,.T.);
#2799=ORIENTED_EDGE('',*,*,#2802,.T.);
#2800=EDGE_CURVE('',#225,#259,#2803,.F.);
#2801=EDGE_CURVE('',#259,#227,#2804,.T.);
#2802=EDGE_CURVE('',#227,#225,#2805,.T.);
#2803=LINE('',#224,#2806);
#2804=LINE('',#258,#2807);
#2805=LINE('',#226,#2808);
#2806=VECTOR('',#2809,1.0);
#2807=VECTOR('',#2810,1.0);
#2808=VECTOR('',#2811,1.0);
#2809=DIRECTION('',(-0.6504556783547041,0.7595442123379796,0));
#2810=DIRECTION('',(0.8544191251769526,0.5195844094387851,0));
#2811=DIRECTION('',(0.3600417958655408,-0.9329361742530494,0));
#2812=FACE_SURFACE('',(#2817),#2813,.T.);
#2813=PLANE('',#2814);
#2814=AXIS2_PLACEMENT_3D('',#260,#2815,#2816);
#2815=DIRECTION('',(0,-0,-1));
#2816=DIRECTION('',(0.06832392804568607,-0.9976631900879215,0));
#2817=FACE_BOUND('',#2818,.T.);
#2818=EDGE_LOOP('',(#2819,#2820,#2821));
#2819=ORIENTED_EDGE('',*,*,#2822,.T.);
#2820=ORIENTED_EDGE('',*,*,#2823,.T.);
#2821=ORIENTED_EDGE('',*,*,#2824,.T.);
#2822=EDGE_CURVE('',#261,#263,#2825,.F.);
#2823=EDGE_CURVE('',#263,#265,#2826,.T.);
#2824=EDGE_CURVE('',#265,#261,#2827,.T.);
#2825=LINE('',#260,#2828);
#2826=LINE('',#262,#2829);
#2827=LINE('',#264,#2830);
#2828=VECTOR('',#2831,1.0);
#2829=VECTOR('',#2832,1.0);
#2830=VECTOR('',#2833,1.0);
#2831=DIRECTION('',(0.06832392804568607,-0.9976631900879215,0));
#2832=DIRECTION('',(-0.31458961936300384,0.9492277763471949,0));
#2833=DIRECTION('',(0.9775551922472989,0.21067948668616596,0));
#2834=FACE_SURFACE('',(#2839),#2835,.T.);
#2835=PLANE('',#2836);
#2836=AXIS2_PLACEMENT_3D('',#264,#2837,#2838);
#2837=DIRECTION('',(0,-0,-1));
#2838=DIRECTION('',(0.31458961936300384,-0.9492277763471949,0));
#2839=FACE_BOUND('',#2840,.T.);
#2840=EDGE_LOOP('',(#2841,#2842,#2843));
#2841=ORIENTED_EDGE('',*,*,#2844,.T.);
#2842=ORIENTED_EDGE('',*,*,#2845,.T.);
#2843=ORIENTED_EDGE('',*,*,#2846,.T.);
#2844=EDGE_CURVE('',#265,#263,#2847,.F.);
#2845=EDGE_CURVE('',#263,#267,#2848,.T.);
#2846=EDGE_CURVE('',#267,#265,#2849,.T.);
#2847=LINE('',#264,#2850);
#2848=LINE('',#262,#2851);
#2849=LINE('',#266,#2852);
#2850=VECTOR('',#2853,1.0);
#2851=VECTOR('',#2854,1.0);
#2852=VECTOR('',#2855,1.0);
#2853=DIRECTION('',(0.31458961936300384,-0.9492277763471949,0));
#2854=DIRECTION('',(-0.990685972750162,-0.1361664547385478,0));
#2855=DIRECTION('',(0.019791658463895207,0.9998041259443013,0));
#2856=FACE_SURFACE('',(#2861),#2857,.T.);
#2857=PLANE('',#2858);
#2858=AXIS2_PLACEMENT_3D('',#264,#2859,#2860);
#2859=DIRECTION('',(0,0,-1));
#2860=DIRECTION('',(-0.019791658463895207,-0.9998041259443013,0));
#2861=FACE_BOUND('',#2862,.T.);
#2862=EDGE_LOOP('',(#2863,#2864,#2865));
#2863=ORIENTED_EDGE('',*,*,#2866,.T.);
#2864=ORIENTED_EDGE('',*,*,#2867,.T.);
#2865=ORIENTED_EDGE('',*,*,#2868,.T.);
#2866=EDGE_CURVE('',#265,#267,#2869,.F.);
#2867=EDGE_CURVE('',#267,#269,#2870,.T.);
#2868=EDGE_CURVE('',#269,#265,#2871,.T.);
#2869=LINE('',#264,#2872);
#2870=LINE('',#266,#2873);
#2871=LINE('',#268,#2874);
#2872=VECTOR('',#2875,1.0);
#2873=VECTOR('',#2876,1.0);
#2874=VECTOR('',#2877,1.0);
#2875=DIRECTION('',(-0.019791658463895207,-0.9998041259443013,0));
#2876=DIRECTION('',(-0.22906451262321167,0.9734112435433908,0));
#2877=DIRECTION('',(0.9990989699196512,0.042441115742777674,0));
#2878=FACE_SURFACE('',(#2883),#2879,.T.);
#2879=PLANE('',#2880);
#2880=AXIS2_PLACEMENT_3D('',#268,#2881,#2882);
#2881=DIRECTION('',(0,-0,-1));
#2882=DIRECTION('',(0.22906451262321167,-0.9734112435433908,0));
#2883=FACE_BOUND('',#2884,.T.);
#2884=EDGE_LOOP('',(#2885,#2886,#2887));
#2885=ORIENTED_EDGE('',*,*,#2888,.T.);
#2886=ORIENTED_EDGE('',*,*,#2889,.T.);
#2887=ORIENTED_EDGE('',*,*,#2890,.T.);
#2888=EDGE_CURVE('',#269,#267,#2891,.F.);
#2889=EDGE_CURVE('',#267,#271,#2892,.T.);
#2890=EDGE_CURVE('',#271,#269,#2893,.T.);
#2891=LINE('',#268,#2894);
#2892=LINE('',#266,#2895);
#2893=LINE('',#270,#2896);
#2894=VECTOR('',#2897,1.0);
#2895=VECTOR('',#2898,1.0);
#2896=VECTOR('',#2899,1.0);
#2897=DIRECTION('',(0.22906451262321167,-0.9734112435433908,0));
#2898=DIRECTION('',(-1,0,0));
#2899=DIRECTION('',(0.1068106046110276,0.9942793846513297,0));
#2900=FACE_SURFACE('',(#2905),#2901,.T.);
#2901=PLANE('',#2902);
#2902=AXIS2_PLACEMENT_3D('',#268,#2903,#2904);
#2903=DIRECTION('',(-0,0,-1));
#2904=DIRECTION('',(-0.1068106046110276,-0.9942793846513297,0));
#2905=FACE_BOUND('',#2906,.T.);
#2906=EDGE_LOOP('',(#2907,#2908,#2909));
#2907=ORIENTED_EDGE('',*,*,#2910,.T.);
#2908=ORIENTED_EDGE('',*,*,#2911,.T.);
#2909=ORIENTED_EDGE('',*,*,#2912,.T.);
#2910=EDGE_CURVE('',#269,#271,#2913,.F.);
#2911=EDGE_CURVE('',#271,#273,#2914,.T.);
#2912=EDGE_CURVE('',#273,#269,#2915,.T.);
#2913=LINE('',#268,#2916);
#2914=LINE('',#270,#2917);
#2915=LINE('',#272,#2918);
#2916=VECTOR('',#2919,1.0);
#2917=VECTOR('',#2920,1.0);
#2918=VECTOR('',#2921,1.0);
#2919=DIRECTION('',(-0.1068106046110276,-0.9942793846513297,0));
#2920=DIRECTION('',(-0.14007940741387387,0.9901402726980546,0));
#2921=DIRECTION('',(0.9919004025956002,-0.12701807481884703,0));
#2922=FACE_SURFACE('',(#2927),#2923,.T.);
#2923=PLANE('',#2924);
#2924=AXIS2_PLACEMENT_3D('',#272,#2925,#2926);
#2925=DIRECTION('',(0,-0,-1));
#2926=DIRECTION('',(0.14007940741387387,-0.9901402726980546,0));
#2927=FACE_BOUND('',#2928,.T.);
#2928=EDGE_LOOP('',(#2929,#2930,#2931));
#2929=ORIENTED_EDGE('',*,*,#2932,.T.);
#2930=ORIENTED_EDGE('',*,*,#2933,.T.);
#2931=ORIENTED_EDGE('',*,*,#2934,.T.);
#2932=EDGE_CURVE('',#273,#271,#2935,.F.);
#2933=EDGE_CURVE('',#271,#275,#2936,.T.);
#2934=EDGE_CURVE('',#275,#273,#2937,.T.);
#2935=LINE('',#272,#2938);
#2936=LINE('',#270,#2939);
#2937=LINE('',#274,#2940);
#2938=VECTOR('',#2941,1.0);
#2939=VECTOR('',#2942,1.0);
#2940=VECTOR('',#2943,1.0);
#2941=DIRECTION('',(0.14007940741387387,-0.9901402726980546,0));
#2942=DIRECTION('',(-0.9906859799476915,0.13616640237254676,0));
#2943=DIRECTION('',(0.19260145109415616,0.9812770663968589,0));
#2944=FACE_SURFACE('',(#2949),#2945,.T.);
#2945=PLANE('',#2946);
#2946=AXIS2_PLACEMENT_3D('',#272,#2947,#2948);
#2947=DIRECTION('',(-0,0,-1));
#2948=DIRECTION('',(-0.19260145109415616,-0.9812770663968589,0));
#2949=FACE_BOUND('',#2950,.T.);
#2950=EDGE_LOOP('',(#2951,#2952,#2953));
#2951=ORIENTED_EDGE('',*,*,#2954,.T.);
#2952=ORIENTED_EDGE('',*,*,#2955,.T.);
#2953=ORIENTED_EDGE('',*,*,#2956,.T.);
#2954=EDGE_CURVE('',#273,#275,#2957,.F.);
#2955=EDGE_CURVE('',#275,#277,#2958,.T.);
#2956=EDGE_CURVE('',#277,#273,#2959,.T.);
#2957=LINE('',#272,#2960);
#2958=LINE('',#274,#2961);
#2959=LINE('',#276,#2962);
#2960=VECTOR('',#2963,1.0);
#2961=VECTOR('',#2964,1.0);
#2962=VECTOR('',#2965,1.0);
#2963=DIRECTION('',(-0.19260145109415616,-0.9812770663968589,0));
#2964=DIRECTION('',(-0.04790943022611902,0.9988516839328092,0));
#2965=DIRECTION('',(0.9561667197217606,-0.29282282031380025,0));
#2966=FACE_SURFACE('',(#2971),#2967,.T.);
#2967=PLANE('',#2968);
#2968=AXIS2_PLACEMENT_3D('',#278,#2969,#2970);
#2969=DIRECTION('',(0,-0,-1));
#2970=DIRECTION('',(0.6864895536780827,-0.7271396651887908,0));
#2971=FACE_BOUND('',#2972,.T.);
#2972=EDGE_LOOP('',(#2973,#2974,#2975));
#2973=ORIENTED_EDGE('',*,*,#2976,.T.);
#2974=ORIENTED_EDGE('',*,*,#2977,.T.);
#2975=ORIENTED_EDGE('',*,*,#2978,.T.);
#2976=EDGE_CURVE('',#279,#281,#2979,.F.);
#2977=EDGE_CURVE('',#281,#283,#2980,.T.);
#2978=EDGE_CURVE('',#283,#279,#2981,.T.);
#2979=LINE('',#278,#2982);
#2980=LINE('',#280,#2983);
#2981=LINE('',#282,#2984);
#2982=VECTOR('',#2985,1.0);
#2983=VECTOR('',#2986,1.0);
#2984=VECTOR('',#2987,1.0);
#2985=DIRECTION('',(0.6864895536780827,-0.7271396651887908,0));
#2986=DIRECTION('',(-0.8459512858633649,0.5332601822245119,0));
#2987=DIRECTION('',(0.6282198557395582,0.7780358686169737,0));
#2988=FACE_SURFACE('',(#2993),#2989,.T.);
#2989=PLANE('',#2990);
#2990=AXIS2_PLACEMENT_3D('',#282,#2991,#2992);
#2991=DIRECTION('',(0,0,-1));
#2992=DIRECTION('',(0.8459512858633649,-0.5332601822245119,0));
#2993=FACE_BOUND('',#2994,.T.);
#2994=EDGE_LOOP('',(#2995,#2996,#2997));
#2995=ORIENTED_EDGE('',*,*,#2998,.T.);
#2996=ORIENTED_EDGE('',*,*,#2999,.T.);
#2997=ORIENTED_EDGE('',*,*,#3000,.T.);
#2998=EDGE_CURVE('',#283,#281,#3001,.F.);
#2999=EDGE_CURVE('',#281,#285,#3002,.T.);
#3000=EDGE_CURVE('',#285,#283,#3003,.T.);
#3001=LINE('',#282,#3004);
#3002=LINE('',#280,#3005);
#3003=LINE('',#284,#3006);
#3004=VECTOR('',#3007,1.0);
#3005=VECTOR('',#3008,1.0);
#3006=VECTOR('',#3009,1.0);
#3007=DIRECTION('',(0.8459512858633649,-0.5332601822245119,0));
#3008=DIRECTION('',(-0.6825531892231297,-0.7308359213129404,0));
#3009=DIRECTION('',(-0.6198957249650304,0.7846841977318514,0));
#3010=FACE_SURFACE('',(#3015),#3011,.T.);
#3011=PLANE('',#3012);
#3012=AXIS2_PLACEMENT_3D('',#282,#3013,#3014);
#3013=DIRECTION('',(0,-0,-1));
#3014=DIRECTION('',(0.6198957249650304,-0.7846841977318514,0));
#3015=FACE_BOUND('',#3016,.T.);
#3016=EDGE_LOOP('',(#3017,#3018,#3019));
#3017=ORIENTED_EDGE('',*,*,#3020,.T.);
#3018=ORIENTED_EDGE('',*,*,#3021,.T.);
#3019=ORIENTED_EDGE('',*,*,#3022,.T.);
#3020=EDGE_CURVE('',#283,#285,#3023,.F.);
#3021=EDGE_CURVE('',#285,#287,#3024,.T.);
#3022=EDGE_CURVE('',#287,#283,#3025,.T.);
#3023=LINE('',#282,#3026);
#3024=LINE('',#284,#3027);
#3025=LINE('',#286,#3028);
#3026=VECTOR('',#3029,1.0);
#3027=VECTOR('',#3030,1.0);
#3028=VECTOR('',#3031,1.0);
#3029=DIRECTION('',(0.6198957249650304,-0.7846841977318514,0));
#3030=DIRECTION('',(-0.7951616152920011,0.6063975639514192,0));
#3031=DIRECTION('',(0.7506721832822891,0.6606748619753905,0));
#3032=FACE_SURFACE('',(#3037),#3033,.T.);
#3033=PLANE('',#3034);
#3034=AXIS2_PLACEMENT_3D('',#286,#3035,#3036);
#3035=DIRECTION('',(0,0,-1));
#3036=DIRECTION('',(0.7951616152920011,-0.6063975639514192,0));
#3037=FACE_BOUND('',#3038,.T.);
#3038=EDGE_LOOP('',(#3039,#3040,#3041));
#3039=ORIENTED_EDGE('',*,*,#3042,.T.);
#3040=ORIENTED_EDGE('',*,*,#3043,.T.);
#3041=ORIENTED_EDGE('',*,*,#3044,.T.);
#3042=EDGE_CURVE('',#287,#285,#3045,.F.);
#3043=EDGE_CURVE('',#285,#289,#3046,.T.);
#3044=EDGE_CURVE('',#289,#287,#3047,.T.);
#3045=LINE('',#286,#3048);
#3046=LINE('',#284,#3049);
#3047=LINE('',#288,#3050);
#3048=VECTOR('',#3051,1.0);
#3049=VECTOR('',#3052,1.0);
#3050=VECTOR('',#3053,1.0);
#3051=DIRECTION('',(0.7951616152920011,-0.6063975639514192,0));
#3052=DIRECTION('',(-0.7757113364752168,-0.6310878880661812,0));
#3053=DIRECTION('',(-0.5492461575616028,0.8356606119734344,0));
#3054=FACE_SURFACE('',(#3059),#3055,.T.);
#3055=PLANE('',#3056);
#3056=AXIS2_PLACEMENT_3D('',#286,#3057,#3058);
#3057=DIRECTION('',(0,-0,-1));
#3058=DIRECTION('',(0.5492461575616028,-0.8356606119734344,0));
#3059=FACE_BOUND('',#3060,.T.);
#3060=EDGE_LOOP('',(#3061,#3062,#3063));
#3061=ORIENTED_EDGE('',*,*,#3064,.T.);
#3062=ORIENTED_EDGE('',*,*,#3065,.T.);
#3063=ORIENTED_EDGE('',*,*,#3066,.T.);
#3064=EDGE_CURVE('',#287,#289,#3067,.F.);
#3065=EDGE_CURVE('',#289,#291,#3068,.T.);
#3066=EDGE_CURVE('',#291,#287,#3069,.T.);
#3067=LINE('',#286,#3070);
#3068=LINE('',#288,#3071);
#3069=LINE('',#290,#3072);
#3070=VECTOR('',#3073,1.0);
#3071=VECTOR('',#3074,1.0);
#3072=VECTOR('',#3075,1.0);
#3073=DIRECTION('',(0.5492461575616028,-0.8356606119734344,0));
#3074=DIRECTION('',(-0.7369113158674044,0.6759894322743296,0));
#3075=DIRECTION('',(0.8515290878625484,0.5243073645524886,0));
#3076=FACE_SURFACE('',(#3081),#3077,.T.);
#3077=PLANE('',#3078);
#3078=AXIS2_PLACEMENT_3D('',#290,#3079,#3080);
#3079=DIRECTION('',(0,0,-1));
#3080=DIRECTION('',(0.7369113158674044,-0.6759894322743296,0));
#3081=FACE_BOUND('',#3082,.T.);
#3082=EDGE_LOOP('',(#3083,#3084,#3085));
#3083=ORIENTED_EDGE('',*,*,#3086,.T.);
#3084=ORIENTED_EDGE('',*,*,#3087,.T.);
#3085=ORIENTED_EDGE('',*,*,#3088,.T.);
#3086=EDGE_CURVE('',#291,#289,#3089,.F.);
#3087=EDGE_CURVE('',#289,#293,#3090,.T.);
#3088=EDGE_CURVE('',#293,#291,#3091,.T.);
#3089=LINE('',#290,#3092);
#3090=LINE('',#288,#3093);
#3091=LINE('',#292,#3094);
#3092=VECTOR('',#3095,1.0);
#3093=VECTOR('',#3096,1.0);
#3094=VECTOR('',#3097,1.0);
#3095=DIRECTION('',(0.7369113158674044,-0.6759894322743296,0));
#3096=DIRECTION('',(-0.8544195036117582,-0.5195837871295031,0));
#3097=DIRECTION('',(-0.47474787115131367,0.880121843177009,0));
#3098=FACE_SURFACE('',(#3103),#3099,.T.);
#3099=PLANE('',#3100);
#3100=AXIS2_PLACEMENT_3D('',#290,#3101,#3102);
#3101=DIRECTION('',(0,-0,-1));
#3102=DIRECTION('',(0.47474787115131367,-0.880121843177009,0));
#3103=FACE_BOUND('',#3104,.T.);
#3104=EDGE_LOOP('',(#3105,#3106,#3107));
#3105=ORIENTED_EDGE('',*,*,#3108,.T.);
#3106=ORIENTED_EDGE('',*,*,#3109,.T.);
#3107=ORIENTED_EDGE('',*,*,#3110,.T.);
#3108=EDGE_CURVE('',#291,#293,#3111,.F.);
#3109=EDGE_CURVE('',#293,#261,#3112,.T.);
#3110=EDGE_CURVE('',#261,#291,#3113,.T.);
#3111=LINE('',#290,#3114);
#3112=LINE('',#292,#3115);
#3113=LINE('',#260,#3116);
#3114=VECTOR('',#3117,1.0);
#3115=VECTOR('',#3118,1.0);
#3116=VECTOR('',#3119,1.0);
#3117=DIRECTION('',(0.47474787115131367,-0.880121843177009,0));
#3118=DIRECTION('',(-0.6710542815764147,0.7414082216821998,0));
#3119=DIRECTION('',(0.9278891188189076,0.3728562500179809,0));
#3120=FACE_SURFACE('',(#3125),#3121,.T.);
#3121=PLANE('',#3122);
#3122=AXIS2_PLACEMENT_3D('',#260,#3123,#3124);
#3123=DIRECTION('',(0,0,-1));
#3124=DIRECTION('',(0.6710542815764147,-0.7414082216821998,0));
#3125=FACE_BOUND('',#3126,.T.);
#3126=EDGE_LOOP('',(#3127,#3128,#3129));
#3127=ORIENTED_EDGE('',*,*,#3130,.T.);
#3128=ORIENTED_EDGE('',*,*,#3131,.T.);
#3129=ORIENTED_EDGE('',*,*,#3132,.T.);
#3130=EDGE_CURVE('',#261,#293,#3133,.F.);
#3131=EDGE_CURVE('',#293,#295,#3134,.T.);
#3132=EDGE_CURVE('',#295,#261,#3135,.T.);
#3133=LINE('',#260,#3136);
#3134=LINE('',#292,#3137);
#3135=LINE('',#294,#3138);
#3136=VECTOR('',#3139,1.0);
#3137=VECTOR('',#3140,1.0);
#3138=VECTOR('',#3141,1.0);
#3139=DIRECTION('',(0.6710542815764147,-0.7414082216821998,0));
#3140=DIRECTION('',(-0.9172110899068177,-0.39840157699480505,0));
#3141=DIRECTION('',(-0.39650872596995446,0.9180309527623148,0));
#3142=FACE_SURFACE('',(#3147),#3143,.T.);
#3143=PLANE('',#3144);
#3144=AXIS2_PLACEMENT_3D('',#260,#3145,#3146);
#3145=DIRECTION('',(0,0,-1));
#3146=DIRECTION('',(0.39650872596995446,-0.9180309527623148,0));
#3147=FACE_BOUND('',#3148,.T.);
#3148=EDGE_LOOP('',(#3149,#3150,#3151));
#3149=ORIENTED_EDGE('',*,*,#3152,.T.);
#3150=ORIENTED_EDGE('',*,*,#3153,.T.);
#3151=ORIENTED_EDGE('',*,*,#3154,.T.);
#3152=EDGE_CURVE('',#261,#295,#3155,.F.);
#3153=EDGE_CURVE('',#295,#263,#3156,.T.);
#3154=EDGE_CURVE('',#263,#261,#3157,.T.);
#3155=LINE('',#260,#3158);
#3156=LINE('',#294,#3159);
#3157=LINE('',#262,#3160);
#3158=VECTOR('',#3161,1.0);
#3159=VECTOR('',#3162,1.0);
#3160=VECTOR('',#3163,1.0);
#3161=DIRECTION('',(0.39650872596995446,-0.9180309527623148,0));
#3162=DIRECTION('',(-0.9629173343196361,-0.2697966035122867,0));
#3163=DIRECTION('',(-0.06832392804568607,0.9976631900879215,0));
#3164=FACE_SURFACE('',(#3169),#3165,.T.);
#3165=PLANE('',#3166);
#3166=AXIS2_PLACEMENT_3D('',#274,#3167,#3168);
#3167=DIRECTION('',(0,0,-1));
#3168=DIRECTION('',(-0.9629173060632694,0.26979670436062797,0));
#3169=FACE_BOUND('',#3170,.T.);
#3170=EDGE_LOOP('',(#3171,#3172,#3173));
#3171=ORIENTED_EDGE('',*,*,#3174,.T.);
#3172=ORIENTED_EDGE('',*,*,#3175,.T.);
#3173=ORIENTED_EDGE('',*,*,#3176,.T.);
#3174=EDGE_CURVE('',#275,#297,#3177,.F.);
#3175=EDGE_CURVE('',#297,#277,#3178,.T.);
#3176=EDGE_CURVE('',#277,#275,#3179,.T.);
#3177=LINE('',#274,#3180);
#3178=LINE('',#296,#3181);
#3179=LINE('',#276,#3182);
#3180=VECTOR('',#3183,1.0);
#3181=VECTOR('',#3184,1.0);
#3182=VECTOR('',#3185,1.0);
#3183=DIRECTION('',(-0.9629173060632694,0.26979670436062797,0));
#3184=DIRECTION('',(0.2770591014550617,0.9608528785932391,0));
#3185=DIRECTION('',(0.04790943022611902,-0.9988516839328092,0));
#3186=FACE_SURFACE('',(#3191),#3187,.T.);
#3187=PLANE('',#3188);
#3188=AXIS2_PLACEMENT_3D('',#276,#3189,#3190);
#3189=DIRECTION('',(0,0,-1));
#3190=DIRECTION('',(-0.2770591014550617,-0.9608528785932391,0));
#3191=FACE_BOUND('',#3192,.T.);
#3192=EDGE_LOOP('',(#3193,#3194,#3195));
#3193=ORIENTED_EDGE('',*,*,#3196,.T.);
#3194=ORIENTED_EDGE('',*,*,#3197,.T.);
#3195=ORIENTED_EDGE('',*,*,#3198,.T.);
#3196=EDGE_CURVE('',#277,#297,#3199,.F.);
#3197=EDGE_CURVE('',#297,#299,#3200,.T.);
#3198=EDGE_CURVE('',#299,#277,#3201,.T.);
#3199=LINE('',#276,#3202);
#3200=LINE('',#296,#3203);
#3201=LINE('',#298,#3204);
#3202=VECTOR('',#3205,1.0);
#3203=VECTOR('',#3206,1.0);
#3204=VECTOR('',#3207,1.0);
#3205=DIRECTION('',(-0.2770591014550617,-0.9608528785932391,0));
#3206=DIRECTION('',(-0.9172110282919672,0.39840171884618214,0));
#3207=DIRECTION('',(0.5809356652205303,0.8139494780849608,0));
#3208=FACE_SURFACE('',(#3213),#3209,.T.);
#3209=PLANE('',#3210);
#3210=AXIS2_PLACEMENT_3D('',#276,#3211,#3212);
#3211=DIRECTION('',(-0,0,-1));
#3212=DIRECTION('',(-0.5809356652205303,-0.8139494780849608,0));
#3213=FACE_BOUND('',#3214,.T.);
#3214=EDGE_LOOP('',(#3215,#3216,#3217));
#3215=ORIENTED_EDGE('',*,*,#3218,.T.);
#3216=ORIENTED_EDGE('',*,*,#3219,.T.);
#3217=ORIENTED_EDGE('',*,*,#3220,.T.);
#3218=EDGE_CURVE('',#277,#299,#3221,.F.);
#3219=EDGE_CURVE('',#299,#301,#3222,.T.);
#3220=EDGE_CURVE('',#301,#277,#3223,.T.);
#3221=LINE('',#276,#3224);
#3222=LINE('',#298,#3225);
#3223=LINE('',#300,#3226);
#3224=VECTOR('',#3227,1.0);
#3225=VECTOR('',#3228,1.0);
#3226=VECTOR('',#3229,1.0);
#3227=DIRECTION('',(-0.5809356652205303,-0.8139494780849608,0));
#3228=DIRECTION('',(0.360041828898043,0.9329361615050369,0));
#3229=DIRECTION('',(0.8929258207337217,-0.45020381902757045,0));
#3230=FACE_SURFACE('',(#3235),#3231,.T.);
#3231=PLANE('',#3232);
#3232=AXIS2_PLACEMENT_3D('',#300,#3233,#3234);
#3233=DIRECTION('',(0,0,-1));
#3234=DIRECTION('',(-0.360041828898043,-0.9329361615050369,0));
#3235=FACE_BOUND('',#3236,.T.);
#3236=EDGE_LOOP('',(#3237,#3238,#3239));
#3237=ORIENTED_EDGE('',*,*,#3240,.T.);
#3238=ORIENTED_EDGE('',*,*,#3241,.T.);
#3239=ORIENTED_EDGE('',*,*,#3242,.T.);
#3240=EDGE_CURVE('',#301,#299,#3243,.F.);
#3241=EDGE_CURVE('',#299,#303,#3244,.T.);
#3242=EDGE_CURVE('',#303,#301,#3245,.T.);
#3243=LINE('',#300,#3246);
#3244=LINE('',#298,#3247);
#3245=LINE('',#302,#3248);
#3246=VECTOR('',#3249,1.0);
#3247=VECTOR('',#3250,1.0);
#3248=VECTOR('',#3251,1.0);
#3249=DIRECTION('',(-0.360041828898043,-0.9329361615050369,0));
#3250=DIRECTION('',(-0.8544195560109147,0.5195837009627142,0));
#3251=DIRECTION('',(0.650455564672171,0.7595443096929942,0));
#3252=FACE_SURFACE('',(#3257),#3253,.T.);
#3253=PLANE('',#3254);
#3254=AXIS2_PLACEMENT_3D('',#300,#3255,#3256);
#3255=DIRECTION('',(-0,0,-1));
#3256=DIRECTION('',(-0.650455564672171,-0.7595443096929942,0));
#3257=FACE_BOUND('',#3258,.T.);
#3258=EDGE_LOOP('',(#3259,#3260,#3261));
#3259=ORIENTED_EDGE('',*,*,#3262,.T.);
#3260=ORIENTED_EDGE('',*,*,#3263,.T.);
#3261=ORIENTED_EDGE('',*,*,#3264,.T.);
#3262=EDGE_CURVE('',#301,#303,#3265,.F.);
#3263=EDGE_CURVE('',#303,#305,#3266,.T.);
#3264=EDGE_CURVE('',#305,#301,#3267,.T.);
#3265=LINE('',#300,#3268);
#3266=LINE('',#302,#3269);
#3267=LINE('',#304,#3270);
#3268=VECTOR('',#3271,1.0);
#3269=VECTOR('',#3272,1.0);
#3270=VECTOR('',#3273,1.0);
#3271=DIRECTION('',(-0.650455564672171,-0.7595443096929942,0));
#3272=DIRECTION('',(0.4413135843124478,0.897352951909838,0));
#3273=DIRECTION('',(0.8039971252464477,-0.59463318322765,0));
#3274=FACE_SURFACE('',(#3279),#3275,.T.);
#3275=PLANE('',#3276);
#3276=AXIS2_PLACEMENT_3D('',#304,#3277,#3278);
#3277=DIRECTION('',(0,0,-1));
#3278=DIRECTION('',(-0.4413135843124478,-0.897352951909838,0));
#3279=FACE_BOUND('',#3280,.T.);
#3280=EDGE_LOOP('',(#3281,#3282,#3283));
#3281=ORIENTED_EDGE('',*,*,#3284,.T.);
#3282=ORIENTED_EDGE('',*,*,#3285,.T.);
#3283=ORIENTED_EDGE('',*,*,#3286,.T.);
#3284=EDGE_CURVE('',#305,#303,#3287,.F.);
#3285=EDGE_CURVE('',#303,#307,#3288,.T.);
#3286=EDGE_CURVE('',#307,#305,#3289,.T.);
#3287=LINE('',#304,#3290);
#3288=LINE('',#302,#3291);
#3289=LINE('',#306,#3292);
#3290=VECTOR('',#3293,1.0);
#3291=VECTOR('',#3294,1.0);
#3292=VECTOR('',#3295,1.0);
#3293=DIRECTION('',(-0.4413135843124478,-0.897352951909838,0));
#3294=DIRECTION('',(-0.7757113364752168,0.6310878880661812,0));
#3295=DIRECTION('',(0.7142037911743937,0.6999378148608083,0));
#3296=FACE_SURFACE('',(#3301),#3297,.T.);
#3297=PLANE('',#3298);
#3298=AXIS2_PLACEMENT_3D('',#304,#3299,#3300);
#3299=DIRECTION('',(-0,0,-1));
#3300=DIRECTION('',(-0.7142037911743937,-0.6999378148608083,0));
#3301=FACE_BOUND('',#3302,.T.);
#3302=EDGE_LOOP('',(#3303,#3304,#3305));
#3303=ORIENTED_EDGE('',*,*,#3306,.T.);
#3304=ORIENTED_EDGE('',*,*,#3307,.T.);
#3305=ORIENTED_EDGE('',*,*,#3308,.T.);
#3306=EDGE_CURVE('',#305,#307,#3309,.F.);
#3307=EDGE_CURVE('',#307,#309,#3310,.T.);
#3308=EDGE_CURVE('',#309,#305,#3311,.T.);
#3309=LINE('',#304,#3312);
#3310=LINE('',#306,#3313);
#3311=LINE('',#308,#3314);
#3312=VECTOR('',#3315,1.0);
#3313=VECTOR('',#3316,1.0);
#3314=VECTOR('',#3317,1.0);
#3315=DIRECTION('',(-0.7142037911743937,-0.6999378148608083,0));
#3316=DIRECTION('',(0.5204958006674273,0.8538642289542137,0));
#3317=DIRECTION('',(0.6919390816302653,-0.7219558901433417,0));
#3318=FACE_SURFACE('',(#3323),#3319,.T.);
#3319=PLANE('',#3320);
#3320=AXIS2_PLACEMENT_3D('',#308,#3321,#3322);
#3321=DIRECTION('',(0,0,-1));
#3322=DIRECTION('',(-0.5204958006674273,-0.8538642289542137,0));
#3323=FACE_BOUND('',#3324,.T.);
#3324=EDGE_LOOP('',(#3325,#3326,#3327));
#3325=ORIENTED_EDGE('',*,*,#3328,.T.);
#3326=ORIENTED_EDGE('',*,*,#3329,.T.);
#3327=ORIENTED_EDGE('',*,*,#3330,.T.);
#3328=EDGE_CURVE('',#309,#307,#3331,.F.);
#3329=EDGE_CURVE('',#307,#311,#3332,.T.);
#3330=EDGE_CURVE('',#311,#309,#3333,.T.);
#3331=LINE('',#308,#3334);
#3332=LINE('',#306,#3335);
#3333=LINE('',#310,#3336);
#3334=VECTOR('',#3337,1.0);
#3335=VECTOR('',#3338,1.0);
#3336=VECTOR('',#3339,1.0);
#3337=DIRECTION('',(-0.5204958006674273,-0.8538642289542137,0));
#3338=DIRECTION('',(-0.6825531892231297,0.7308359213129404,0));
#3339=DIRECTION('',(0.7722048876440599,0.6353735999383551,0));
#3340=FACE_SURFACE('',(#3345),#3341,.T.);
#3341=PLANE('',#3342);
#3342=AXIS2_PLACEMENT_3D('',#308,#3343,#3344);
#3343=DIRECTION('',(-0,0,-1));
#3344=DIRECTION('',(-0.7722048876440599,-0.6353735999383551,0));
#3345=FACE_BOUND('',#3346,.T.);
#3346=EDGE_LOOP('',(#3347,#3348,#3349));
#3347=ORIENTED_EDGE('',*,*,#3350,.T.);
#3348=ORIENTED_EDGE('',*,*,#3351,.T.);
#3349=ORIENTED_EDGE('',*,*,#3352,.T.);
#3350=EDGE_CURVE('',#309,#311,#3353,.F.);
#3351=EDGE_CURVE('',#311,#203,#3354,.T.);
#3352=EDGE_CURVE('',#203,#309,#3355,.T.);
#3353=LINE('',#308,#3356);
#3354=LINE('',#310,#3357);
#3355=LINE('',#202,#3358);
#3356=VECTOR('',#3359,1.0);
#3357=VECTOR('',#3360,1.0);
#3358=VECTOR('',#3361,1.0);
#3359=DIRECTION('',(-0.7722048876440599,-0.6353735999383551,0));
#3360=DIRECTION('',(0.5970373884674037,0.8022134109898826,0));
#3361=DIRECTION('',(0.5599748089264374,-0.8285096338412729,0));
#3362=FACE_SURFACE('',(#3367),#3363,.T.);
#3363=PLANE('',#3364);
#3364=AXIS2_PLACEMENT_3D('',#202,#3365,#3366);
#3365=DIRECTION('',(0,0,-1));
#3366=DIRECTION('',(-0.5970373884674037,-0.8022134109898826,0));
#3367=FACE_BOUND('',#3368,.T.);
#3368=EDGE_LOOP('',(#3369,#3370,#3371));
#3369=ORIENTED_EDGE('',*,*,#3372,.T.);
#3370=ORIENTED_EDGE('',*,*,#3373,.T.);
#3371=ORIENTED_EDGE('',*,*,#3374,.T.);
#3372=EDGE_CURVE('',#203,#311,#3375,.F.);
#3373=EDGE_CURVE('',#311,#313,#3376,.T.);
#3374=EDGE_CURVE('',#313,#203,#3377,.T.);
#3375=LINE('',#202,#3378);
#3376=LINE('',#310,#3379);
#3377=LINE('',#312,#3380);
#3378=VECTOR('',#3381,1.0);
#3379=VECTOR('',#3382,1.0);
#3380=VECTOR('',#3383,1.0);
#3381=DIRECTION('',(-0.5970373884674037,-0.8022134109898826,0));
#3382=DIRECTION('',(-0.5766801380285078,0.8169700229527526,0));
#3383=DIRECTION('',(0.8244236073799351,0.56597324635945,0));
#3384=FACE_SURFACE('',(#3389),#3385,.T.);
#3385=PLANE('',#3386);
#3386=AXIS2_PLACEMENT_3D('',#202,#3387,#3388);
#3387=DIRECTION('',(0,0,-1));
#3388=DIRECTION('',(-0.8244236073799351,-0.56597324635945,0));
#3389=FACE_BOUND('',#3390,.T.);
#3390=EDGE_LOOP('',(#3391,#3392,#3393));
#3391=ORIENTED_EDGE('',*,*,#3394,.T.);
#3392=ORIENTED_EDGE('',*,*,#3395,.T.);
#3393=ORIENTED_EDGE('',*,*,#3396,.T.);
#3394=EDGE_CURVE('',#203,#313,#3397,.F.);
#3395=EDGE_CURVE('',#313,#205,#3398,.T.);
#3396=EDGE_CURVE('',#205,#203,#3399,.T.);
#3397=LINE('',#202,#3400);
#3398=LINE('',#312,#3401);
#3399=LINE('',#204,#3402);
#3400=VECTOR('',#3403,1.0);
#3401=VECTOR('',#3404,1.0);
#3402=VECTOR('',#3405,1.0);
#3403=DIRECTION('',(-0.8244236073799351,-0.56597324635945,0));
#3404=DIRECTION('',(-0.4600651432930703,0.8878851637045901,0));
#3405=DIRECTION('',(0.9656970426722408,0.25967137265029533,0));
#3406=FACE_SURFACE('',(#3411),#3407,.T.);
#3407=PLANE('',#3408);
#3408=AXIS2_PLACEMENT_3D('',#314,#3409,#3410);
#3409=DIRECTION('',(0,0,-1));
#3410=DIRECTION('',(0.8459513153767558,0.5332601354051666,0));
#3411=FACE_BOUND('',#3412,.T.);
#3412=EDGE_LOOP('',(#3413,#3414,#3415));
#3413=ORIENTED_EDGE('',*,*,#3416,.T.);
#3414=ORIENTED_EDGE('',*,*,#3417,.T.);
#3415=ORIENTED_EDGE('',*,*,#3418,.T.);
#3416=EDGE_CURVE('',#315,#317,#3419,.F.);
#3417=EDGE_CURVE('',#317,#319,#3420,.T.);
#3418=EDGE_CURVE('',#319,#315,#3421,.T.);
#3419=LINE('',#314,#3422);
#3420=LINE('',#316,#3423);
#3421=LINE('',#318,#3424);
#3422=VECTOR('',#3425,1.0);
#3423=VECTOR('',#3426,1.0);
#3424=VECTOR('',#3427,1.0);
#3425=DIRECTION('',(0.8459513153767558,0.5332601354051666,0));
#3426=DIRECTION('',(-0.6864896514276372,-0.7271395729038279,0));
#3427=DIRECTION('',(-0.6282201102066698,0.7780356631491384,0));
#3428=FACE_SURFACE('',(#3433),#3429,.T.);
#3429=PLANE('',#3430);
#3430=AXIS2_PLACEMENT_3D('',#318,#3431,#3432);
#3431=DIRECTION('',(0,0,-1));
#3432=DIRECTION('',(0.6864896514276372,0.7271395729038279,0));
#3433=FACE_BOUND('',#3434,.T.);
#3434=EDGE_LOOP('',(#3435,#3436,#3437));
#3435=ORIENTED_EDGE('',*,*,#3438,.T.);
#3436=ORIENTED_EDGE('',*,*,#3439,.T.);
#3437=ORIENTED_EDGE('',*,*,#3440,.T.);
#3438=EDGE_CURVE('',#319,#317,#3441,.F.);
#3439=EDGE_CURVE('',#317,#321,#3442,.T.);
#3440=EDGE_CURVE('',#321,#319,#3443,.T.);
#3441=LINE('',#318,#3444);
#3442=LINE('',#316,#3445);
#3443=LINE('',#320,#3446);
#3444=VECTOR('',#3447,1.0);
#3445=VECTOR('',#3448,1.0);
#3446=VECTOR('',#3449,1.0);
#3447=DIRECTION('',(0.6864896514276372,0.7271395729038279,0));
#3448=DIRECTION('',(0.5766800884938234,-0.816970057918132,0));
#3449=DIRECTION('',(-0.8894519818137571,-0.4570286337283256,0));
#3450=FACE_SURFACE('',(#3455),#3451,.T.);
#3451=PLANE('',#3452);
#3452=AXIS2_PLACEMENT_3D('',#318,#3453,#3454);
#3453=DIRECTION('',(0,0,-1));
#3454=DIRECTION('',(0.8894519818137571,0.4570286337283256,0));
#3455=FACE_BOUND('',#3456,.T.);
#3456=EDGE_LOOP('',(#3457,#3458,#3459));
#3457=ORIENTED_EDGE('',*,*,#3460,.T.);
#3458=ORIENTED_EDGE('',*,*,#3461,.T.);
#3459=ORIENTED_EDGE('',*,*,#3462,.T.);
#3460=EDGE_CURVE('',#319,#321,#3463,.F.);
#3461=EDGE_CURVE('',#321,#323,#3464,.T.);
#3462=EDGE_CURVE('',#323,#319,#3465,.T.);
#3463=LINE('',#318,#3466);
#3464=LINE('',#320,#3467);
#3465=LINE('',#322,#3468);
#3466=VECTOR('',#3469,1.0);
#3467=VECTOR('',#3470,1.0);
#3468=VECTOR('',#3471,1.0);
#3469=DIRECTION('',(0.8894519818137571,0.4570286337283256,0));
#3470=DIRECTION('',(-0.7486791425264877,-0.6629325316695532,0));
#3471=DIRECTION('',(-0.487694843209549,0.8730141693619946,0));
#3472=FACE_SURFACE('',(#3477),#3473,.T.);
#3473=PLANE('',#3474);
#3474=AXIS2_PLACEMENT_3D('',#322,#3475,#3476);
#3475=DIRECTION('',(0,0,-1));
#3476=DIRECTION('',(0.7486791425264877,0.6629325316695532,0));
#3477=FACE_BOUND('',#3478,.T.);
#3478=EDGE_LOOP('',(#3479,#3480,#3481));
#3479=ORIENTED_EDGE('',*,*,#3482,.T.);
#3480=ORIENTED_EDGE('',*,*,#3483,.T.);
#3481=ORIENTED_EDGE('',*,*,#3484,.T.);
#3482=EDGE_CURVE('',#323,#321,#3485,.F.);
#3483=EDGE_CURVE('',#321,#325,#3486,.T.);
#3484=EDGE_CURVE('',#325,#323,#3487,.T.);
#3485=LINE('',#322,#3488);
#3486=LINE('',#320,#3489);
#3487=LINE('',#324,#3490);
#3488=VECTOR('',#3491,1.0);
#3489=VECTOR('',#3492,1.0);
#3490=VECTOR('',#3493,1.0);
#3491=DIRECTION('',(0.7486791425264877,0.6629325316695532,0));
#3492=DIRECTION('',(0.46006582629176307,-0.8878848098027566,0));
#3493=DIRECTION('',(-0.9258070852980316,-0.3779963502627547,0));
#3494=FACE_SURFACE('',(#3499),#3495,.T.);
#3495=PLANE('',#3496);
#3496=AXIS2_PLACEMENT_3D('',#322,#3497,#3498);
#3497=DIRECTION('',(0,0,-1));
#3498=DIRECTION('',(0.9258070852980316,0.3779963502627547,0));
#3499=FACE_BOUND('',#3500,.T.);
#3500=EDGE_LOOP('',(#3501,#3502,#3503));
#3501=ORIENTED_EDGE('',*,*,#3504,.T.);
#3502=ORIENTED_EDGE('',*,*,#3505,.T.);
#3503=ORIENTED_EDGE('',*,*,#3506,.T.);
#3504=EDGE_CURVE('',#323,#325,#3507,.F.);
#3505=EDGE_CURVE('',#325,#327,#3508,.T.);
#3506=EDGE_CURVE('',#327,#323,#3509,.T.);
#3507=LINE('',#322,#3510);
#3508=LINE('',#324,#3511);
#3509=LINE('',#326,#3512);
#3510=VECTOR('',#3513,1.0);
#3511=VECTOR('',#3514,1.0);
#3512=VECTOR('',#3515,1.0);
#3513=DIRECTION('',(0.9258070852980316,0.3779963502627547,0));
#3514=DIRECTION('',(-0.8059536439324538,-0.5919786515002036,0));
#3515=DIRECTION('',(-0.333140242693465,0.9428772871896636,0));
#3516=FACE_SURFACE('',(#3521),#3517,.T.);
#3517=PLANE('',#3518);
#3518=AXIS2_PLACEMENT_3D('',#326,#3519,#3520);
#3519=DIRECTION('',(0,0,-1));
#3520=DIRECTION('',(0.8059536439324538,0.5919786515002036,0));
#3521=FACE_BOUND('',#3522,.T.);
#3522=EDGE_LOOP('',(#3523,#3524,#3525));
#3523=ORIENTED_EDGE('',*,*,#3526,.T.);
#3524=ORIENTED_EDGE('',*,*,#3527,.T.);
#3525=ORIENTED_EDGE('',*,*,#3528,.T.);
#3526=EDGE_CURVE('',#327,#325,#3529,.F.);
#3527=EDGE_CURVE('',#325,#329,#3530,.T.);
#3528=EDGE_CURVE('',#329,#327,#3531,.T.);
#3529=LINE('',#326,#3532);
#3530=LINE('',#324,#3533);
#3531=LINE('',#328,#3534);
#3532=VECTOR('',#3535,1.0);
#3533=VECTOR('',#3536,1.0);
#3534=VECTOR('',#3537,1.0);
#3535=DIRECTION('',(0.8059536439324538,0.5919786515002036,0));
#3536=DIRECTION('',(0.33487965778810314,-0.942260905906492,0));
#3537=DIRECTION('',(-0.955083953168339,-0.2963353546243478,0));
#3538=FACE_SURFACE('',(#3543),#3539,.T.);
#3539=PLANE('',#3540);
#3540=AXIS2_PLACEMENT_3D('',#326,#3541,#3542);
#3541=DIRECTION('',(0,0,-1));
#3542=DIRECTION('',(0.955083953168339,0.2963353546243478,0));
#3543=FACE_BOUND('',#3544,.T.);
#3544=EDGE_LOOP('',(#3545,#3546,#3547));
#3545=ORIENTED_EDGE('',*,*,#3548,.T.);
#3546=ORIENTED_EDGE('',*,*,#3549,.T.);
#3547=ORIENTED_EDGE('',*,*,#3550,.T.);
#3548=EDGE_CURVE('',#327,#329,#3551,.F.);
#3549=EDGE_CURVE('',#329,#331,#3552,.T.);
#3550=EDGE_CURVE('',#331,#327,#3553,.T.);
#3551=LINE('',#326,#3554);
#3552=LINE('',#328,#3555);
#3553=LINE('',#330,#3556);
#3554=VECTOR('',#3557,1.0);
#3555=VECTOR('',#3558,1.0);
#3556=VECTOR('',#3559,1.0);
#3557=DIRECTION('',(0.955083953168339,0.2963353546243478,0));
#3558=DIRECTION('',(-0.8576319493313347,-0.5142639784061636,0));
#3559=DIRECTION('',(-0.169000200521684,0.9856160166229192,0));
#3560=FACE_SURFACE('',(#3565),#3561,.T.);
#3561=PLANE('',#3562);
#3562=AXIS2_PLACEMENT_3D('',#330,#3563,#3564);
#3563=DIRECTION('',(0,0,-1));
#3564=DIRECTION('',(0.8576319493313347,0.5142639784061636,0));
#3565=FACE_BOUND('',#3566,.T.);
#3566=EDGE_LOOP('',(#3567,#3568,#3569));
#3567=ORIENTED_EDGE('',*,*,#3570,.T.);
#3568=ORIENTED_EDGE('',*,*,#3571,.T.);
#3569=ORIENTED_EDGE('',*,*,#3572,.T.);
#3570=EDGE_CURVE('',#331,#329,#3573,.F.);
#3571=EDGE_CURVE('',#329,#333,#3574,.T.);
#3572=EDGE_CURVE('',#333,#331,#3575,.T.);
#3573=LINE('',#330,#3576);
#3574=LINE('',#328,#3577);
#3575=LINE('',#332,#3578);
#3576=VECTOR('',#3579,1.0);
#3577=VECTOR('',#3580,1.0);
#3578=VECTOR('',#3581,1.0);
#3579=DIRECTION('',(0.8576319493313347,0.5142639784061636,0));
#3580=DIRECTION('',(0.2034545758330276,-0.979084386338891,0));
#3581=DIRECTION('',(-0.9772375326003857,-0.2121480729988144,0));
#3582=FACE_SURFACE('',(#3587),#3583,.T.);
#3583=PLANE('',#3584);
#3584=AXIS2_PLACEMENT_3D('',#330,#3585,#3586);
#3585=DIRECTION('',(0,0,-1));
#3586=DIRECTION('',(0.9772375326003857,0.2121480729988144,0));
#3587=FACE_BOUND('',#3588,.T.);
#3588=EDGE_LOOP('',(#3589,#3590,#3591));
#3589=ORIENTED_EDGE('',*,*,#3592,.T.);
#3590=ORIENTED_EDGE('',*,*,#3593,.T.);
#3591=ORIENTED_EDGE('',*,*,#3594,.T.);
#3592=EDGE_CURVE('',#331,#333,#3595,.F.);
#3593=EDGE_CURVE('',#333,#335,#3596,.T.);
#3594=EDGE_CURVE('',#335,#331,#3597,.T.);
#3595=LINE('',#330,#3598);
#3596=LINE('',#332,#3599);
#3597=LINE('',#334,#3600);
#3598=VECTOR('',#3601,1.0);
#3599=VECTOR('',#3602,1.0);
#3600=VECTOR('',#3603,1.0);
#3601=DIRECTION('',(0.9772375326003857,0.2121480729988144,0));
#3602=DIRECTION('',(-0.9442897306211735,-0.3291153363843618,0));
#3603=DIRECTION('',(-0.04244220381327956,0.9990989236984854,0));
#3604=FACE_SURFACE('',(#3609),#3605,.T.);
#3605=PLANE('',#3606);
#3606=AXIS2_PLACEMENT_3D('',#334,#3607,#3608);
#3607=DIRECTION('',(0,0,-1));
#3608=DIRECTION('',(0.9442897306211735,0.3291153363843618,0));
#3609=FACE_BOUND('',#3610,.T.);
#3610=EDGE_LOOP('',(#3611,#3612,#3613));
#3611=ORIENTED_EDGE('',*,*,#3614,.T.);
#3612=ORIENTED_EDGE('',*,*,#3615,.T.);
#3613=ORIENTED_EDGE('',*,*,#3616,.T.);
#3614=EDGE_CURVE('',#335,#333,#3617,.F.);
#3615=EDGE_CURVE('',#333,#337,#3618,.T.);
#3616=EDGE_CURVE('',#337,#335,#3619,.T.);
#3617=LINE('',#334,#3620);
#3618=LINE('',#332,#3621);
#3619=LINE('',#336,#3622);
#3620=VECTOR('',#3623,1.0);
#3621=VECTOR('',#3624,1.0);
#3622=VECTOR('',#3625,1.0);
#3623=DIRECTION('',(0.9442897306211735,0.3291153363843618,0));
#3624=DIRECTION('',(0.06824365624350913,-0.9976686841745198,0));
#3625=DIRECTION('',(-1,0,0));
#3626=FACE_SURFACE('',(#3631),#3627,.T.);
#3627=PLANE('',#3628);
#3628=AXIS2_PLACEMENT_3D('',#334,#3629,#3630);
#3629=DIRECTION('',(0,-0,-1));
#3630=DIRECTION('',(1,0,0));
#3631=FACE_BOUND('',#3632,.T.);
#3632=EDGE_LOOP('',(#3633,#3634,#3635));
#3633=ORIENTED_EDGE('',*,*,#3636,.T.);
#3634=ORIENTED_EDGE('',*,*,#3637,.T.);
#3635=ORIENTED_EDGE('',*,*,#3638,.T.);
#3636=EDGE_CURVE('',#335,#337,#3639,.F.);
#3637=EDGE_CURVE('',#337,#339,#3640,.T.);
#3638=EDGE_CURVE('',#339,#335,#3641,.T.);
#3639=LINE('',#334,#3642);
#3640=LINE('',#336,#3643);
#3641=LINE('',#338,#3644);
#3642=VECTOR('',#3645,1.0);
#3643=VECTOR('',#3646,1.0);
#3644=VECTOR('',#3647,1.0);
#3645=DIRECTION('',(1,0,0));
#3646=DIRECTION('',(-0.9920905154901701,-0.12552453574679573,0));
#3647=DIRECTION('',(0.04244211558769098,0.9990989274463471,0));
#3648=FACE_SURFACE('',(#3653),#3649,.T.);
#3649=PLANE('',#3650);
#3650=AXIS2_PLACEMENT_3D('',#338,#3651,#3652);
#3651=DIRECTION('',(0,0,-1));
#3652=DIRECTION('',(0.9920905154901701,0.12552453574679573,0));
#3653=FACE_BOUND('',#3654,.T.);
#3654=EDGE_LOOP('',(#3655,#3656,#3657));
#3655=ORIENTED_EDGE('',*,*,#3658,.T.);
#3656=ORIENTED_EDGE('',*,*,#3659,.T.);
#3657=ORIENTED_EDGE('',*,*,#3660,.T.);
#3658=EDGE_CURVE('',#339,#337,#3661,.F.);
#3659=EDGE_CURVE('',#337,#341,#3662,.T.);
#3660=EDGE_CURVE('',#341,#339,#3663,.T.);
#3661=LINE('',#338,#3664);
#3662=LINE('',#336,#3665);
#3663=LINE('',#340,#3666);
#3664=VECTOR('',#3667,1.0);
#3665=VECTOR('',#3668,1.0);
#3666=VECTOR('',#3669,1.0);
#3667=DIRECTION('',(0.9920905154901701,0.12552453574679573,0));
#3668=DIRECTION('',(-0.06824360338417318,-0.9976686877902623,0));
#3669=DIRECTION('',(-0.9772375326003857,0.2121480729988144,0));
#3670=FACE_SURFACE('',(#3675),#3671,.T.);
#3671=PLANE('',#3672);
#3672=AXIS2_PLACEMENT_3D('',#338,#3673,#3674);
#3673=DIRECTION('',(0,-0,-1));
#3674=DIRECTION('',(0.9772375326003857,-0.2121480729988144,0));
#3675=FACE_BOUND('',#3676,.T.);
#3676=EDGE_LOOP('',(#3677,#3678,#3679));
#3677=ORIENTED_EDGE('',*,*,#3680,.T.);
#3678=ORIENTED_EDGE('',*,*,#3681,.T.);
#3679=ORIENTED_EDGE('',*,*,#3682,.T.);
#3680=EDGE_CURVE('',#339,#341,#3683,.F.);
#3681=EDGE_CURVE('',#341,#343,#3684,.T.);
#3682=EDGE_CURVE('',#343,#339,#3685,.T.);
#3683=LINE('',#338,#3686);
#3684=LINE('',#340,#3687);
#3685=LINE('',#342,#3688);
#3686=VECTOR('',#3689,1.0);
#3687=VECTOR('',#3690,1.0);
#3688=VECTOR('',#3691,1.0);
#3689=DIRECTION('',(0.9772375326003857,-0.2121480729988144,0));
#3690=DIRECTION('',(-0.9993297758702094,-0.036605997585055707,0));
#3691=DIRECTION('',(0.16900028724086458,0.9856160017534746,0));
#3692=FACE_SURFACE('',(#3697),#3693,.T.);
#3693=PLANE('',#3694);
#3694=AXIS2_PLACEMENT_3D('',#342,#3695,#3696);
#3695=DIRECTION('',(0,0,-1));
#3696=DIRECTION('',(0.9993297758702094,0.036605997585055707,0));
#3697=FACE_BOUND('',#3698,.T.);
#3698=EDGE_LOOP('',(#3699,#3700,#3701));
#3699=ORIENTED_EDGE('',*,*,#3702,.T.);
#3700=ORIENTED_EDGE('',*,*,#3703,.T.);
#3701=ORIENTED_EDGE('',*,*,#3704,.T.);
#3702=EDGE_CURVE('',#343,#341,#3705,.F.);
#3703=EDGE_CURVE('',#341,#345,#3706,.T.);
#3704=EDGE_CURVE('',#345,#343,#3707,.T.);
#3705=LINE('',#342,#3708);
#3706=LINE('',#340,#3709);
#3707=LINE('',#344,#3710);
#3708=VECTOR('',#3711,1.0);
#3709=VECTOR('',#3712,1.0);
#3710=VECTOR('',#3713,1.0);
#3711=DIRECTION('',(0.9993297758702094,0.036605997585055707,0));
#3712=DIRECTION('',(-0.2034545758330276,-0.979084386338891,0));
#3713=DIRECTION('',(-0.9550839157042331,0.2963354753705157,0));
#3714=FACE_SURFACE('',(#3719),#3715,.T.);
#3715=PLANE('',#3716);
#3716=AXIS2_PLACEMENT_3D('',#342,#3717,#3718);
#3717=DIRECTION('',(0,-0,-1));
#3718=DIRECTION('',(0.9550839157042331,-0.2963354753705157,0));
#3719=FACE_BOUND('',#3720,.T.);
#3720=EDGE_LOOP('',(#3721,#3722,#3723));
#3721=ORIENTED_EDGE('',*,*,#3724,.T.);
#3722=ORIENTED_EDGE('',*,*,#3725,.T.);
#3723=ORIENTED_EDGE('',*,*,#3726,.T.);
#3724=EDGE_CURVE('',#343,#345,#3727,.F.);
#3725=EDGE_CURVE('',#345,#347,#3728,.T.);
#3726=EDGE_CURVE('',#347,#343,#3729,.T.);
#3727=LINE('',#342,#3730);
#3728=LINE('',#344,#3731);
#3729=LINE('',#346,#3732);
#3730=VECTOR('',#3733,1.0);
#3731=VECTOR('',#3734,1.0);
#3732=VECTOR('',#3735,1.0);
#3733=DIRECTION('',(0.9550839157042331,-0.2963354753705157,0));
#3734=DIRECTION('',(-0.998521538099219,0.054357501340385,0));
#3735=DIRECTION('',(0.3331400791615624,0.9428773449692318,0));
#3736=FACE_SURFACE('',(#3741),#3737,.T.);
#3737=PLANE('',#3738);
#3738=AXIS2_PLACEMENT_3D('',#346,#3739,#3740);
#3739=DIRECTION('',(0,0,-1));
#3740=DIRECTION('',(0.998521538099219,-0.054357501340385,0));
#3741=FACE_BOUND('',#3742,.T.);
#3742=EDGE_LOOP('',(#3743,#3744,#3745));
#3743=ORIENTED_EDGE('',*,*,#3746,.T.);
#3744=ORIENTED_EDGE('',*,*,#3747,.T.);
#3745=ORIENTED_EDGE('',*,*,#3748,.T.);
#3746=EDGE_CURVE('',#347,#345,#3749,.F.);
#3747=EDGE_CURVE('',#345,#349,#3750,.T.);
#3748=EDGE_CURVE('',#349,#347,#3751,.T.);
#3749=LINE('',#346,#3752);
#3750=LINE('',#344,#3753);
#3751=LINE('',#348,#3754);
#3752=VECTOR('',#3755,1.0);
#3753=VECTOR('',#3756,1.0);
#3754=VECTOR('',#3757,1.0);
#3755=DIRECTION('',(0.998521538099219,-0.054357501340385,0));
#3756=DIRECTION('',(-0.33487965778810314,-0.942260905906492,0));
#3757=DIRECTION('',(-0.9258070852980316,0.3779963502627547,0));
#3758=FACE_SURFACE('',(#3763),#3759,.T.);
#3759=PLANE('',#3760);
#3760=AXIS2_PLACEMENT_3D('',#346,#3761,#3762);
#3761=DIRECTION('',(0,-0,-1));
#3762=DIRECTION('',(0.9258070852980316,-0.3779963502627547,0));
#3763=FACE_BOUND('',#3764,.T.);
#3764=EDGE_LOOP('',(#3765,#3766,#3767));
#3765=ORIENTED_EDGE('',*,*,#3768,.T.);
#3766=ORIENTED_EDGE('',*,*,#3769,.T.);
#3767=ORIENTED_EDGE('',*,*,#3770,.T.);
#3768=EDGE_CURVE('',#347,#349,#3771,.F.);
#3769=EDGE_CURVE('',#349,#279,#3772,.T.);
#3770=EDGE_CURVE('',#279,#347,#3773,.T.);
#3771=LINE('',#346,#3774);
#3772=LINE('',#348,#3775);
#3773=LINE('',#278,#3776);
#3774=VECTOR('',#3777,1.0);
#3775=VECTOR('',#3778,1.0);
#3776=VECTOR('',#3779,1.0);
#3777=DIRECTION('',(0.9258070852980316,-0.3779963502627547,0));
#3778=DIRECTION('',(-0.9891424960715568,0.14695959466918226,0));
#3779=DIRECTION('',(0.4876950648706306,0.8730140455346818,0));
#3780=FACE_SURFACE('',(#3785),#3781,.T.);
#3781=PLANE('',#3782);
#3782=AXIS2_PLACEMENT_3D('',#278,#3783,#3784);
#3783=DIRECTION('',(0,0,-1));
#3784=DIRECTION('',(0.9891424960715568,-0.14695959466918226,0));
#3785=FACE_BOUND('',#3786,.T.);
#3786=EDGE_LOOP('',(#3787,#3788,#3789));
#3787=ORIENTED_EDGE('',*,*,#3790,.T.);
#3788=ORIENTED_EDGE('',*,*,#3791,.T.);
#3789=ORIENTED_EDGE('',*,*,#3792,.T.);
#3790=EDGE_CURVE('',#279,#349,#3793,.F.);
#3791=EDGE_CURVE('',#349,#351,#3794,.T.);
#3792=EDGE_CURVE('',#351,#279,#3795,.T.);
#3793=LINE('',#278,#3796);
#3794=LINE('',#348,#3797);
#3795=LINE('',#350,#3798);
#3796=VECTOR('',#3799,1.0);
#3797=VECTOR('',#3800,1.0);
#3798=VECTOR('',#3801,1.0);
#3799=DIRECTION('',(0.9891424960715568,-0.14695959466918226,0));
#3800=DIRECTION('',(-0.46006598486128625,-0.8878847276384557,0));
#3801=DIRECTION('',(-0.8894519818137571,0.4570286337283256,0));
#3802=FACE_SURFACE('',(#3807),#3803,.T.);
#3803=PLANE('',#3804);
#3804=AXIS2_PLACEMENT_3D('',#278,#3805,#3806);
#3805=DIRECTION('',(0,0,-1));
#3806=DIRECTION('',(0.8894519818137571,-0.4570286337283256,0));
#3807=FACE_BOUND('',#3808,.T.);
#3808=EDGE_LOOP('',(#3809,#3810,#3811));
#3809=ORIENTED_EDGE('',*,*,#3812,.T.);
#3810=ORIENTED_EDGE('',*,*,#3813,.T.);
#3811=ORIENTED_EDGE('',*,*,#3814,.T.);
#3812=EDGE_CURVE('',#279,#351,#3815,.F.);
#3813=EDGE_CURVE('',#351,#281,#3816,.T.);
#3814=EDGE_CURVE('',#281,#279,#3817,.T.);
#3815=LINE('',#278,#3818);
#3816=LINE('',#350,#3819);
#3817=LINE('',#280,#3820);
#3818=VECTOR('',#3821,1.0);
#3819=VECTOR('',#3822,1.0);
#3820=VECTOR('',#3823,1.0);
#3821=DIRECTION('',(0.8894519818137571,-0.4570286337283256,0));
#3822=DIRECTION('',(-0.5766798141622527,-0.8169702515623135,0));
#3823=DIRECTION('',(-0.6864895536780827,0.7271396651887908,0));
#3824=FACE_SURFACE('',(#3829),#3825,.T.);
#3825=PLANE('',#3826);
#3826=AXIS2_PLACEMENT_3D('',#238,#3827,#3828);
#3827=DIRECTION('',(0,0,-1));
#3828=DIRECTION('',(1,0,0));
#3829=FACE_BOUND('',#3830,.T.);
#3830=EDGE_LOOP('',(#3831,#3832,#3833));
#3831=ORIENTED_EDGE('',*,*,#3834,.T.);
#3832=ORIENTED_EDGE('',*,*,#3835,.T.);
#3833=ORIENTED_EDGE('',*,*,#3836,.T.);
#3834=EDGE_CURVE('',#239,#353,#3837,.F.);
#3835=EDGE_CURVE('',#353,#241,#3838,.T.);
#3836=EDGE_CURVE('',#241,#239,#3839,.T.);
#3837=LINE('',#238,#3840);
#3838=LINE('',#352,#3841);
#3839=LINE('',#240,#3842);
#3840=VECTOR('',#3843,1.0);
#3841=VECTOR('',#3844,1.0);
#3842=VECTOR('',#3845,1.0);
#3843=DIRECTION('',(1,0,0));
#3844=DIRECTION('',(0.019791654557877677,-0.999804126021623,0));
#3845=DIRECTION('',(-0.33777304463863944,0.9412275868861599,0));
#3846=FACE_SURFACE('',(#3851),#3847,.T.);
#3847=PLANE('',#3848);
#3848=AXIS2_PLACEMENT_3D('',#240,#3849,#3850);
#3849=DIRECTION('',(0,0,-1));
#3850=DIRECTION('',(-0.019791654557877677,0.999804126021623,0));
#3851=FACE_BOUND('',#3852,.T.);
#3852=EDGE_LOOP('',(#3853,#3854,#3855));
#3853=ORIENTED_EDGE('',*,*,#3856,.T.);
#3854=ORIENTED_EDGE('',*,*,#3857,.T.);
#3855=ORIENTED_EDGE('',*,*,#3858,.T.);
#3856=EDGE_CURVE('',#241,#353,#3859,.F.);
#3857=EDGE_CURVE('',#353,#355,#3860,.T.);
#3858=EDGE_CURVE('',#355,#241,#3861,.T.);
#3859=LINE('',#240,#3862);
#3860=LINE('',#352,#3863);
#3861=LINE('',#354,#3864);
#3862=VECTOR('',#3865,1.0);
#3863=VECTOR('',#3866,1.0);
#3864=VECTOR('',#3867,1.0);
#3865=DIRECTION('',(-0.019791654557877677,0.999804126021623,0));
#3866=DIRECTION('',(0.9906858385617705,-0.13616743102945594,0));
#3867=DIRECTION('',(-0.314589660922871,-0.9492277625735739,0));
#3868=FACE_SURFACE('',(#3873),#3869,.T.);
#3869=PLANE('',#3870);
#3870=AXIS2_PLACEMENT_3D('',#240,#3871,#3872);
#3871=DIRECTION('',(0,0,-1));
#3872=DIRECTION('',(0.314589660922871,0.9492277625735739,0));
#3873=FACE_BOUND('',#3874,.T.);
#3874=EDGE_LOOP('',(#3875,#3876,#3877));
#3875=ORIENTED_EDGE('',*,*,#3878,.T.);
#3876=ORIENTED_EDGE('',*,*,#3879,.T.);
#3877=ORIENTED_EDGE('',*,*,#3880,.T.);
#3878=EDGE_CURVE('',#241,#355,#3881,.F.);
#3879=EDGE_CURVE('',#355,#357,#3882,.T.);
#3880=EDGE_CURVE('',#357,#241,#3883,.T.);
#3881=LINE('',#240,#3884);
#3882=LINE('',#354,#3885);
#3883=LINE('',#356,#3886);
#3884=VECTOR('',#3887,1.0);
#3885=VECTOR('',#3888,1.0);
#3886=VECTOR('',#3889,1.0);
#3887=DIRECTION('',(0.314589660922871,0.9492277625735739,0));
#3888=DIRECTION('',(-0.06832392860118298,-0.9976631900498788,0));
#3889=DIRECTION('',(-0.9775550850252327,0.2106799841971472,0));
#3890=FACE_SURFACE('',(#3895),#3891,.T.);
#3891=PLANE('',#3892);
#3892=AXIS2_PLACEMENT_3D('',#356,#3893,#3894);
#3893=DIRECTION('',(0,0,-1));
#3894=DIRECTION('',(0.06832392860118298,0.9976631900498788,0));
#3895=FACE_BOUND('',#3896,.T.);
#3896=EDGE_LOOP('',(#3897,#3898,#3899));
#3897=ORIENTED_EDGE('',*,*,#3900,.T.);
#3898=ORIENTED_EDGE('',*,*,#3901,.T.);
#3899=ORIENTED_EDGE('',*,*,#3902,.T.);
#3900=EDGE_CURVE('',#357,#355,#3903,.F.);
#3901=EDGE_CURVE('',#355,#359,#3904,.T.);
#3902=EDGE_CURVE('',#359,#357,#3905,.T.);
#3903=LINE('',#356,#3906);
#3904=LINE('',#354,#3907);
#3905=LINE('',#358,#3908);
#3906=VECTOR('',#3909,1.0);
#3907=VECTOR('',#3910,1.0);
#3908=VECTOR('',#3911,1.0);
#3909=DIRECTION('',(0.06832392860118298,0.9976631900498788,0));
#3910=DIRECTION('',(0.9629175045009895,-0.26979599612593785,0));
#3911=DIRECTION('',(-0.3965086479080778,-0.9180309864781842,0));
#3912=FACE_SURFACE('',(#3917),#3913,.T.);
#3913=PLANE('',#3914);
#3914=AXIS2_PLACEMENT_3D('',#356,#3915,#3916);
#3915=DIRECTION('',(0,0,-1));
#3916=DIRECTION('',(0.3965086479080778,0.9180309864781842,0));
#3917=FACE_BOUND('',#3918,.T.);
#3918=EDGE_LOOP('',(#3919,#3920,#3921));
#3919=ORIENTED_EDGE('',*,*,#3922,.T.);
#3920=ORIENTED_EDGE('',*,*,#3923,.T.);
#3921=ORIENTED_EDGE('',*,*,#3924,.T.);
#3922=EDGE_CURVE('',#357,#359,#3925,.F.);
#3923=EDGE_CURVE('',#359,#361,#3926,.T.);
#3924=EDGE_CURVE('',#361,#357,#3927,.T.);
#3925=LINE('',#356,#3928);
#3926=LINE('',#358,#3929);
#3927=LINE('',#360,#3930);
#3928=VECTOR('',#3931,1.0);
#3929=VECTOR('',#3932,1.0);
#3930=VECTOR('',#3933,1.0);
#3931=DIRECTION('',(0.3965086479080778,0.9180309864781842,0));
#3932=DIRECTION('',(-0.15731886256674518,-0.9875478598431093,0));
#3933=DIRECTION('',(-0.9278892088780016,0.37285602589706973,0));
#3934=FACE_SURFACE('',(#3939),#3935,.T.);
#3935=PLANE('',#3936);
#3936=AXIS2_PLACEMENT_3D('',#360,#3937,#3938);
#3937=DIRECTION('',(0,0,-1));
#3938=DIRECTION('',(0.15731886256674518,0.9875478598431093,0));
#3939=FACE_BOUND('',#3940,.T.);
#3940=EDGE_LOOP('',(#3941,#3942,#3943));
#3941=ORIENTED_EDGE('',*,*,#3944,.T.);
#3942=ORIENTED_EDGE('',*,*,#3945,.T.);
#3943=ORIENTED_EDGE('',*,*,#3946,.T.);
#3944=EDGE_CURVE('',#361,#359,#3947,.F.);
#3945=EDGE_CURVE('',#359,#363,#3948,.T.);
#3946=EDGE_CURVE('',#363,#361,#3949,.T.);
#3947=LINE('',#360,#3950);
#3948=LINE('',#358,#3951);
#3949=LINE('',#362,#3952);
#3950=VECTOR('',#3953,1.0);
#3951=VECTOR('',#3954,1.0);
#3952=VECTOR('',#3955,1.0);
#3953=DIRECTION('',(0.15731886256674518,0.9875478598431093,0));
#3954=DIRECTION('',(0.9172111785638856,-0.39840137288599786,0));
#3955=DIRECTION('',(-0.47474777432094006,-0.8801218954084222,0));
#3956=FACE_SURFACE('',(#3961),#3957,.T.);
#3957=PLANE('',#3958);
#3958=AXIS2_PLACEMENT_3D('',#360,#3959,#3960);
#3959=DIRECTION('',(0,0,-1));
#3960=DIRECTION('',(0.47474777432094006,0.8801218954084222,0));
#3961=FACE_BOUND('',#3962,.T.);
#3962=EDGE_LOOP('',(#3963,#3964,#3965));
#3963=ORIENTED_EDGE('',*,*,#3966,.T.);
#3964=ORIENTED_EDGE('',*,*,#3967,.T.);
#3965=ORIENTED_EDGE('',*,*,#3968,.T.);
#3966=EDGE_CURVE('',#361,#363,#3969,.F.);
#3967=EDGE_CURVE('',#363,#365,#3970,.T.);
#3968=EDGE_CURVE('',#365,#361,#3971,.T.);
#3969=LINE('',#360,#3972);
#3970=LINE('',#362,#3973);
#3971=LINE('',#364,#3974);
#3972=VECTOR('',#3975,1.0);
#3973=VECTOR('',#3976,1.0);
#3974=VECTOR('',#3977,1.0);
#3975=DIRECTION('',(0.47474777432094006,0.8801218954084222,0));
#3976=DIRECTION('',(-0.2468370444251322,-0.9690570021930935,0));
#3977=DIRECTION('',(-0.8515290878625484,0.5243073645524886,0));
#3978=FACE_SURFACE('',(#3983),#3979,.T.);
#3979=PLANE('',#3980);
#3980=AXIS2_PLACEMENT_3D('',#364,#3981,#3982);
#3981=DIRECTION('',(0,0,-1));
#3982=DIRECTION('',(0.2468370444251322,0.9690570021930935,0));
#3983=FACE_BOUND('',#3984,.T.);
#3984=EDGE_LOOP('',(#3985,#3986,#3987));
#3985=ORIENTED_EDGE('',*,*,#3988,.T.);
#3986=ORIENTED_EDGE('',*,*,#3989,.T.);
#3987=ORIENTED_EDGE('',*,*,#3990,.T.);
#3988=EDGE_CURVE('',#365,#363,#3991,.F.);
#3989=EDGE_CURVE('',#363,#367,#3992,.T.);
#3990=EDGE_CURVE('',#367,#365,#3993,.T.);
#3991=LINE('',#364,#3994);
#3992=LINE('',#362,#3995);
#3993=LINE('',#366,#3996);
#3994=VECTOR('',#3997,1.0);
#3995=VECTOR('',#3998,1.0);
#3996=VECTOR('',#3999,1.0);
#3997=DIRECTION('',(0.2468370444251322,0.9690570021930935,0));
#3998=DIRECTION('',(0.8544190727776795,-0.5195844956056044,0));
#3999=DIRECTION('',(-0.5492462031156266,-0.8356605820326024,0));
#4000=FACE_SURFACE('',(#4005),#4001,.T.);
#4001=PLANE('',#4002);
#4002=AXIS2_PLACEMENT_3D('',#364,#4003,#4004);
#4003=DIRECTION('',(0,0,-1));
#4004=DIRECTION('',(0.5492462031156266,0.8356605820326024,0));
#4005=FACE_BOUND('',#4006,.T.);
#4006=EDGE_LOOP('',(#4007,#4008,#4009));
#4007=ORIENTED_EDGE('',*,*,#4010,.T.);
#4008=ORIENTED_EDGE('',*,*,#4011,.T.);
#4009=ORIENTED_EDGE('',*,*,#4012,.T.);
#4010=EDGE_CURVE('',#365,#367,#4013,.F.);
#4011=EDGE_CURVE('',#367,#315,#4014,.T.);
#4012=EDGE_CURVE('',#315,#365,#4015,.T.);
#4013=LINE('',#364,#4016);
#4014=LINE('',#366,#4017);
#4015=LINE('',#314,#4018);
#4016=VECTOR('',#4019,1.0);
#4017=VECTOR('',#4020,1.0);
#4018=VECTOR('',#4021,1.0);
#4019=DIRECTION('',(0.5492462031156266,0.8356605820326024,0));
#4020=DIRECTION('',(-0.33634545909105823,-0.9417386750839243,0));
#4021=DIRECTION('',(-0.7506721832822891,0.6606748619753905,0));
#4022=FACE_SURFACE('',(#4027),#4023,.T.);
#4023=PLANE('',#4024);
#4024=AXIS2_PLACEMENT_3D('',#314,#4025,#4026);
#4025=DIRECTION('',(0,0,-1));
#4026=DIRECTION('',(0.33634545909105823,0.9417386750839243,0));
#4027=FACE_BOUND('',#4028,.T.);
#4028=EDGE_LOOP('',(#4029,#4030,#4031));
#4029=ORIENTED_EDGE('',*,*,#4032,.T.);
#4030=ORIENTED_EDGE('',*,*,#4033,.T.);
#4031=ORIENTED_EDGE('',*,*,#4034,.T.);
#4032=EDGE_CURVE('',#315,#367,#4035,.F.);
#4033=EDGE_CURVE('',#367,#369,#4036,.T.);
#4034=EDGE_CURVE('',#369,#315,#4037,.T.);
#4035=LINE('',#314,#4038);
#4036=LINE('',#366,#4039);
#4037=LINE('',#368,#4040);
#4038=VECTOR('',#4041,1.0);
#4039=VECTOR('',#4042,1.0);
#4040=VECTOR('',#4043,1.0);
#4041=DIRECTION('',(0.33634545909105823,0.9417386750839243,0));
#4042=DIRECTION('',(0.7757114790013913,-0.6310877128779121,0));
#4043=DIRECTION('',(-0.6198957249650304,-0.7846841977318514,0));
#4044=FACE_SURFACE('',(#4049),#4045,.T.);
#4045=PLANE('',#4046);
#4046=AXIS2_PLACEMENT_3D('',#314,#4047,#4048);
#4047=DIRECTION('',(0,0,-1));
#4048=DIRECTION('',(0.6198957249650304,0.7846841977318514,0));
#4049=FACE_BOUND('',#4050,.T.);
#4050=EDGE_LOOP('',(#4051,#4052,#4053));
#4051=ORIENTED_EDGE('',*,*,#4054,.T.);
#4052=ORIENTED_EDGE('',*,*,#4055,.T.);
#4053=ORIENTED_EDGE('',*,*,#4056,.T.);
#4054=EDGE_CURVE('',#315,#369,#4057,.F.);
#4055=EDGE_CURVE('',#369,#317,#4058,.T.);
#4056=EDGE_CURVE('',#317,#315,#4059,.T.);
#4057=LINE('',#314,#4060);
#4058=LINE('',#368,#4061);
#4059=LINE('',#316,#4062);
#4060=VECTOR('',#4063,1.0);
#4061=VECTOR('',#4064,1.0);
#4062=VECTOR('',#4065,1.0);
#4063=DIRECTION('',(0.6198957249650304,0.7846841977318514,0));
#4064=DIRECTION('',(0.6825530924021695,-0.7308360117374042,0));
#4065=DIRECTION('',(-0.8459513153767558,-0.5332601354051666,0));
#4066=FACE_SURFACE('',(#4071),#4067,.T.);
#4067=PLANE('',#4068);
#4068=AXIS2_PLACEMENT_3D('',#216,#4069,#4070);
#4069=DIRECTION('',(-0.9976687667665721,0.06824244880180418,0));
#4070=DIRECTION('',(0.0022643331026564956,0.03310336093942027,0.9994493685475592));
#4071=FACE_BOUND('',#4072,.T.);
#4072=EDGE_LOOP('',(#4073,#4074,#4075));
#4073=ORIENTED_EDGE('',*,*,#4076,.T.);
#4074=ORIENTED_EDGE('',*,*,#4077,.T.);
#4075=ORIENTED_EDGE('',*,*,#4078,.T.);
#4076=EDGE_CURVE('',#217,#99,#4079,.F.);
#4077=EDGE_CURVE('',#99,#221,#4080,.T.);
#4078=EDGE_CURVE('',#221,#217,#4081,.T.);
#4079=LINE('',#216,#4082);
#4080=LINE('',#98,#4083);
#4081=LINE('',#220,#4084);
#4082=VECTOR('',#4085,1.0);
#4083=VECTOR('',#4086,1.0);
#4084=VECTOR('',#4087,1.0);
#4085=DIRECTION('',(0.0022643331026564956,0.03310336093942027,0.9994493685475592));
#4086=DIRECTION('',(0,0,-1));
#4087=DIRECTION('',(-0.06824244880180418,-0.9976687667665722,0));
#4088=FACE_SURFACE('',(#4093),#4089,.T.);
#4089=PLANE('',#4090);
#4090=AXIS2_PLACEMENT_3D('',#220,#4091,#4092);
#4091=DIRECTION('',(-0.9790841350255838,0.2034557852242214,0));
#4092=DIRECTION('',(0,0,1));
#4093=FACE_BOUND('',#4094,.T.);
#4094=EDGE_LOOP('',(#4095,#4096,#4097));
#4095=ORIENTED_EDGE('',*,*,#4098,.T.);
#4096=ORIENTED_EDGE('',*,*,#4099,.T.);
#4097=ORIENTED_EDGE('',*,*,#4100,.T.);
#4098=EDGE_CURVE('',#221,#99,#4101,.F.);
#4099=EDGE_CURVE('',#99,#95,#4102,.T.);
#4100=EDGE_CURVE('',#95,#221,#4103,.T.);
#4101=LINE('',#220,#4104);
#4102=LINE('',#98,#4105);
#4103=LINE('',#94,#4106);
#4104=VECTOR('',#4107,1.0);
#4105=VECTOR('',#4108,1.0);
#4106=VECTOR('',#4109,1.0);
#4107=DIRECTION('',(0,0,1));
#4108=DIRECTION('',(0.2034557852242214,0.9790841350255838,0));
#4109=DIRECTION('',(-0.006750811182313485,-0.03248672491604119,-0.9994493680285211));
#4110=FACE_SURFACE('',(#4115),#4111,.T.);
#4111=PLANE('',#4112);
#4112=AXIS2_PLACEMENT_3D('',#220,#4113,#4114);
#4113=DIRECTION('',(-0.9790841350255838,0.2034557852242214,0));
#4114=DIRECTION('',(0.006750811182313485,0.03248672491604119,0.9994493680285211));
#4115=FACE_BOUND('',#4116,.T.);
#4116=EDGE_LOOP('',(#4117,#4118,#4119));
#4117=ORIENTED_EDGE('',*,*,#4120,.T.);
#4118=ORIENTED_EDGE('',*,*,#4121,.T.);
#4119=ORIENTED_EDGE('',*,*,#4122,.T.);
#4120=EDGE_CURVE('',#221,#95,#4123,.F.);
#4121=EDGE_CURVE('',#95,#243,#4124,.T.);
#4122=EDGE_CURVE('',#243,#221,#4125,.T.);
#4123=LINE('',#220,#4126);
#4124=LINE('',#94,#4127);
#4125=LINE('',#242,#4128);
#4126=VECTOR('',#4129,1.0);
#4127=VECTOR('',#4130,1.0);
#4128=VECTOR('',#4131,1.0);
#4129=DIRECTION('',(0.006750811182313485,0.03248672491604119,0.9994493680285211));
#4130=DIRECTION('',(0,0,-1));
#4131=DIRECTION('',(-0.2034557852242214,-0.9790841350255838,0));
#4132=FACE_SURFACE('',(#4137),#4133,.T.);
#4133=PLANE('',#4134);
#4134=AXIS2_PLACEMENT_3D('',#242,#4135,#4136);
#4135=DIRECTION('',(-0.9422609212178247,0.334879614706145,0));
#4136=DIRECTION('',(0,0,1));
#4137=FACE_BOUND('',#4138,.T.);
#4138=EDGE_LOOP('',(#4139,#4140,#4141));
#4139=ORIENTED_EDGE('',*,*,#4142,.T.);
#4140=ORIENTED_EDGE('',*,*,#4143,.T.);
#4141=ORIENTED_EDGE('',*,*,#4144,.T.);
#4142=EDGE_CURVE('',#243,#95,#4145,.F.);
#4143=EDGE_CURVE('',#95,#91,#4146,.T.);
#4144=EDGE_CURVE('',#91,#243,#4147,.T.);
#4145=LINE('',#242,#4148);
#4146=LINE('',#94,#4149);
#4147=LINE('',#90,#4150);
#4148=VECTOR('',#4151,1.0);
#4149=VECTOR('',#4152,1.0);
#4150=VECTOR('',#4153,1.0);
#4151=DIRECTION('',(0,0,1));
#4152=DIRECTION('',(0.334879614706145,0.9422609212178248,0));
#4153=DIRECTION('',(-0.011111554067227114,-0.031264916440896046,-0.9994493675850492));
#4154=FACE_SURFACE('',(#4159),#4155,.T.);
#4155=PLANE('',#4156);
#4156=AXIS2_PLACEMENT_3D('',#242,#4157,#4158);
#4157=DIRECTION('',(-0.9422609212178247,0.334879614706145,0));
#4158=DIRECTION('',(0.011111554067227114,0.031264916440896046,0.9994493675850492));
#4159=FACE_BOUND('',#4160,.T.);
#4160=EDGE_LOOP('',(#4161,#4162,#4163));
#4161=ORIENTED_EDGE('',*,*,#4164,.T.);
#4162=ORIENTED_EDGE('',*,*,#4165,.T.);
#4163=ORIENTED_EDGE('',*,*,#4166,.T.);
#4164=EDGE_CURVE('',#243,#91,#4167,.F.);
#4165=EDGE_CURVE('',#91,#245,#4168,.T.);
#4166=EDGE_CURVE('',#245,#243,#4169,.T.);
#4167=LINE('',#242,#4170);
#4168=LINE('',#90,#4171);
#4169=LINE('',#244,#4172);
#4170=VECTOR('',#4173,1.0);
#4171=VECTOR('',#4174,1.0);
#4172=VECTOR('',#4175,1.0);
#4173=DIRECTION('',(0.011111554067227114,0.031264916440896046,0.9994493675850492));
#4174=DIRECTION('',(0,0,-1));
#4175=DIRECTION('',(-0.334879614706145,-0.9422609212178248,0));
#4176=FACE_SURFACE('',(#4181),#4177,.T.);
#4177=PLANE('',#4178);
#4178=AXIS2_PLACEMENT_3D('',#244,#4179,#4180);
#4179=DIRECTION('',(-0.8878852458686308,0.4600649847236814,0));
#4180=DIRECTION('',(0,0,1));
#4181=FACE_BOUND('',#4182,.T.);
#4182=EDGE_LOOP('',(#4183,#4184,#4185));
#4183=ORIENTED_EDGE('',*,*,#4186,.T.);
#4184=ORIENTED_EDGE('',*,*,#4187,.T.);
#4185=ORIENTED_EDGE('',*,*,#4188,.T.);
#4186=EDGE_CURVE('',#245,#91,#4189,.F.);
#4187=EDGE_CURVE('',#91,#127,#4190,.T.);
#4188=EDGE_CURVE('',#127,#245,#4191,.T.);
#4189=LINE('',#244,#4192);
#4190=LINE('',#90,#4193);
#4191=LINE('',#126,#4194);
#4192=VECTOR('',#4195,1.0);
#4193=VECTOR('',#4196,1.0);
#4194=VECTOR('',#4197,1.0);
#4195=DIRECTION('',(0,0,1));
#4196=DIRECTION('',(0.46006498472368135,0.8878852458686307,0));
#4197=DIRECTION('',(-0.015265292920226074,-0.029460682311808907,-0.9994493679170458));
#4198=FACE_SURFACE('',(#4203),#4199,.T.);
#4199=PLANE('',#4200);
#4200=AXIS2_PLACEMENT_3D('',#244,#4201,#4202);
#4201=DIRECTION('',(-0.8878852458686308,0.4600649847236814,0));
#4202=DIRECTION('',(0.015265292920226074,0.029460682311808907,0.9994493679170458));
#4203=FACE_BOUND('',#4204,.T.);
#4204=EDGE_LOOP('',(#4205,#4206,#4207));
#4205=ORIENTED_EDGE('',*,*,#4208,.T.);
#4206=ORIENTED_EDGE('',*,*,#4209,.T.);
#4207=ORIENTED_EDGE('',*,*,#4210,.T.);
#4208=EDGE_CURVE('',#245,#127,#4211,.F.);
#4209=EDGE_CURVE('',#127,#249,#4212,.T.);
#4210=EDGE_CURVE('',#249,#245,#4213,.T.);
#4211=LINE('',#244,#4214);
#4212=LINE('',#126,#4215);
#4213=LINE('',#248,#4216);
#4214=VECTOR('',#4217,1.0);
#4215=VECTOR('',#4218,1.0);
#4216=VECTOR('',#4219,1.0);
#4217=DIRECTION('',(0.015265292920226074,0.029460682311808907,0.9994493679170458));
#4218=DIRECTION('',(0,0,-1));
#4219=DIRECTION('',(-0.46006498472368135,-0.8878852458686307,0));
#4220=FACE_SURFACE('',(#4225),#4221,.T.);
#4221=PLANE('',#4222);
#4222=AXIS2_PLACEMENT_3D('',#248,#4223,#4224);
#4223=DIRECTION('',(-0.816969829308408,0.5766804123600792,0));
#4224=DIRECTION('',(0,0,1));
#4225=FACE_BOUND('',#4226,.T.);
#4226=EDGE_LOOP('',(#4227,#4228,#4229));
#4227=ORIENTED_EDGE('',*,*,#4230,.T.);
#4228=ORIENTED_EDGE('',*,*,#4231,.T.);
#4229=ORIENTED_EDGE('',*,*,#4232,.T.);
#4230=EDGE_CURVE('',#249,#127,#4233,.F.);
#4231=EDGE_CURVE('',#127,#125,#4234,.T.);
#4232=EDGE_CURVE('',#125,#249,#4235,.T.);
#4233=LINE('',#248,#4236);
#4234=LINE('',#126,#4237);
#4235=LINE('',#124,#4238);
#4236=VECTOR('',#4239,1.0);
#4237=VECTOR('',#4240,1.0);
#4238=VECTOR('',#4241,1.0);
#4239=DIRECTION('',(0,0,1));
#4240=DIRECTION('',(0.576680412360079,0.8169698293084079,0));
#4241=DIRECTION('',(-0.01913466648296154,-0.027107640341870163,-0.9994493685893656));
#4242=FACE_SURFACE('',(#4247),#4243,.T.);
#4243=PLANE('',#4244);
#4244=AXIS2_PLACEMENT_3D('',#248,#4245,#4246);
#4245=DIRECTION('',(-0.816969829308408,0.5766804123600792,0));
#4246=DIRECTION('',(0.01913466648296154,0.027107640341870163,0.9994493685893656));
#4247=FACE_BOUND('',#4248,.T.);
#4248=EDGE_LOOP('',(#4249,#4250,#4251));
#4249=ORIENTED_EDGE('',*,*,#4252,.T.);
#4250=ORIENTED_EDGE('',*,*,#4253,.T.);
#4251=ORIENTED_EDGE('',*,*,#4254,.T.);
#4252=EDGE_CURVE('',#249,#125,#4255,.F.);
#4253=EDGE_CURVE('',#125,#253,#4256,.T.);
#4254=EDGE_CURVE('',#253,#249,#4257,.T.);
#4255=LINE('',#248,#4258);
#4256=LINE('',#124,#4259);
#4257=LINE('',#252,#4260);
#4258=VECTOR('',#4261,1.0);
#4259=VECTOR('',#4262,1.0);
#4260=VECTOR('',#4263,1.0);
#4261=DIRECTION('',(0.01913466648296154,0.027107640341870163,0.9994493685893656));
#4262=DIRECTION('',(0,0,-1));
#4263=DIRECTION('',(-0.576680412360079,-0.8169698293084079,0));
#4264=FACE_SURFACE('',(#4269),#4265,.T.);
#4265=PLANE('',#4266);
#4266=AXIS2_PLACEMENT_3D('',#252,#4267,#4268);
#4267=DIRECTION('',(-0.7308360117374043,0.6825530924021695,0));
#4268=DIRECTION('',(0,0,1));
#4269=FACE_BOUND('',#4270,.T.);
#4270=EDGE_LOOP('',(#4271,#4272,#4273));
#4271=ORIENTED_EDGE('',*,*,#4274,.T.);
#4272=ORIENTED_EDGE('',*,*,#4275,.T.);
#4273=ORIENTED_EDGE('',*,*,#4276,.T.);
#4274=EDGE_CURVE('',#253,#125,#4277,.F.);
#4275=EDGE_CURVE('',#125,#121,#4278,.T.);
#4276=EDGE_CURVE('',#121,#253,#4279,.T.);
#4277=LINE('',#252,#4280);
#4278=LINE('',#124,#4281);
#4279=LINE('',#120,#4282);
#4280=VECTOR('',#4283,1.0);
#4281=VECTOR('',#4284,1.0);
#4282=VECTOR('',#4285,1.0);
#4283=DIRECTION('',(0,0,1));
#4284=DIRECTION('',(0.6825530924021695,0.7308360117374042,0));
#4285=DIRECTION('',(-0.02264762339028239,-0.024249686856787758,-0.9994493673228872));
#4286=FACE_SURFACE('',(#4291),#4287,.T.);
#4287=PLANE('',#4288);
#4288=AXIS2_PLACEMENT_3D('',#252,#4289,#4290);
#4289=DIRECTION('',(-0.7308360117374043,0.6825530924021695,0));
#4290=DIRECTION('',(0.02264762339028239,0.024249686856787758,0.9994493673228872));
#4291=FACE_BOUND('',#4292,.T.);
#4292=EDGE_LOOP('',(#4293,#4294,#4295));
#4293=ORIENTED_EDGE('',*,*,#4296,.T.);
#4294=ORIENTED_EDGE('',*,*,#4297,.T.);
#4295=ORIENTED_EDGE('',*,*,#4298,.T.);
#4296=EDGE_CURVE('',#253,#121,#4299,.F.);
#4297=EDGE_CURVE('',#121,#257,#4300,.T.);
#4298=EDGE_CURVE('',#257,#253,#4301,.T.);
#4299=LINE('',#252,#4302);
#4300=LINE('',#120,#4303);
#4301=LINE('',#256,#4304);
#4302=VECTOR('',#4305,1.0);
#4303=VECTOR('',#4306,1.0);
#4304=VECTOR('',#4307,1.0);
#4305=DIRECTION('',(0.02264762339028239,0.024249686856787758,0.9994493673228872));
#4306=DIRECTION('',(0,0,-1));
#4307=DIRECTION('',(-0.6825530924021695,-0.7308360117374042,0));
#4308=FACE_SURFACE('',(#4313),#4309,.T.);
#4309=PLANE('',#4310);
#4310=AXIS2_PLACEMENT_3D('',#256,#4311,#4312);
#4311=DIRECTION('',(-0.6310877128779121,0.7757114790013913,0));
#4312=DIRECTION('',(0,0,1));
#4313=FACE_BOUND('',#4314,.T.);
#4314=EDGE_LOOP('',(#4315,#4316,#4317));
#4315=ORIENTED_EDGE('',*,*,#4318,.T.);
#4316=ORIENTED_EDGE('',*,*,#4319,.T.);
#4317=ORIENTED_EDGE('',*,*,#4320,.T.);
#4318=EDGE_CURVE('',#257,#121,#4321,.F.);
#4319=EDGE_CURVE('',#121,#117,#4322,.T.);
#4320=EDGE_CURVE('',#117,#257,#4323,.T.);
#4321=LINE('',#256,#4324);
#4322=LINE('',#120,#4325);
#4323=LINE('',#116,#4326);
#4324=VECTOR('',#4327,1.0);
#4325=VECTOR('',#4328,1.0);
#4326=VECTOR('',#4329,1.0);
#4327=DIRECTION('',(0,0,1));
#4328=DIRECTION('',(0.7757114790013913,0.6310877128779121,0));
#4329=DIRECTION('',(-0.025738660490563062,-0.020939940714092987,-0.9994493685220085));
#4330=FACE_SURFACE('',(#4335),#4331,.T.);
#4331=PLANE('',#4332);
#4332=AXIS2_PLACEMENT_3D('',#256,#4333,#4334);
#4333=DIRECTION('',(-0.6310877128779121,0.7757114790013913,0));
#4334=DIRECTION('',(0.025738660490563062,0.020939940714092987,0.9994493685220085));
#4335=FACE_BOUND('',#4336,.T.);
#4336=EDGE_LOOP('',(#4337,#4338,#4339));
#4337=ORIENTED_EDGE('',*,*,#4340,.T.);
#4338=ORIENTED_EDGE('',*,*,#4341,.T.);
#4339=ORIENTED_EDGE('',*,*,#4342,.T.);
#4340=EDGE_CURVE('',#257,#117,#4343,.F.);
#4341=EDGE_CURVE('',#117,#259,#4344,.T.);
#4342=EDGE_CURVE('',#259,#257,#4345,.T.);
#4343=LINE('',#256,#4346);
#4344=LINE('',#116,#4347);
#4345=LINE('',#258,#4348);
#4346=VECTOR('',#4349,1.0);
#4347=VECTOR('',#4350,1.0);
#4348=VECTOR('',#4351,1.0);
#4349=DIRECTION('',(0.025738660490563062,0.020939940714092987,0.9994493685220085));
#4350=DIRECTION('',(0,0,-1));
#4351=DIRECTION('',(-0.7757114790013913,-0.6310877128779121,0));
#4352=FACE_SURFACE('',(#4357),#4353,.T.);
#4353=PLANE('',#4354);
#4354=AXIS2_PLACEMENT_3D('',#258,#4355,#4356);
#4355=DIRECTION('',(-0.519584409438785,0.8544191251769525,0));
#4356=DIRECTION('',(0,0,1));
#4357=FACE_BOUND('',#4358,.T.);
#4358=EDGE_LOOP('',(#4359,#4360,#4361));
#4359=ORIENTED_EDGE('',*,*,#4362,.T.);
#4360=ORIENTED_EDGE('',*,*,#4363,.T.);
#4361=ORIENTED_EDGE('',*,*,#4364,.T.);
#4362=EDGE_CURVE('',#259,#117,#4365,.F.);
#4363=EDGE_CURVE('',#117,#113,#4366,.T.);
#4364=EDGE_CURVE('',#113,#259,#4367,.T.);
#4365=LINE('',#258,#4368);
#4366=LINE('',#116,#4369);
#4367=LINE('',#112,#4370);
#4368=VECTOR('',#4371,1.0);
#4369=VECTOR('',#4372,1.0);
#4370=VECTOR('',#4373,1.0);
#4371=DIRECTION('',(0,0,1));
#4372=DIRECTION('',(0.8544191251769526,0.5195844094387851,0));
#4373=DIRECTION('',(-0.02835026992264686,-0.017240201935013945,-0.9994493672180462));
#4374=FACE_SURFACE('',(#4379),#4375,.T.);
#4375=PLANE('',#4376);
#4376=AXIS2_PLACEMENT_3D('',#258,#4377,#4378);
#4377=DIRECTION('',(-0.519584409438785,0.8544191251769525,0));
#4378=DIRECTION('',(0.02835026992264686,0.017240201935013945,0.9994493672180462));
#4379=FACE_BOUND('',#4380,.T.);
#4380=EDGE_LOOP('',(#4381,#4382,#4383));
#4381=ORIENTED_EDGE('',*,*,#4384,.T.);
#4382=ORIENTED_EDGE('',*,*,#4385,.T.);
#4383=ORIENTED_EDGE('',*,*,#4386,.T.);
#4384=EDGE_CURVE('',#259,#113,#4387,.F.);
#4385=EDGE_CURVE('',#113,#227,#4388,.T.);
#4386=EDGE_CURVE('',#227,#259,#4389,.T.);
#4387=LINE('',#258,#4390);
#4388=LINE('',#112,#4391);
#4389=LINE('',#226,#4392);
#4390=VECTOR('',#4393,1.0);
#4391=VECTOR('',#4394,1.0);
#4392=VECTOR('',#4395,1.0);
#4393=DIRECTION('',(0.02835026992264686,0.017240201935013945,0.9994493672180462));
#4394=DIRECTION('',(0,0,-1));
#4395=DIRECTION('',(-0.8544191251769526,-0.5195844094387851,0));
#4396=FACE_SURFACE('',(#4401),#4397,.T.);
#4397=PLANE('',#4398);
#4398=AXIS2_PLACEMENT_3D('',#226,#4399,#4400);
#4399=DIRECTION('',(-0.3984015147373297,0.9172111169490922,0));
#4400=DIRECTION('',(0,0,1));
#4401=FACE_BOUND('',#4402,.T.);
#4402=EDGE_LOOP('',(#4403,#4404,#4405));
#4403=ORIENTED_EDGE('',*,*,#4406,.T.);
#4404=ORIENTED_EDGE('',*,*,#4407,.T.);
#4405=ORIENTED_EDGE('',*,*,#4408,.T.);
#4406=EDGE_CURVE('',#227,#113,#4409,.F.);
#4407=EDGE_CURVE('',#113,#145,#4410,.T.);
#4408=EDGE_CURVE('',#145,#227,#4411,.T.);
#4409=LINE('',#226,#4412);
#4410=LINE('',#112,#4413);
#4411=LINE('',#144,#4414);
#4412=VECTOR('',#4415,1.0);
#4413=VECTOR('',#4416,1.0);
#4414=VECTOR('',#4417,1.0);
#4415=DIRECTION('',(0,0,1));
#4416=DIRECTION('',(0.9172111169490922,0.3984015147373297,0));
#4417=DIRECTION('',(-0.030433731718951626,-0.01321925191690934,-0.9994493680784516));
#4418=FACE_SURFACE('',(#4423),#4419,.T.);
#4419=PLANE('',#4420);
#4420=AXIS2_PLACEMENT_3D('',#226,#4421,#4422);
#4421=DIRECTION('',(-0.3984015147373297,0.9172111169490922,0));
#4422=DIRECTION('',(0.030433731718951626,0.01321925191690934,0.9994493680784516));
#4423=FACE_BOUND('',#4424,.T.);
#4424=EDGE_LOOP('',(#4425,#4426,#4427));
#4425=ORIENTED_EDGE('',*,*,#4428,.T.);
#4426=ORIENTED_EDGE('',*,*,#4429,.T.);
#4427=ORIENTED_EDGE('',*,*,#4430,.T.);
#4428=EDGE_CURVE('',#227,#145,#4431,.F.);
#4429=EDGE_CURVE('',#145,#231,#4432,.T.);
#4430=EDGE_CURVE('',#231,#227,#4433,.T.);
#4431=LINE('',#226,#4434);
#4432=LINE('',#144,#4435);
#4433=LINE('',#230,#4436);
#4434=VECTOR('',#4437,1.0);
#4435=VECTOR('',#4438,1.0);
#4436=VECTOR('',#4439,1.0);
#4437=DIRECTION('',(0.030433731718951626,0.01321925191690934,0.9994493680784516));
#4438=DIRECTION('',(0,0,-1));
#4439=DIRECTION('',(-0.9172111169490922,-0.3984015147373297,0));
#4440=FACE_SURFACE('',(#4445),#4441,.T.);
#4441=PLANE('',#4442);
#4442=AXIS2_PLACEMENT_3D('',#230,#4443,#4444);
#4443=DIRECTION('',(-0.2697960969740877,0.9629174762447448,0));
#4444=DIRECTION('',(0,0,1));
#4445=FACE_BOUND('',#4446,.T.);
#4446=EDGE_LOOP('',(#4447,#4448,#4449));
#4447=ORIENTED_EDGE('',*,*,#4450,.T.);
#4448=ORIENTED_EDGE('',*,*,#4451,.T.);
#4449=ORIENTED_EDGE('',*,*,#4452,.T.);
#4450=EDGE_CURVE('',#231,#145,#4453,.F.);
#4451=EDGE_CURVE('',#145,#143,#4454,.T.);
#4452=EDGE_CURVE('',#143,#231,#4455,.T.);
#4453=LINE('',#230,#4456);
#4454=LINE('',#144,#4457);
#4455=LINE('',#142,#4458);
#4456=VECTOR('',#4459,1.0);
#4457=VECTOR('',#4460,1.0);
#4458=VECTOR('',#4461,1.0);
#4459=DIRECTION('',(0,0,1));
#4460=DIRECTION('',(0.9629174762447448,0.2697960969740877,0));
#4461=DIRECTION('',(-0.03195029513549954,-0.008952028743257531,-0.9994493683134401));
#4462=FACE_SURFACE('',(#4467),#4463,.T.);
#4463=PLANE('',#4464);
#4464=AXIS2_PLACEMENT_3D('',#230,#4465,#4466);
#4465=DIRECTION('',(-0.2697960969740877,0.9629174762447448,0));
#4466=DIRECTION('',(0.03195029513549954,0.008952028743257531,0.9994493683134401));
#4467=FACE_BOUND('',#4468,.T.);
#4468=EDGE_LOOP('',(#4469,#4470,#4471));
#4469=ORIENTED_EDGE('',*,*,#4472,.T.);
#4470=ORIENTED_EDGE('',*,*,#4473,.T.);
#4471=ORIENTED_EDGE('',*,*,#4474,.T.);
#4472=EDGE_CURVE('',#231,#143,#4475,.F.);
#4473=EDGE_CURVE('',#143,#235,#4476,.T.);
#4474=EDGE_CURVE('',#235,#231,#4477,.T.);
#4475=LINE('',#230,#4478);
#4476=LINE('',#142,#4479);
#4477=LINE('',#234,#4480);
#4478=VECTOR('',#4481,1.0);
#4479=VECTOR('',#4482,1.0);
#4480=VECTOR('',#4483,1.0);
#4481=DIRECTION('',(0.03195029513549954,0.008952028743257531,0.9994493683134401));
#4482=DIRECTION('',(0,0,-1));
#4483=DIRECTION('',(-0.9629174762447448,-0.2697960969740877,0));
#4484=FACE_SURFACE('',(#4489),#4485,.T.);
#4485=PLANE('',#4486);
#4486=AXIS2_PLACEMENT_3D('',#234,#4487,#4488);
#4487=DIRECTION('',(-0.1361673786630936,0.990685845759402,0));
#4488=DIRECTION('',(0,0,1));
#4489=FACE_BOUND('',#4490,.T.);
#4490=EDGE_LOOP('',(#4491,#4492,#4493));
#4491=ORIENTED_EDGE('',*,*,#4494,.T.);
#4492=ORIENTED_EDGE('',*,*,#4495,.T.);
#4493=ORIENTED_EDGE('',*,*,#4496,.T.);
#4494=EDGE_CURVE('',#235,#143,#4497,.F.);
#4495=EDGE_CURVE('',#143,#139,#4498,.T.);
#4496=EDGE_CURVE('',#139,#235,#4499,.T.);
#4497=LINE('',#234,#4500);
#4498=LINE('',#142,#4501);
#4499=LINE('',#138,#4502);
#4500=VECTOR('',#4503,1.0);
#4501=VECTOR('',#4504,1.0);
#4502=VECTOR('',#4505,1.0);
#4503=DIRECTION('',(0,0,1));
#4504=DIRECTION('',(0.990685845759402,0.1361673786630936,0));
#4505=DIRECTION('',(-0.03287168126294464,-0.004518133259886057,-0.9994493679235549));
#4506=FACE_SURFACE('',(#4511),#4507,.T.);
#4507=PLANE('',#4508);
#4508=AXIS2_PLACEMENT_3D('',#234,#4509,#4510);
#4509=DIRECTION('',(-0.1361673786630936,0.990685845759402,0));
#4510=DIRECTION('',(0.03287168126294464,0.004518133259886057,0.9994493679235549));
#4511=FACE_BOUND('',#4512,.T.);
#4512=EDGE_LOOP('',(#4513,#4514,#4515));
#4513=ORIENTED_EDGE('',*,*,#4516,.T.);
#4514=ORIENTED_EDGE('',*,*,#4517,.T.);
#4515=ORIENTED_EDGE('',*,*,#4518,.T.);
#4516=EDGE_CURVE('',#235,#139,#4519,.F.);
#4517=EDGE_CURVE('',#139,#239,#4520,.T.);
#4518=EDGE_CURVE('',#239,#235,#4521,.T.);
#4519=LINE('',#234,#4522);
#4520=LINE('',#138,#4523);
#4521=LINE('',#238,#4524);
#4522=VECTOR('',#4525,1.0);
#4523=VECTOR('',#4526,1.0);
#4524=VECTOR('',#4527,1.0);
#4525=DIRECTION('',(0.03287168126294464,0.004518133259886057,0.9994493679235549));
#4526=DIRECTION('',(0,0,-1));
#4527=DIRECTION('',(-0.990685845759402,-0.1361673786630936,0));
#4528=FACE_SURFACE('',(#4533),#4529,.T.);
#4529=PLANE('',#4530);
#4530=AXIS2_PLACEMENT_3D('',#238,#4531,#4532);
#4531=DIRECTION('',(0,1,0));
#4532=DIRECTION('',(0,0,1));
#4533=FACE_BOUND('',#4534,.T.);
#4534=EDGE_LOOP('',(#4535,#4536,#4537));
#4535=ORIENTED_EDGE('',*,*,#4538,.T.);
#4536=ORIENTED_EDGE('',*,*,#4539,.T.);
#4537=ORIENTED_EDGE('',*,*,#4540,.T.);
#4538=EDGE_CURVE('',#239,#139,#4541,.F.);
#4539=EDGE_CURVE('',#139,#135,#4542,.T.);
#4540=EDGE_CURVE('',#135,#239,#4543,.T.);
#4541=LINE('',#238,#4544);
#4542=LINE('',#138,#4545);
#4543=LINE('',#134,#4546);
#4544=VECTOR('',#4547,1.0);
#4545=VECTOR('',#4548,1.0);
#4546=VECTOR('',#4549,1.0);
#4547=DIRECTION('',(0,0,1));
#4548=DIRECTION('',(1,0,0));
#4549=DIRECTION('',(-0.03318074631279864,0,-0.9994493674389542));
#4550=FACE_SURFACE('',(#4555),#4551,.T.);
#4551=PLANE('',#4552);
#4552=AXIS2_PLACEMENT_3D('',#238,#4553,#4554);
#4553=DIRECTION('',(0,1,0));
#4554=DIRECTION('',(0.03318074631279864,0,0.9994493674389542));
#4555=FACE_BOUND('',#4556,.T.);
#4556=EDGE_LOOP('',(#4557,#4558,#4559));
#4557=ORIENTED_EDGE('',*,*,#4560,.T.);
#4558=ORIENTED_EDGE('',*,*,#4561,.T.);
#4559=ORIENTED_EDGE('',*,*,#4562,.T.);
#4560=EDGE_CURVE('',#239,#135,#4563,.F.);
#4561=EDGE_CURVE('',#135,#353,#4564,.T.);
#4562=EDGE_CURVE('',#353,#239,#4565,.T.);
#4563=LINE('',#238,#4566);
#4564=LINE('',#134,#4567);
#4565=LINE('',#352,#4568);
#4566=VECTOR('',#4569,1.0);
#4567=VECTOR('',#4570,1.0);
#4568=VECTOR('',#4571,1.0);
#4569=DIRECTION('',(0.03318074631279864,0,0.9994493674389542));
#4570=DIRECTION('',(0,0,-1));
#4571=DIRECTION('',(-1,0,0));
#4572=FACE_SURFACE('',(#4577),#4573,.T.);
#4573=PLANE('',#4574);
#4574=AXIS2_PLACEMENT_3D('',#352,#4575,#4576);
#4575=DIRECTION('',(0.13616743102945594,0.9906858385617705,-0));
#4576=DIRECTION('',(0,0,1));
#4577=FACE_BOUND('',#4578,.T.);
#4578=EDGE_LOOP('',(#4579,#4580,#4581));
#4579=ORIENTED_EDGE('',*,*,#4582,.T.);
#4580=ORIENTED_EDGE('',*,*,#4583,.T.);
#4581=ORIENTED_EDGE('',*,*,#4584,.T.);
#4582=EDGE_CURVE('',#353,#135,#4585,.F.);
#4583=EDGE_CURVE('',#135,#131,#4586,.T.);
#4584=EDGE_CURVE('',#131,#353,#4587,.T.);
#4585=LINE('',#352,#4588);
#4586=LINE('',#134,#4589);
#4587=LINE('',#130,#4590);
#4588=VECTOR('',#4591,1.0);
#4589=VECTOR('',#4592,1.0);
#4590=VECTOR('',#4593,1.0);
#4591=DIRECTION('',(0,0,1));
#4592=DIRECTION('',(0.9906858385617705,-0.13616743102945594,0));
#4593=DIRECTION('',(-0.03287166839646801,0.004518133261799035,-0.9994493683467218));
#4594=FACE_SURFACE('',(#4599),#4595,.T.);
#4595=PLANE('',#4596);
#4596=AXIS2_PLACEMENT_3D('',#352,#4597,#4598);
#4597=DIRECTION('',(0.13616743102945594,0.9906858385617705,0));
#4598=DIRECTION('',(0.03287166839646801,-0.004518133261799035,0.9994493683467218));
#4599=FACE_BOUND('',#4600,.T.);
#4600=EDGE_LOOP('',(#4601,#4602,#4603));
#4601=ORIENTED_EDGE('',*,*,#4604,.T.);
#4602=ORIENTED_EDGE('',*,*,#4605,.T.);
#4603=ORIENTED_EDGE('',*,*,#4606,.T.);
#4604=EDGE_CURVE('',#353,#131,#4607,.F.);
#4605=EDGE_CURVE('',#131,#355,#4608,.T.);
#4606=EDGE_CURVE('',#355,#353,#4609,.T.);
#4607=LINE('',#352,#4610);
#4608=LINE('',#130,#4611);
#4609=LINE('',#354,#4612);
#4610=VECTOR('',#4613,1.0);
#4611=VECTOR('',#4614,1.0);
#4612=VECTOR('',#4615,1.0);
#4613=DIRECTION('',(0.03287166839646801,-0.004518133261799035,0.9994493683467218));
#4614=DIRECTION('',(0,0,-1));
#4615=DIRECTION('',(-0.9906858385617705,0.13616743102945594,0));
#4616=FACE_SURFACE('',(#4621),#4617,.T.);
#4617=PLANE('',#4618);
#4618=AXIS2_PLACEMENT_3D('',#354,#4619,#4620);
#4619=DIRECTION('',(0.26979599612593785,0.9629175045009895,-0));
#4620=DIRECTION('',(0,0,1));
#4621=FACE_BOUND('',#4622,.T.);
#4622=EDGE_LOOP('',(#4623,#4624,#4625));
#4623=ORIENTED_EDGE('',*,*,#4626,.T.);
#4624=ORIENTED_EDGE('',*,*,#4627,.T.);
#4625=ORIENTED_EDGE('',*,*,#4628,.T.);
#4626=EDGE_CURVE('',#355,#131,#4629,.F.);
#4627=EDGE_CURVE('',#131,#163,#4630,.T.);
#4628=EDGE_CURVE('',#163,#355,#4631,.T.);
#4629=LINE('',#354,#4632);
#4630=LINE('',#130,#4633);
#4631=LINE('',#162,#4634);
#4632=VECTOR('',#4635,1.0);
#4633=VECTOR('',#4636,1.0);
#4634=VECTOR('',#4637,1.0);
#4635=DIRECTION('',(0,0,1));
#4636=DIRECTION('',(0.9629175045009895,-0.26979599612593785,0));
#4637=DIRECTION('',(-0.03195030800274545,0.00895202873957348,-0.9994493679021342));
#4638=FACE_SURFACE('',(#4643),#4639,.T.);
#4639=PLANE('',#4640);
#4640=AXIS2_PLACEMENT_3D('',#354,#4641,#4642);
#4641=DIRECTION('',(0.26979599612593785,0.9629175045009895,0));
#4642=DIRECTION('',(0.03195030800274545,-0.00895202873957348,0.9994493679021342));
#4643=FACE_BOUND('',#4644,.T.);
#4644=EDGE_LOOP('',(#4645,#4646,#4647));
#4645=ORIENTED_EDGE('',*,*,#4648,.T.);
#4646=ORIENTED_EDGE('',*,*,#4649,.T.);
#4647=ORIENTED_EDGE('',*,*,#4650,.T.);
#4648=EDGE_CURVE('',#355,#163,#4651,.F.);
#4649=EDGE_CURVE('',#163,#359,#4652,.T.);
#4650=EDGE_CURVE('',#359,#355,#4653,.T.);
#4651=LINE('',#354,#4654);
#4652=LINE('',#162,#4655);
#4653=LINE('',#358,#4656);
#4654=VECTOR('',#4657,1.0);
#4655=VECTOR('',#4658,1.0);
#4656=VECTOR('',#4659,1.0);
#4657=DIRECTION('',(0.03195030800274545,-0.00895202873957348,0.9994493679021342));
#4658=DIRECTION('',(0,0,-1));
#4659=DIRECTION('',(-0.9629175045009895,0.26979599612593785,0));
#4660=FACE_SURFACE('',(#4665),#4661,.T.);
#4661=PLANE('',#4662);
#4662=AXIS2_PLACEMENT_3D('',#358,#4663,#4664);
#4663=DIRECTION('',(0.3984013728859979,0.9172111785638857,-0));
#4664=DIRECTION('',(0,0,1));
#4665=FACE_BOUND('',#4666,.T.);
#4666=EDGE_LOOP('',(#4667,#4668,#4669));
#4667=ORIENTED_EDGE('',*,*,#4670,.T.);
#4668=ORIENTED_EDGE('',*,*,#4671,.T.);
#4669=ORIENTED_EDGE('',*,*,#4672,.T.);
#4670=EDGE_CURVE('',#359,#163,#4673,.F.);
#4671=EDGE_CURVE('',#163,#161,#4674,.T.);
#4672=EDGE_CURVE('',#161,#359,#4675,.T.);
#4673=LINE('',#358,#4676);
#4674=LINE('',#162,#4677);
#4675=LINE('',#160,#4678);
#4676=VECTOR('',#4679,1.0);
#4677=VECTOR('',#4680,1.0);
#4678=VECTOR('',#4681,1.0);
#4679=DIRECTION('',(0,0,1));
#4680=DIRECTION('',(0.9172111785638856,-0.39840137288599786,0));
#4681=DIRECTION('',(-0.03043374458741614,0.013219251911727412,-0.9994493676866688));
#4682=FACE_SURFACE('',(#4687),#4683,.T.);
#4683=PLANE('',#4684);
#4684=AXIS2_PLACEMENT_3D('',#358,#4685,#4686);
#4685=DIRECTION('',(0.3984013728859979,0.9172111785638857,0));
#4686=DIRECTION('',(0.03043374458741614,-0.013219251911727412,0.9994493676866688));
#4687=FACE_BOUND('',#4688,.T.);
#4688=EDGE_LOOP('',(#4689,#4690,#4691));
#4689=ORIENTED_EDGE('',*,*,#4692,.T.);
#4690=ORIENTED_EDGE('',*,*,#4693,.T.);
#4691=ORIENTED_EDGE('',*,*,#4694,.T.);
#4692=EDGE_CURVE('',#359,#161,#4695,.F.);
#4693=EDGE_CURVE('',#161,#363,#4696,.T.);
#4694=EDGE_CURVE('',#363,#359,#4697,.T.);
#4695=LINE('',#358,#4698);
#4696=LINE('',#160,#4699);
#4697=LINE('',#362,#4700);
#4698=VECTOR('',#4701,1.0);
#4699=VECTOR('',#4702,1.0);
#4700=VECTOR('',#4703,1.0);
#4701=DIRECTION('',(0.03043374458741614,-0.013219251911727412,0.9994493676866688));
#4702=DIRECTION('',(0,0,-1));
#4703=DIRECTION('',(-0.9172111785638856,0.39840137288599786,0));
#4704=FACE_SURFACE('',(#4709),#4705,.T.);
#4705=PLANE('',#4706);
#4706=AXIS2_PLACEMENT_3D('',#362,#4707,#4708);
#4707=DIRECTION('',(0.5195844956056045,0.8544190727776796,-0));
#4708=DIRECTION('',(0,0,1));
#4709=FACE_BOUND('',#4710,.T.);
#4710=EDGE_LOOP('',(#4711,#4712,#4713));
#4711=ORIENTED_EDGE('',*,*,#4714,.T.);
#4712=ORIENTED_EDGE('',*,*,#4715,.T.);
#4713=ORIENTED_EDGE('',*,*,#4716,.T.);
#4714=EDGE_CURVE('',#363,#161,#4717,.F.);
#4715=EDGE_CURVE('',#161,#157,#4718,.T.);
#4716=EDGE_CURVE('',#157,#363,#4719,.T.);
#4717=LINE('',#362,#4720);
#4718=LINE('',#160,#4721);
#4719=LINE('',#156,#4722);
#4720=VECTOR('',#4723,1.0);
#4721=VECTOR('',#4724,1.0);
#4722=VECTOR('',#4725,1.0);
#4723=DIRECTION('',(0,0,1));
#4724=DIRECTION('',(0.8544190727776795,-0.5195844956056044,0));
#4725=DIRECTION('',(-0.028350263487625843,0.01724020193816168,-0.9994493674005269));
#4726=FACE_SURFACE('',(#4731),#4727,.T.);
#4727=PLANE('',#4728);
#4728=AXIS2_PLACEMENT_3D('',#362,#4729,#4730);
#4729=DIRECTION('',(0.5195844956056045,0.8544190727776796,0));
#4730=DIRECTION('',(0.028350263487625843,-0.01724020193816168,0.9994493674005269));
#4731=FACE_BOUND('',#4732,.T.);
#4732=EDGE_LOOP('',(#4733,#4734,#4735));
#4733=ORIENTED_EDGE('',*,*,#4736,.T.);
#4734=ORIENTED_EDGE('',*,*,#4737,.T.);
#4735=ORIENTED_EDGE('',*,*,#4738,.T.);
#4736=EDGE_CURVE('',#363,#157,#4739,.F.);
#4737=EDGE_CURVE('',#157,#367,#4740,.T.);
#4738=EDGE_CURVE('',#367,#363,#4741,.T.);
#4739=LINE('',#362,#4742);
#4740=LINE('',#156,#4743);
#4741=LINE('',#366,#4744);
#4742=VECTOR('',#4745,1.0);
#4743=VECTOR('',#4746,1.0);
#4744=VECTOR('',#4747,1.0);
#4745=DIRECTION('',(0.028350263487625843,-0.01724020193816168,0.9994493674005269));
#4746=DIRECTION('',(0,0,-1));
#4747=DIRECTION('',(-0.8544190727776795,0.5195844956056044,0));
#4748=FACE_SURFACE('',(#4753),#4749,.T.);
#4749=PLANE('',#4750);
#4750=AXIS2_PLACEMENT_3D('',#366,#4751,#4752);
#4751=DIRECTION('',(0.6310877128779121,0.7757114790013913,-0));
#4752=DIRECTION('',(0,0,1));
#4753=FACE_BOUND('',#4754,.T.);
#4754=EDGE_LOOP('',(#4755,#4756,#4757));
#4755=ORIENTED_EDGE('',*,*,#4758,.T.);
#4756=ORIENTED_EDGE('',*,*,#4759,.T.);
#4757=ORIENTED_EDGE('',*,*,#4760,.T.);
#4758=EDGE_CURVE('',#367,#157,#4761,.F.);
#4759=EDGE_CURVE('',#157,#153,#4762,.T.);
#4760=EDGE_CURVE('',#153,#367,#4763,.T.);
#4761=LINE('',#366,#4764);
#4762=LINE('',#156,#4765);
#4763=LINE('',#152,#4766);
#4764=VECTOR('',#4767,1.0);
#4765=VECTOR('',#4768,1.0);
#4766=VECTOR('',#4769,1.0);
#4767=DIRECTION('',(0,0,1));
#4768=DIRECTION('',(0.7757114790013913,-0.6310877128779121,0));
#4769=DIRECTION('',(-0.025738660490563062,0.020939940714092987,-0.9994493685220085));
#4770=FACE_SURFACE('',(#4775),#4771,.T.);
#4771=PLANE('',#4772);
#4772=AXIS2_PLACEMENT_3D('',#366,#4773,#4774);
#4773=DIRECTION('',(0.6310877128779121,0.7757114790013913,0));
#4774=DIRECTION('',(0.025738660490563062,-0.020939940714092987,0.9994493685220085));
#4775=FACE_BOUND('',#4776,.T.);
#4776=EDGE_LOOP('',(#4777,#4778,#4779));
#4777=ORIENTED_EDGE('',*,*,#4780,.T.);
#4778=ORIENTED_EDGE('',*,*,#4781,.T.);
#4779=ORIENTED_EDGE('',*,*,#4782,.T.);
#4780=EDGE_CURVE('',#367,#153,#4783,.F.);
#4781=EDGE_CURVE('',#153,#369,#4784,.T.);
#4782=EDGE_CURVE('',#369,#367,#4785,.T.);
#4783=LINE('',#366,#4786);
#4784=LINE('',#152,#4787);
#4785=LINE('',#368,#4788);
#4786=VECTOR('',#4789,1.0);
#4787=VECTOR('',#4790,1.0);
#4788=VECTOR('',#4791,1.0);
#4789=DIRECTION('',(0.025738660490563062,-0.020939940714092987,0.9994493685220085));
#4790=DIRECTION('',(0,0,-1));
#4791=DIRECTION('',(-0.7757114790013913,0.6310877128779121,0));
#4792=FACE_SURFACE('',(#4797),#4793,.T.);
#4793=PLANE('',#4794);
#4794=AXIS2_PLACEMENT_3D('',#368,#4795,#4796);
#4795=DIRECTION('',(0.7308360117374043,0.6825530924021695,-0));
#4796=DIRECTION('',(0,0,1));
#4797=FACE_BOUND('',#4798,.T.);
#4798=EDGE_LOOP('',(#4799,#4800,#4801));
#4799=ORIENTED_EDGE('',*,*,#4802,.T.);
#4800=ORIENTED_EDGE('',*,*,#4803,.T.);
#4801=ORIENTED_EDGE('',*,*,#4804,.T.);
#4802=EDGE_CURVE('',#369,#153,#4805,.F.);
#4803=EDGE_CURVE('',#153,#149,#4806,.T.);
#4804=EDGE_CURVE('',#149,#369,#4807,.T.);
#4805=LINE('',#368,#4808);
#4806=LINE('',#152,#4809);
#4807=LINE('',#148,#4810);
#4808=VECTOR('',#4811,1.0);
#4809=VECTOR('',#4812,1.0);
#4810=VECTOR('',#4813,1.0);
#4811=DIRECTION('',(0,0,1));
#4812=DIRECTION('',(0.6825530924021695,-0.7308360117374042,0));
#4813=DIRECTION('',(-0.02264762339028239,0.024249686856787758,-0.9994493673228872));
#4814=FACE_SURFACE('',(#4819),#4815,.T.);
#4815=PLANE('',#4816);
#4816=AXIS2_PLACEMENT_3D('',#368,#4817,#4818);
#4817=DIRECTION('',(0.7308360117374043,0.6825530924021695,0));
#4818=DIRECTION('',(0.02264762339028239,-0.024249686856787758,0.9994493673228872));
#4819=FACE_BOUND('',#4820,.T.);
#4820=EDGE_LOOP('',(#4821,#4822,#4823));
#4821=ORIENTED_EDGE('',*,*,#4824,.T.);
#4822=ORIENTED_EDGE('',*,*,#4825,.T.);
#4823=ORIENTED_EDGE('',*,*,#4826,.T.);
#4824=EDGE_CURVE('',#369,#149,#4827,.F.);
#4825=EDGE_CURVE('',#149,#317,#4828,.T.);
#4826=EDGE_CURVE('',#317,#369,#4829,.T.);
#4827=LINE('',#368,#4830);
#4828=LINE('',#148,#4831);
#4829=LINE('',#316,#4832);
#4830=VECTOR('',#4833,1.0);
#4831=VECTOR('',#4834,1.0);
#4832=VECTOR('',#4835,1.0);
#4833=DIRECTION('',(0.02264762339028239,-0.024249686856787758,0.9994493673228872));
#4834=DIRECTION('',(0,0,-1));
#4835=DIRECTION('',(-0.6825530924021695,0.7308360117374042,0));
#4836=FACE_SURFACE('',(#4841),#4837,.T.);
#4837=PLANE('',#4838);
#4838=AXIS2_PLACEMENT_3D('',#316,#4839,#4840);
#4839=DIRECTION('',(0.816970057918132,0.5766800884938234,-0));
#4840=DIRECTION('',(0,0,1));
#4841=FACE_BOUND('',#4842,.T.);
#4842=EDGE_LOOP('',(#4843,#4844,#4845));
#4843=ORIENTED_EDGE('',*,*,#4846,.T.);
#4844=ORIENTED_EDGE('',*,*,#4847,.T.);
#4845=ORIENTED_EDGE('',*,*,#4848,.T.);
#4846=EDGE_CURVE('',#317,#149,#4849,.F.);
#4847=EDGE_CURVE('',#149,#201,#4850,.T.);
#4848=EDGE_CURVE('',#201,#317,#4851,.T.);
#4849=LINE('',#316,#4852);
#4850=LINE('',#148,#4853);
#4851=LINE('',#200,#4854);
#4852=VECTOR('',#4855,1.0);
#4853=VECTOR('',#4856,1.0);
#4854=VECTOR('',#4857,1.0);
#4855=DIRECTION('',(0,0,1));
#4856=DIRECTION('',(0.5766800884938234,-0.816970057918132,0));
#4857=DIRECTION('',(-0.019134650388363362,0.027107640350221417,-0.9994493688972734));
#4858=FACE_SURFACE('',(#4863),#4859,.T.);
#4859=PLANE('',#4860);
#4860=AXIS2_PLACEMENT_3D('',#316,#4861,#4862);
#4861=DIRECTION('',(0.816970057918132,0.5766800884938234,0));
#4862=DIRECTION('',(0.019134650388363362,-0.027107640350221417,0.9994493688972734));
#4863=FACE_BOUND('',#4864,.T.);
#4864=EDGE_LOOP('',(#4865,#4866,#4867));
#4865=ORIENTED_EDGE('',*,*,#4868,.T.);
#4866=ORIENTED_EDGE('',*,*,#4869,.T.);
#4867=ORIENTED_EDGE('',*,*,#4870,.T.);
#4868=EDGE_CURVE('',#317,#201,#4871,.F.);
#4869=EDGE_CURVE('',#201,#321,#4872,.T.);
#4870=EDGE_CURVE('',#321,#317,#4873,.T.);
#4871=LINE('',#316,#4874);
#4872=LINE('',#200,#4875);
#4873=LINE('',#320,#4876);
#4874=VECTOR('',#4877,1.0);
#4875=VECTOR('',#4878,1.0);
#4876=VECTOR('',#4879,1.0);
#4877=DIRECTION('',(0.019134650388363362,-0.027107640350221417,0.9994493688972734));
#4878=DIRECTION('',(0,0,-1));
#4879=DIRECTION('',(-0.5766800884938234,0.816970057918132,0));
#4880=FACE_SURFACE('',(#4885),#4881,.T.);
#4881=PLANE('',#4882);
#4882=AXIS2_PLACEMENT_3D('',#320,#4883,#4884);
#4883=DIRECTION('',(0.8878848098027566,0.46006582629176307,-0));
#4884=DIRECTION('',(0,0,1));
#4885=FACE_BOUND('',#4886,.T.);
#4886=EDGE_LOOP('',(#4887,#4888,#4889));
#4887=ORIENTED_EDGE('',*,*,#4890,.T.);
#4888=ORIENTED_EDGE('',*,*,#4891,.T.);
#4889=ORIENTED_EDGE('',*,*,#4892,.T.);
#4890=EDGE_CURVE('',#321,#201,#4893,.F.);
#4891=EDGE_CURVE('',#201,#199,#4894,.T.);
#4892=EDGE_CURVE('',#199,#321,#4895,.T.);
#4893=LINE('',#320,#4896);
#4894=LINE('',#200,#4897);
#4895=LINE('',#198,#4898);
#4896=VECTOR('',#4899,1.0);
#4897=VECTOR('',#4900,1.0);
#4898=VECTOR('',#4901,1.0);
#4899=DIRECTION('',(0,0,1));
#4900=DIRECTION('',(0.46006582629176307,-0.8878848098027566,0));
#4901=DIRECTION('',(-0.015265328333056766,0.02946068229587911,-0.9994493673766297));
#4902=FACE_SURFACE('',(#4907),#4903,.T.);
#4903=PLANE('',#4904);
#4904=AXIS2_PLACEMENT_3D('',#320,#4905,#4906);
#4905=DIRECTION('',(0.8878848098027566,0.46006582629176307,0));
#4906=DIRECTION('',(0.015265328333056766,-0.02946068229587911,0.9994493673766297));
#4907=FACE_BOUND('',#4908,.T.);
#4908=EDGE_LOOP('',(#4909,#4910,#4911));
#4909=ORIENTED_EDGE('',*,*,#4912,.T.);
#4910=ORIENTED_EDGE('',*,*,#4913,.T.);
#4911=ORIENTED_EDGE('',*,*,#4914,.T.);
#4912=EDGE_CURVE('',#321,#199,#4915,.F.);
#4913=EDGE_CURVE('',#199,#325,#4916,.T.);
#4914=EDGE_CURVE('',#325,#321,#4917,.T.);
#4915=LINE('',#320,#4918);
#4916=LINE('',#198,#4919);
#4917=LINE('',#324,#4920);
#4918=VECTOR('',#4921,1.0);
#4919=VECTOR('',#4922,1.0);
#4920=VECTOR('',#4923,1.0);
#4921=DIRECTION('',(0.015265328333056766,-0.02946068229587911,0.9994493673766297));
#4922=DIRECTION('',(0,0,-1));
#4923=DIRECTION('',(-0.46006582629176307,0.8878848098027566,0));
#4924=FACE_SURFACE('',(#4929),#4925,.T.);
#4925=PLANE('',#4926);
#4926=AXIS2_PLACEMENT_3D('',#324,#4927,#4928);
#4927=DIRECTION('',(0.942260905906492,0.33487965778810314,-0));
#4928=DIRECTION('',(0,0,1));
#4929=FACE_BOUND('',#4930,.T.);
#4930=EDGE_LOOP('',(#4931,#4932,#4933));
#4931=ORIENTED_EDGE('',*,*,#4934,.T.);
#4932=ORIENTED_EDGE('',*,*,#4935,.T.);
#4933=ORIENTED_EDGE('',*,*,#4936,.T.);
#4934=EDGE_CURVE('',#325,#199,#4937,.F.);
#4935=EDGE_CURVE('',#199,#195,#4938,.T.);
#4936=EDGE_CURVE('',#195,#325,#4939,.T.);
#4937=LINE('',#324,#4940);
#4938=LINE('',#198,#4941);
#4939=LINE('',#194,#4942);
#4940=VECTOR('',#4943,1.0);
#4941=VECTOR('',#4944,1.0);
#4942=VECTOR('',#4945,1.0);
#4943=DIRECTION('',(0,0,1));
#4944=DIRECTION('',(0.33487965778810314,-0.942260905906492,0));
#4945=DIRECTION('',(-0.01111155567707764,0.031264916440336715,-0.999449367567169));
#4946=FACE_SURFACE('',(#4951),#4947,.T.);
#4947=PLANE('',#4948);
#4948=AXIS2_PLACEMENT_3D('',#324,#4949,#4950);
#4949=DIRECTION('',(0.942260905906492,0.33487965778810314,0));
#4950=DIRECTION('',(0.01111155567707764,-0.031264916440336715,0.999449367567169));
#4951=FACE_BOUND('',#4952,.T.);
#4952=EDGE_LOOP('',(#4953,#4954,#4955));
#4953=ORIENTED_EDGE('',*,*,#4956,.T.);
#4954=ORIENTED_EDGE('',*,*,#4957,.T.);
#4955=ORIENTED_EDGE('',*,*,#4958,.T.);
#4956=EDGE_CURVE('',#325,#195,#4959,.F.);
#4957=EDGE_CURVE('',#195,#329,#4960,.T.);
#4958=EDGE_CURVE('',#329,#325,#4961,.T.);
#4959=LINE('',#324,#4962);
#4960=LINE('',#194,#4963);
#4961=LINE('',#328,#4964);
#4962=VECTOR('',#4965,1.0);
#4963=VECTOR('',#4966,1.0);
#4964=VECTOR('',#4967,1.0);
#4965=DIRECTION('',(0.01111155567707764,-0.031264916440336715,0.999449367567169));
#4966=DIRECTION('',(0,0,-1));
#4967=DIRECTION('',(-0.33487965778810314,0.942260905906492,0));
#4968=FACE_SURFACE('',(#4973),#4969,.T.);
#4969=PLANE('',#4970);
#4970=AXIS2_PLACEMENT_3D('',#328,#4971,#4972);
#4971=DIRECTION('',(0.979084386338891,0.2034545758330276,-0));
#4972=DIRECTION('',(0,0,1));
#4973=FACE_BOUND('',#4974,.T.);
#4974=EDGE_LOOP('',(#4975,#4976,#4977));
#4975=ORIENTED_EDGE('',*,*,#4978,.T.);
#4976=ORIENTED_EDGE('',*,*,#4979,.T.);
#4977=ORIENTED_EDGE('',*,*,#4980,.T.);
#4978=EDGE_CURVE('',#329,#195,#4981,.F.);
#4979=EDGE_CURVE('',#195,#191,#4982,.T.);
#4980=EDGE_CURVE('',#191,#329,#4983,.T.);
#4981=LINE('',#328,#4984);
#4982=LINE('',#194,#4985);
#4983=LINE('',#190,#4986);
#4984=VECTOR('',#4987,1.0);
#4985=VECTOR('',#4988,1.0);
#4986=VECTOR('',#4989,1.0);
#4987=DIRECTION('',(0,0,1));
#4988=DIRECTION('',(0.2034545758330276,-0.979084386338891,0));
#4989=DIRECTION('',(-0.006750769322939113,0.03248672492522183,-0.9994493683109622));
#4990=FACE_SURFACE('',(#4995),#4991,.T.);
#4991=PLANE('',#4992);
#4992=AXIS2_PLACEMENT_3D('',#328,#4993,#4994);
#4993=DIRECTION('',(0.979084386338891,0.2034545758330276,0));
#4994=DIRECTION('',(0.006750769322939113,-0.03248672492522183,0.9994493683109622));
#4995=FACE_BOUND('',#4996,.T.);
#4996=EDGE_LOOP('',(#4997,#4998,#4999));
#4997=ORIENTED_EDGE('',*,*,#5000,.T.);
#4998=ORIENTED_EDGE('',*,*,#5001,.T.);
#4999=ORIENTED_EDGE('',*,*,#5002,.T.);
#5000=EDGE_CURVE('',#329,#191,#5003,.F.);
#5001=EDGE_CURVE('',#191,#333,#5004,.T.);
#5002=EDGE_CURVE('',#333,#329,#5005,.T.);
#5003=LINE('',#328,#5006);
#5004=LINE('',#190,#5007);
#5005=LINE('',#332,#5008);
#5006=VECTOR('',#5009,1.0);
#5007=VECTOR('',#5010,1.0);
#5008=VECTOR('',#5011,1.0);
#5009=DIRECTION('',(0.006750769322939113,-0.03248672492522183,0.9994493683109622));
#5010=DIRECTION('',(0,0,-1));
#5011=DIRECTION('',(-0.2034545758330276,0.979084386338891,0));
#5012=FACE_SURFACE('',(#5017),#5013,.T.);
#5013=PLANE('',#5014);
#5014=AXIS2_PLACEMENT_3D('',#332,#5015,#5016);
#5015=DIRECTION('',(0.9976686841745197,0.06824365624350913,-0));
#5016=DIRECTION('',(0,0,1));
#5017=FACE_BOUND('',#5018,.T.);
#5018=EDGE_LOOP('',(#5019,#5020,#5021));
#5019=ORIENTED_EDGE('',*,*,#5022,.T.);
#5020=ORIENTED_EDGE('',*,*,#5023,.T.);
#5021=ORIENTED_EDGE('',*,*,#5024,.T.);
#5022=EDGE_CURVE('',#333,#191,#5025,.F.);
#5023=EDGE_CURVE('',#191,#187,#5026,.T.);
#5024=EDGE_CURVE('',#187,#333,#5027,.T.);
#5025=LINE('',#332,#5028);
#5026=LINE('',#190,#5029);
#5027=LINE('',#186,#5030);
#5028=VECTOR('',#5031,1.0);
#5029=VECTOR('',#5032,1.0);
#5030=VECTOR('',#5033,1.0);
#5031=DIRECTION('',(0,0,1));
#5032=DIRECTION('',(0.06824365624350913,-0.9976686841745198,0));
#5033=DIRECTION('',(-0.0022643733536829407,0.033103360936403134,-0.9994493684564664));
#5034=FACE_SURFACE('',(#5039),#5035,.T.);
#5035=PLANE('',#5036);
#5036=AXIS2_PLACEMENT_3D('',#332,#5037,#5038);
#5037=DIRECTION('',(0.9976686841745197,0.06824365624350913,0));
#5038=DIRECTION('',(0.0022643733536829407,-0.033103360936403134,0.9994493684564664));
#5039=FACE_BOUND('',#5040,.T.);
#5040=EDGE_LOOP('',(#5041,#5042,#5043));
#5041=ORIENTED_EDGE('',*,*,#5044,.T.);
#5042=ORIENTED_EDGE('',*,*,#5045,.T.);
#5043=ORIENTED_EDGE('',*,*,#5046,.T.);
#5044=EDGE_CURVE('',#333,#187,#5047,.F.);
#5045=EDGE_CURVE('',#187,#337,#5048,.T.);
#5046=EDGE_CURVE('',#337,#333,#5049,.T.);
#5047=LINE('',#332,#5050);
#5048=LINE('',#186,#5051);
#5049=LINE('',#336,#5052);
#5050=VECTOR('',#5053,1.0);
#5051=VECTOR('',#5054,1.0);
#5052=VECTOR('',#5055,1.0);
#5053=DIRECTION('',(0.0022643733536829407,-0.033103360936403134,0.9994493684564664));
#5054=DIRECTION('',(0,0,-1));
#5055=DIRECTION('',(-0.06824365624350913,0.9976686841745198,0));
#5056=FACE_SURFACE('',(#5061),#5057,.T.);
#5057=PLANE('',#5058);
#5058=AXIS2_PLACEMENT_3D('',#336,#5059,#5060);
#5059=DIRECTION('',(0.9976686877902622,-0.06824360338417317,0));
#5060=DIRECTION('',(0,0,1));
#5061=FACE_BOUND('',#5062,.T.);
#5062=EDGE_LOOP('',(#5063,#5064,#5065));
#5063=ORIENTED_EDGE('',*,*,#5066,.T.);
#5064=ORIENTED_EDGE('',*,*,#5067,.T.);
#5065=ORIENTED_EDGE('',*,*,#5068,.T.);
#5066=EDGE_CURVE('',#337,#187,#5069,.F.);
#5067=EDGE_CURVE('',#187,#183,#5070,.T.);
#5068=EDGE_CURVE('',#183,#337,#5071,.T.);
#5069=LINE('',#336,#5072);
#5070=LINE('',#186,#5073);
#5071=LINE('',#182,#5074);
#5072=VECTOR('',#5075,1.0);
#5073=VECTOR('',#5076,1.0);
#5074=VECTOR('',#5077,1.0);
#5075=DIRECTION('',(0,0,1));
#5076=DIRECTION('',(-0.06824360338417318,-0.9976686877902623,0));
#5077=DIRECTION('',(0.002264373351751953,0.03310338666896259,-0.9994493676041668));
#5078=FACE_SURFACE('',(#5083),#5079,.T.);
#5079=PLANE('',#5080);
#5080=AXIS2_PLACEMENT_3D('',#336,#5081,#5082);
#5081=DIRECTION('',(0.9976686877902622,-0.06824360338417317,0));
#5082=DIRECTION('',(-0.002264373351751953,-0.03310338666896259,0.9994493676041668));
#5083=FACE_BOUND('',#5084,.T.);
#5084=EDGE_LOOP('',(#5085,#5086,#5087));
#5085=ORIENTED_EDGE('',*,*,#5088,.T.);
#5086=ORIENTED_EDGE('',*,*,#5089,.T.);
#5087=ORIENTED_EDGE('',*,*,#5090,.T.);
#5088=EDGE_CURVE('',#337,#183,#5091,.F.);
#5089=EDGE_CURVE('',#183,#341,#5092,.T.);
#5090=EDGE_CURVE('',#341,#337,#5093,.T.);
#5091=LINE('',#336,#5094);
#5092=LINE('',#182,#5095);
#5093=LINE('',#340,#5096);
#5094=VECTOR('',#5097,1.0);
#5095=VECTOR('',#5098,1.0);
#5096=VECTOR('',#5099,1.0);
#5097=DIRECTION('',(-0.002264373351751953,-0.03310338666896259,0.9994493676041668));
#5098=DIRECTION('',(0,0,-1));
#5099=DIRECTION('',(0.06824360338417318,0.9976686877902623,0));
#5100=FACE_SURFACE('',(#5105),#5101,.T.);
#5101=PLANE('',#5102);
#5102=AXIS2_PLACEMENT_3D('',#340,#5103,#5104);
#5103=DIRECTION('',(0.979084386338891,-0.2034545758330276,0));
#5104=DIRECTION('',(0,0,1));
#5105=FACE_BOUND('',#5106,.T.);
#5106=EDGE_LOOP('',(#5107,#5108,#5109));
#5107=ORIENTED_EDGE('',*,*,#5110,.T.);
#5108=ORIENTED_EDGE('',*,*,#5111,.T.);
#5109=ORIENTED_EDGE('',*,*,#5112,.T.);
#5110=EDGE_CURVE('',#341,#183,#5113,.F.);
#5111=EDGE_CURVE('',#183,#179,#5114,.T.);
#5112=EDGE_CURVE('',#179,#341,#5115,.T.);
#5113=LINE('',#340,#5116);
#5114=LINE('',#182,#5117);
#5115=LINE('',#178,#5118);
#5116=VECTOR('',#5119,1.0);
#5117=VECTOR('',#5120,1.0);
#5118=VECTOR('',#5121,1.0);
#5119=DIRECTION('',(0,0,1));
#5120=DIRECTION('',(-0.2034545758330276,-0.979084386338891,0));
#5121=DIRECTION('',(0.006750769322939113,0.03248672492522183,-0.9994493683109622));
#5122=FACE_SURFACE('',(#5127),#5123,.T.);
#5123=PLANE('',#5124);
#5124=AXIS2_PLACEMENT_3D('',#340,#5125,#5126);
#5125=DIRECTION('',(0.979084386338891,-0.2034545758330276,0));
#5126=DIRECTION('',(-0.006750769322939113,-0.03248672492522183,0.9994493683109622));
#5127=FACE_BOUND('',#5128,.T.);
#5128=EDGE_LOOP('',(#5129,#5130,#5131));
#5129=ORIENTED_EDGE('',*,*,#5132,.T.);
#5130=ORIENTED_EDGE('',*,*,#5133,.T.);
#5131=ORIENTED_EDGE('',*,*,#5134,.T.);
#5132=EDGE_CURVE('',#341,#179,#5135,.F.);
#5133=EDGE_CURVE('',#179,#345,#5136,.T.);
#5134=EDGE_CURVE('',#345,#341,#5137,.T.);
#5135=LINE('',#340,#5138);
#5136=LINE('',#178,#5139);
#5137=LINE('',#344,#5140);
#5138=VECTOR('',#5141,1.0);
#5139=VECTOR('',#5142,1.0);
#5140=VECTOR('',#5143,1.0);
#5141=DIRECTION('',(-0.006750769322939113,-0.03248672492522183,0.9994493683109622));
#5142=DIRECTION('',(0,0,-1));
#5143=DIRECTION('',(0.2034545758330276,0.979084386338891,0));
#5144=FACE_SURFACE('',(#5149),#5145,.T.);
#5145=PLANE('',#5146);
#5146=AXIS2_PLACEMENT_3D('',#344,#5147,#5148);
#5147=DIRECTION('',(0.942260905906492,-0.33487965778810314,0));
#5148=DIRECTION('',(0,0,1));
#5149=FACE_BOUND('',#5150,.T.);
#5150=EDGE_LOOP('',(#5151,#5152,#5153));
#5151=ORIENTED_EDGE('',*,*,#5154,.T.);
#5152=ORIENTED_EDGE('',*,*,#5155,.T.);
#5153=ORIENTED_EDGE('',*,*,#5156,.T.);
#5154=EDGE_CURVE('',#345,#179,#5157,.F.);
#5155=EDGE_CURVE('',#179,#175,#5158,.T.);
#5156=EDGE_CURVE('',#175,#345,#5159,.T.);
#5157=LINE('',#344,#5160);
#5158=LINE('',#178,#5161);
#5159=LINE('',#174,#5162);
#5160=VECTOR('',#5163,1.0);
#5161=VECTOR('',#5164,1.0);
#5162=VECTOR('',#5165,1.0);
#5163=DIRECTION('',(0,0,1));
#5164=DIRECTION('',(-0.33487965778810314,-0.942260905906492,0));
#5165=DIRECTION('',(0.01111155567707764,0.031264916440336715,-0.999449367567169));
#5166=FACE_SURFACE('',(#5171),#5167,.T.);
#5167=PLANE('',#5168);
#5168=AXIS2_PLACEMENT_3D('',#344,#5169,#5170);
#5169=DIRECTION('',(0.942260905906492,-0.33487965778810314,0));
#5170=DIRECTION('',(-0.01111155567707764,-0.031264916440336715,0.999449367567169));
#5171=FACE_BOUND('',#5172,.T.);
#5172=EDGE_LOOP('',(#5173,#5174,#5175));
#5173=ORIENTED_EDGE('',*,*,#5176,.T.);
#5174=ORIENTED_EDGE('',*,*,#5177,.T.);
#5175=ORIENTED_EDGE('',*,*,#5178,.T.);
#5176=EDGE_CURVE('',#345,#175,#5179,.F.);
#5177=EDGE_CURVE('',#175,#349,#5180,.T.);
#5178=EDGE_CURVE('',#349,#345,#5181,.T.);
#5179=LINE('',#344,#5182);
#5180=LINE('',#174,#5183);
#5181=LINE('',#348,#5184);
#5182=VECTOR('',#5185,1.0);
#5183=VECTOR('',#5186,1.0);
#5184=VECTOR('',#5187,1.0);
#5185=DIRECTION('',(-0.01111155567707764,-0.031264916440336715,0.999449367567169));
#5186=DIRECTION('',(0,0,-1));
#5187=DIRECTION('',(0.33487965778810314,0.942260905906492,0));
#5188=FACE_SURFACE('',(#5193),#5189,.T.);
#5189=PLANE('',#5190);
#5190=AXIS2_PLACEMENT_3D('',#348,#5191,#5192);
#5191=DIRECTION('',(0.8878847276384557,-0.4600659848612863,0));
#5192=DIRECTION('',(0,0,1));
#5193=FACE_BOUND('',#5194,.T.);
#5194=EDGE_LOOP('',(#5195,#5196,#5197));
#5195=ORIENTED_EDGE('',*,*,#5198,.T.);
#5196=ORIENTED_EDGE('',*,*,#5199,.T.);
#5197=ORIENTED_EDGE('',*,*,#5200,.T.);
#5198=EDGE_CURVE('',#349,#175,#5201,.F.);
#5199=EDGE_CURVE('',#175,#171,#5202,.T.);
#5200=EDGE_CURVE('',#171,#349,#5203,.T.);
#5201=LINE('',#348,#5204);
#5202=LINE('',#174,#5205);
#5203=LINE('',#170,#5206);
#5204=VECTOR('',#5207,1.0);
#5205=VECTOR('',#5208,1.0);
#5206=VECTOR('',#5209,1.0);
#5207=DIRECTION('',(0,0,1));
#5208=DIRECTION('',(-0.46006598486128625,-0.8878847276384557,0));
#5209=DIRECTION('',(0.015265328338849424,0.029460669426663914,-0.9994493677558858));
#5210=FACE_SURFACE('',(#5215),#5211,.T.);
#5211=PLANE('',#5212);
#5212=AXIS2_PLACEMENT_3D('',#348,#5213,#5214);
#5213=DIRECTION('',(0.8878847276384557,-0.4600659848612863,0));
#5214=DIRECTION('',(-0.015265328338849424,-0.029460669426663914,0.9994493677558858));
#5215=FACE_BOUND('',#5216,.T.);
#5216=EDGE_LOOP('',(#5217,#5218,#5219));
#5217=ORIENTED_EDGE('',*,*,#5220,.T.);
#5218=ORIENTED_EDGE('',*,*,#5221,.T.);
#5219=ORIENTED_EDGE('',*,*,#5222,.T.);
#5220=EDGE_CURVE('',#349,#171,#5223,.F.);
#5221=EDGE_CURVE('',#171,#351,#5224,.T.);
#5222=EDGE_CURVE('',#351,#349,#5225,.T.);
#5223=LINE('',#348,#5226);
#5224=LINE('',#170,#5227);
#5225=LINE('',#350,#5228);
#5226=VECTOR('',#5229,1.0);
#5227=VECTOR('',#5230,1.0);
#5228=VECTOR('',#5231,1.0);
#5229=DIRECTION('',(-0.015265328338849424,-0.029460669426663914,0.9994493677558858));
#5230=DIRECTION('',(0,0,-1));
#5231=DIRECTION('',(0.46006598486128625,0.8878847276384557,0));
#5232=FACE_SURFACE('',(#5237),#5233,.T.);
#5233=PLANE('',#5234);
#5234=AXIS2_PLACEMENT_3D('',#350,#5235,#5236);
#5235=DIRECTION('',(0.8169702515623135,-0.5766798141622527,0));
#5236=DIRECTION('',(0,0,1));
#5237=FACE_BOUND('',#5238,.T.);
#5238=EDGE_LOOP('',(#5239,#5240,#5241));
#5239=ORIENTED_EDGE('',*,*,#5242,.T.);
#5240=ORIENTED_EDGE('',*,*,#5243,.T.);
#5241=ORIENTED_EDGE('',*,*,#5244,.T.);
#5242=EDGE_CURVE('',#351,#171,#5245,.F.);
#5243=EDGE_CURVE('',#171,#167,#5246,.T.);
#5244=EDGE_CURVE('',#167,#351,#5247,.T.);
#5245=LINE('',#350,#5248);
#5246=LINE('',#170,#5249);
#5247=LINE('',#166,#5250);
#5248=VECTOR('',#5251,1.0);
#5249=VECTOR('',#5252,1.0);
#5250=VECTOR('',#5253,1.0);
#5251=DIRECTION('',(0,0,1));
#5252=DIRECTION('',(-0.5766798141622527,-0.8169702515623135,0));
#5253=DIRECTION('',(0.019134650378341864,0.02710765965661593,-0.9994493683738261));
#5254=FACE_SURFACE('',(#5259),#5255,.T.);
#5255=PLANE('',#5256);
#5256=AXIS2_PLACEMENT_3D('',#350,#5257,#5258);
#5257=DIRECTION('',(0.8169702515623135,-0.5766798141622527,0));
#5258=DIRECTION('',(-0.019134650378341864,-0.02710765965661593,0.9994493683738261));
#5259=FACE_BOUND('',#5260,.T.);
#5260=EDGE_LOOP('',(#5261,#5262,#5263));
#5261=ORIENTED_EDGE('',*,*,#5264,.T.);
#5262=ORIENTED_EDGE('',*,*,#5265,.T.);
#5263=ORIENTED_EDGE('',*,*,#5266,.T.);
#5264=EDGE_CURVE('',#351,#167,#5267,.F.);
#5265=EDGE_CURVE('',#167,#281,#5268,.T.);
#5266=EDGE_CURVE('',#281,#351,#5269,.T.);
#5267=LINE('',#350,#5270);
#5268=LINE('',#166,#5271);
#5269=LINE('',#280,#5272);
#5270=VECTOR('',#5273,1.0);
#5271=VECTOR('',#5274,1.0);
#5272=VECTOR('',#5275,1.0);
#5273=DIRECTION('',(-0.019134650378341864,-0.02710765965661593,0.9994493683738261));
#5274=DIRECTION('',(0,0,-1));
#5275=DIRECTION('',(0.5766798141622527,0.8169702515623135,0));
#5276=FACE_SURFACE('',(#5281),#5277,.T.);
#5277=PLANE('',#5278);
#5278=AXIS2_PLACEMENT_3D('',#280,#5279,#5280);
#5279=DIRECTION('',(0.7308359213129405,-0.6825531892231298,0));
#5280=DIRECTION('',(0,0,1));
#5281=FACE_BOUND('',#5282,.T.);
#5282=EDGE_LOOP('',(#5283,#5284,#5285));
#5283=ORIENTED_EDGE('',*,*,#5286,.T.);
#5284=ORIENTED_EDGE('',*,*,#5287,.T.);
#5285=ORIENTED_EDGE('',*,*,#5288,.T.);
#5286=EDGE_CURVE('',#281,#167,#5289,.F.);
#5287=EDGE_CURVE('',#167,#165,#5290,.T.);
#5288=EDGE_CURVE('',#165,#281,#5291,.T.);
#5289=LINE('',#280,#5292);
#5290=LINE('',#166,#5293);
#5291=LINE('',#164,#5294);
#5292=VECTOR('',#5295,1.0);
#5293=VECTOR('',#5296,1.0);
#5294=VECTOR('',#5297,1.0);
#5295=DIRECTION('',(0,0,1));
#5296=DIRECTION('',(-0.6825531892231297,-0.7308359213129404,0));
#5297=DIRECTION('',(0.022647623393819333,0.024249680420377655,-0.9994493674789741));
#5298=FACE_SURFACE('',(#5303),#5299,.T.);
#5299=PLANE('',#5300);
#5300=AXIS2_PLACEMENT_3D('',#280,#5301,#5302);
#5301=DIRECTION('',(0.7308359213129405,-0.6825531892231298,0));
#5302=DIRECTION('',(-0.022647623393819333,-0.024249680420377655,0.9994493674789741));
#5303=FACE_BOUND('',#5304,.T.);
#5304=EDGE_LOOP('',(#5305,#5306,#5307));
#5305=ORIENTED_EDGE('',*,*,#5308,.T.);
#5306=ORIENTED_EDGE('',*,*,#5309,.T.);
#5307=ORIENTED_EDGE('',*,*,#5310,.T.);
#5308=EDGE_CURVE('',#281,#165,#5311,.F.);
#5309=EDGE_CURVE('',#165,#285,#5312,.T.);
#5310=EDGE_CURVE('',#285,#281,#5313,.T.);
#5311=LINE('',#280,#5314);
#5312=LINE('',#164,#5315);
#5313=LINE('',#284,#5316);
#5314=VECTOR('',#5317,1.0);
#5315=VECTOR('',#5318,1.0);
#5316=VECTOR('',#5319,1.0);
#5317=DIRECTION('',(-0.022647623393819333,-0.024249680420377655,0.9994493674789741));
#5318=DIRECTION('',(0,0,-1));
#5319=DIRECTION('',(0.6825531892231297,0.7308359213129404,0));
#5320=FACE_SURFACE('',(#5325),#5321,.T.);
#5321=PLANE('',#5322);
#5322=AXIS2_PLACEMENT_3D('',#284,#5323,#5324);
#5323=DIRECTION('',(0.6310878880661812,-0.7757113364752168,0));
#5324=DIRECTION('',(0,0,1));
#5325=FACE_BOUND('',#5326,.T.);
#5326=EDGE_LOOP('',(#5327,#5328,#5329));
#5327=ORIENTED_EDGE('',*,*,#5330,.T.);
#5328=ORIENTED_EDGE('',*,*,#5331,.T.);
#5329=ORIENTED_EDGE('',*,*,#5332,.T.);
#5330=EDGE_CURVE('',#285,#165,#5333,.F.);
#5331=EDGE_CURVE('',#165,#49,#5334,.T.);
#5332=EDGE_CURVE('',#49,#285,#5335,.T.);
#5333=LINE('',#284,#5336);
#5334=LINE('',#164,#5337);
#5335=LINE('',#48,#5338);
#5336=VECTOR('',#5339,1.0);
#5337=VECTOR('',#5340,1.0);
#5338=VECTOR('',#5341,1.0);
#5339=DIRECTION('',(0,0,1));
#5340=DIRECTION('',(-0.7757113364752168,-0.6310878880661812,0));
#5341=DIRECTION('',(0.025738660485356488,0.020939950370153004,-0.9994493683198339));
#5342=FACE_SURFACE('',(#5347),#5343,.T.);
#5343=PLANE('',#5344);
#5344=AXIS2_PLACEMENT_3D('',#284,#5345,#5346);
#5345=DIRECTION('',(0.6310878880661812,-0.7757113364752168,0));
#5346=DIRECTION('',(-0.025738660485356488,-0.020939950370153004,0.9994493683198339));
#5347=FACE_BOUND('',#5348,.T.);
#5348=EDGE_LOOP('',(#5349,#5350,#5351));
#5349=ORIENTED_EDGE('',*,*,#5352,.T.);
#5350=ORIENTED_EDGE('',*,*,#5353,.T.);
#5351=ORIENTED_EDGE('',*,*,#5354,.T.);
#5352=EDGE_CURVE('',#285,#49,#5355,.F.);
#5353=EDGE_CURVE('',#49,#289,#5356,.T.);
#5354=EDGE_CURVE('',#289,#285,#5357,.T.);
#5355=LINE('',#284,#5358);
#5356=LINE('',#48,#5359);
#5357=LINE('',#288,#5360);
#5358=VECTOR('',#5361,1.0);
#5359=VECTOR('',#5362,1.0);
#5360=VECTOR('',#5363,1.0);
#5361=DIRECTION('',(-0.025738660485356488,-0.020939950370153004,0.9994493683198339));
#5362=DIRECTION('',(0,0,-1));
#5363=DIRECTION('',(0.7757113364752168,0.6310878880661812,0));
#5364=FACE_SURFACE('',(#5369),#5365,.T.);
#5365=PLANE('',#5366);
#5366=AXIS2_PLACEMENT_3D('',#288,#5367,#5368);
#5367=DIRECTION('',(0.5195837871295031,-0.8544195036117582,0));
#5368=DIRECTION('',(0,0,1));
#5369=FACE_BOUND('',#5370,.T.);
#5370=EDGE_LOOP('',(#5371,#5372,#5373));
#5371=ORIENTED_EDGE('',*,*,#5374,.T.);
#5372=ORIENTED_EDGE('',*,*,#5375,.T.);
#5373=ORIENTED_EDGE('',*,*,#5376,.T.);
#5374=EDGE_CURVE('',#289,#49,#5377,.F.);
#5375=EDGE_CURVE('',#49,#45,#5378,.T.);
#5376=EDGE_CURVE('',#45,#289,#5379,.T.);
#5377=LINE('',#288,#5380);
#5378=LINE('',#48,#5381);
#5379=LINE('',#44,#5382);
#5380=VECTOR('',#5383,1.0);
#5381=VECTOR('',#5384,1.0);
#5382=VECTOR('',#5385,1.0);
#5383=DIRECTION('',(0,0,1));
#5384=DIRECTION('',(-0.8544195036117582,-0.5195837871295031,0));
#5385=DIRECTION('',(0.028350263503364517,0.017240169746746355,-0.9994493679553722));
#5386=FACE_SURFACE('',(#5391),#5387,.T.);
#5387=PLANE('',#5388);
#5388=AXIS2_PLACEMENT_3D('',#288,#5389,#5390);
#5389=DIRECTION('',(0.5195837871295031,-0.8544195036117582,0));
#5390=DIRECTION('',(-0.028350263503364517,-0.017240169746746355,0.9994493679553722));
#5391=FACE_BOUND('',#5392,.T.);
#5392=EDGE_LOOP('',(#5393,#5394,#5395));
#5393=ORIENTED_EDGE('',*,*,#5396,.T.);
#5394=ORIENTED_EDGE('',*,*,#5397,.T.);
#5395=ORIENTED_EDGE('',*,*,#5398,.T.);
#5396=EDGE_CURVE('',#289,#45,#5399,.F.);
#5397=EDGE_CURVE('',#45,#293,#5400,.T.);
#5398=EDGE_CURVE('',#293,#289,#5401,.T.);
#5399=LINE('',#288,#5402);
#5400=LINE('',#44,#5403);
#5401=LINE('',#292,#5404);
#5402=VECTOR('',#5405,1.0);
#5403=VECTOR('',#5406,1.0);
#5404=VECTOR('',#5407,1.0);
#5405=DIRECTION('',(-0.028350263503364517,-0.017240169746746355,0.9994493679553722));
#5406=DIRECTION('',(0,0,-1));
#5407=DIRECTION('',(0.8544195036117582,0.5195837871295031,0));
#5408=FACE_SURFACE('',(#5413),#5409,.T.);
#5409=PLANE('',#5410);
#5410=AXIS2_PLACEMENT_3D('',#292,#5411,#5412);
#5411=DIRECTION('',(0.3984015769948051,-0.9172110899068178,0));
#5412=DIRECTION('',(0,0,1));
#5413=FACE_BOUND('',#5414,.T.);
#5414=EDGE_LOOP('',(#5415,#5416,#5417));
#5415=ORIENTED_EDGE('',*,*,#5418,.T.);
#5416=ORIENTED_EDGE('',*,*,#5419,.T.);
#5417=ORIENTED_EDGE('',*,*,#5420,.T.);
#5418=EDGE_CURVE('',#293,#45,#5421,.F.);
#5419=EDGE_CURVE('',#45,#41,#5422,.T.);
#5420=EDGE_CURVE('',#41,#293,#5423,.T.);
#5421=LINE('',#292,#5424);
#5422=LINE('',#44,#5425);
#5423=LINE('',#40,#5426);
#5424=VECTOR('',#5427,1.0);
#5425=VECTOR('',#5428,1.0);
#5426=VECTOR('',#5429,1.0);
#5427=DIRECTION('',(0,0,1));
#5428=DIRECTION('',(-0.9172110899068177,-0.39840157699480505,0));
#5429=DIRECTION('',(0.030433744584177434,0.013219259960567201,-0.9994493675803093));
#5430=FACE_SURFACE('',(#5435),#5431,.T.);
#5431=PLANE('',#5432);
#5432=AXIS2_PLACEMENT_3D('',#292,#5433,#5434);
#5433=DIRECTION('',(0.3984015769948051,-0.9172110899068178,0));
#5434=DIRECTION('',(-0.030433744584177434,-0.013219259960567201,0.9994493675803093));
#5435=FACE_BOUND('',#5436,.T.);
#5436=EDGE_LOOP('',(#5437,#5438,#5439));
#5437=ORIENTED_EDGE('',*,*,#5440,.T.);
#5438=ORIENTED_EDGE('',*,*,#5441,.T.);
#5439=ORIENTED_EDGE('',*,*,#5442,.T.);
#5440=EDGE_CURVE('',#293,#41,#5443,.F.);
#5441=EDGE_CURVE('',#41,#295,#5444,.T.);
#5442=EDGE_CURVE('',#295,#293,#5445,.T.);
#5443=LINE('',#292,#5446);
#5444=LINE('',#40,#5447);
#5445=LINE('',#294,#5448);
#5446=VECTOR('',#5449,1.0);
#5447=VECTOR('',#5450,1.0);
#5448=VECTOR('',#5451,1.0);
#5449=DIRECTION('',(-0.030433744584177434,-0.013219259960567201,0.9994493675803093));
#5450=DIRECTION('',(0,0,-1));
#5451=DIRECTION('',(0.9172110899068177,0.39840157699480505,0));
#5452=FACE_SURFACE('',(#5457),#5453,.T.);
#5453=PLANE('',#5454);
#5454=AXIS2_PLACEMENT_3D('',#294,#5455,#5456);
#5455=DIRECTION('',(0.26979660351228674,-0.9629173343196362,0));
#5456=DIRECTION('',(0,0,1));
#5457=FACE_BOUND('',#5458,.T.);
#5458=EDGE_LOOP('',(#5459,#5460,#5461));
#5459=ORIENTED_EDGE('',*,*,#5462,.T.);
#5460=ORIENTED_EDGE('',*,*,#5463,.T.);
#5461=ORIENTED_EDGE('',*,*,#5464,.T.);
#5462=EDGE_CURVE('',#295,#41,#5465,.F.);
#5463=EDGE_CURVE('',#41,#37,#5466,.T.);
#5464=EDGE_CURVE('',#37,#295,#5467,.T.);
#5465=LINE('',#294,#5468);
#5466=LINE('',#40,#5469);
#5467=LINE('',#36,#5470);
#5468=VECTOR('',#5471,1.0);
#5469=VECTOR('',#5472,1.0);
#5470=VECTOR('',#5473,1.0);
#5471=DIRECTION('',(0,0,1));
#5472=DIRECTION('',(-0.9629173343196361,-0.2697966035122867,0));
#5473=DIRECTION('',(0.03195030799652861,0.008952050473497316,-0.9994493677076628));
#5474=FACE_SURFACE('',(#5479),#5475,.T.);
#5475=PLANE('',#5476);
#5476=AXIS2_PLACEMENT_3D('',#294,#5477,#5478);
#5477=DIRECTION('',(0.26979660351228674,-0.9629173343196362,0));
#5478=DIRECTION('',(-0.03195030799652861,-0.008952050473497316,0.9994493677076628));
#5479=FACE_BOUND('',#5480,.T.);
#5480=EDGE_LOOP('',(#5481,#5482,#5483));
#5481=ORIENTED_EDGE('',*,*,#5484,.T.);
#5482=ORIENTED_EDGE('',*,*,#5485,.T.);
#5483=ORIENTED_EDGE('',*,*,#5486,.T.);
#5484=EDGE_CURVE('',#295,#37,#5487,.F.);
#5485=EDGE_CURVE('',#37,#263,#5488,.T.);
#5486=EDGE_CURVE('',#263,#295,#5489,.T.);
#5487=LINE('',#294,#5490);
#5488=LINE('',#36,#5491);
#5489=LINE('',#262,#5492);
#5490=VECTOR('',#5493,1.0);
#5491=VECTOR('',#5494,1.0);
#5492=VECTOR('',#5495,1.0);
#5493=DIRECTION('',(-0.03195030799652861,-0.008952050473497316,0.9994493677076628));
#5494=DIRECTION('',(0,0,-1));
#5495=DIRECTION('',(0.9629173343196361,0.2697966035122867,0));
#5496=FACE_SURFACE('',(#5501),#5497,.T.);
#5497=PLANE('',#5498);
#5498=AXIS2_PLACEMENT_3D('',#262,#5499,#5500);
#5499=DIRECTION('',(0.13616645473854783,-0.9906859727501622,0));
#5500=DIRECTION('',(0,0,1));
#5501=FACE_BOUND('',#5502,.T.);
#5502=EDGE_LOOP('',(#5503,#5504,#5505));
#5503=ORIENTED_EDGE('',*,*,#5506,.T.);
#5504=ORIENTED_EDGE('',*,*,#5507,.T.);
#5505=ORIENTED_EDGE('',*,*,#5508,.T.);
#5506=EDGE_CURVE('',#263,#37,#5509,.F.);
#5507=EDGE_CURVE('',#37,#69,#5510,.T.);
#5508=EDGE_CURVE('',#69,#263,#5511,.T.);
#5509=LINE('',#262,#5512);
#5510=LINE('',#36,#5513);
#5511=LINE('',#68,#5514);
#5512=VECTOR('',#5515,1.0);
#5513=VECTOR('',#5516,1.0);
#5514=VECTOR('',#5517,1.0);
#5515=DIRECTION('',(0,0,1));
#5516=DIRECTION('',(-0.990685972750162,-0.1361664547385478,0));
#5517=DIRECTION('',(0.03287166840137,0.004518100256461885,-0.9994493684957647));
#5518=FACE_SURFACE('',(#5523),#5519,.T.);
#5519=PLANE('',#5520);
#5520=AXIS2_PLACEMENT_3D('',#262,#5521,#5522);
#5521=DIRECTION('',(0.13616645473854783,-0.9906859727501622,0));
#5522=DIRECTION('',(-0.03287166840137,-0.004518100256461885,0.9994493684957647));
#5523=FACE_BOUND('',#5524,.T.);
#5524=EDGE_LOOP('',(#5525,#5526,#5527));
#5525=ORIENTED_EDGE('',*,*,#5528,.T.);
#5526=ORIENTED_EDGE('',*,*,#5529,.T.);
#5527=ORIENTED_EDGE('',*,*,#5530,.T.);
#5528=EDGE_CURVE('',#263,#69,#5531,.F.);
#5529=EDGE_CURVE('',#69,#267,#5532,.T.);
#5530=EDGE_CURVE('',#267,#263,#5533,.T.);
#5531=LINE('',#262,#5534);
#5532=LINE('',#68,#5535);
#5533=LINE('',#266,#5536);
#5534=VECTOR('',#5537,1.0);
#5535=VECTOR('',#5538,1.0);
#5536=VECTOR('',#5539,1.0);
#5537=DIRECTION('',(-0.03287166840137,-0.004518100256461885,0.9994493684957647));
#5538=DIRECTION('',(0,0,-1));
#5539=DIRECTION('',(0.990685972750162,0.1361664547385478,0));
#5540=FACE_SURFACE('',(#5545),#5541,.T.);
#5541=PLANE('',#5542);
#5542=AXIS2_PLACEMENT_3D('',#266,#5543,#5544);
#5543=DIRECTION('',(0,-1,0));
#5544=DIRECTION('',(0,0,1));
#5545=FACE_BOUND('',#5546,.T.);
#5546=EDGE_LOOP('',(#5547,#5548,#5549));
#5547=ORIENTED_EDGE('',*,*,#5550,.T.);
#5548=ORIENTED_EDGE('',*,*,#5551,.T.);
#5549=ORIENTED_EDGE('',*,*,#5552,.T.);
#5550=EDGE_CURVE('',#267,#69,#5553,.F.);
#5551=EDGE_CURVE('',#69,#67,#5554,.T.);
#5552=EDGE_CURVE('',#67,#267,#5555,.T.);
#5553=LINE('',#266,#5556);
#5554=LINE('',#68,#5557);
#5555=LINE('',#66,#5558);
#5556=VECTOR('',#5559,1.0);
#5557=VECTOR('',#5560,1.0);
#5558=VECTOR('',#5561,1.0);
#5559=DIRECTION('',(0,0,1));
#5560=DIRECTION('',(-1,0,0));
#5561=DIRECTION('',(0.03318074631279864,0,-0.9994493674389542));
#5562=FACE_SURFACE('',(#5567),#5563,.T.);
#5563=PLANE('',#5564);
#5564=AXIS2_PLACEMENT_3D('',#266,#5565,#5566);
#5565=DIRECTION('',(0,-1,0));
#5566=DIRECTION('',(-0.03318074631279864,0,0.9994493674389542));
#5567=FACE_BOUND('',#5568,.T.);
#5568=EDGE_LOOP('',(#5569,#5570,#5571));
#5569=ORIENTED_EDGE('',*,*,#5572,.T.);
#5570=ORIENTED_EDGE('',*,*,#5573,.T.);
#5571=ORIENTED_EDGE('',*,*,#5574,.T.);
#5572=EDGE_CURVE('',#267,#67,#5575,.F.);
#5573=EDGE_CURVE('',#67,#271,#5576,.T.);
#5574=EDGE_CURVE('',#271,#267,#5577,.T.);
#5575=LINE('',#266,#5578);
#5576=LINE('',#66,#5579);
#5577=LINE('',#270,#5580);
#5578=VECTOR('',#5581,1.0);
#5579=VECTOR('',#5582,1.0);
#5580=VECTOR('',#5583,1.0);
#5581=DIRECTION('',(-0.03318074631279864,0,0.9994493674389542));
#5582=DIRECTION('',(0,0,-1));
#5583=DIRECTION('',(1,0,0));
#5584=FACE_SURFACE('',(#5589),#5585,.T.);
#5585=PLANE('',#5586);
#5586=AXIS2_PLACEMENT_3D('',#270,#5587,#5588);
#5587=DIRECTION('',(-0.13616640237254676,-0.9906859799476915,0));
#5588=DIRECTION('',(0,0,1));
#5589=FACE_BOUND('',#5590,.T.);
#5590=EDGE_LOOP('',(#5591,#5592,#5593));
#5591=ORIENTED_EDGE('',*,*,#5594,.T.);
#5592=ORIENTED_EDGE('',*,*,#5595,.T.);
#5593=ORIENTED_EDGE('',*,*,#5596,.T.);
#5594=EDGE_CURVE('',#271,#67,#5597,.F.);
#5595=EDGE_CURVE('',#67,#63,#5598,.T.);
#5596=EDGE_CURVE('',#63,#271,#5599,.T.);
#5597=LINE('',#270,#5600);
#5598=LINE('',#66,#5601);
#5599=LINE('',#62,#5602);
#5600=VECTOR('',#5603,1.0);
#5601=VECTOR('',#5604,1.0);
#5602=VECTOR('',#5605,1.0);
#5603=DIRECTION('',(0,0,1));
#5604=DIRECTION('',(-0.9906859799476915,0.13616640237254676,0));
#5605=DIRECTION('',(0.03287168126784663,-0.004518100254548921,-0.9994493680725977));
#5606=FACE_SURFACE('',(#5611),#5607,.T.);
#5607=PLANE('',#5608);
#5608=AXIS2_PLACEMENT_3D('',#270,#5609,#5610);
#5609=DIRECTION('',(-0.13616640237254676,-0.9906859799476915,0));
#5610=DIRECTION('',(-0.03287168126784663,0.004518100254548921,0.9994493680725977));
#5611=FACE_BOUND('',#5612,.T.);
#5612=EDGE_LOOP('',(#5613,#5614,#5615));
#5613=ORIENTED_EDGE('',*,*,#5616,.T.);
#5614=ORIENTED_EDGE('',*,*,#5617,.T.);
#5615=ORIENTED_EDGE('',*,*,#5618,.T.);
#5616=EDGE_CURVE('',#271,#63,#5619,.F.);
#5617=EDGE_CURVE('',#63,#275,#5620,.T.);
#5618=EDGE_CURVE('',#275,#271,#5621,.T.);
#5619=LINE('',#270,#5622);
#5620=LINE('',#62,#5623);
#5621=LINE('',#274,#5624);
#5622=VECTOR('',#5625,1.0);
#5623=VECTOR('',#5626,1.0);
#5624=VECTOR('',#5627,1.0);
#5625=DIRECTION('',(-0.03287168126784663,0.004518100254548921,0.9994493680725977));
#5626=DIRECTION('',(0,0,-1));
#5627=DIRECTION('',(0.9906859799476915,-0.13616640237254676,0));
#5628=FACE_SURFACE('',(#5633),#5629,.T.);
#5629=PLANE('',#5630);
#5630=AXIS2_PLACEMENT_3D('',#274,#5631,#5632);
#5631=DIRECTION('',(-0.26979670436062797,-0.9629173060632694,0));
#5632=DIRECTION('',(0,0,1));
#5633=FACE_BOUND('',#5634,.T.);
#5634=EDGE_LOOP('',(#5635,#5636,#5637));
#5635=ORIENTED_EDGE('',*,*,#5638,.T.);
#5636=ORIENTED_EDGE('',*,*,#5639,.T.);
#5637=ORIENTED_EDGE('',*,*,#5640,.T.);
#5638=EDGE_CURVE('',#275,#63,#5641,.F.);
#5639=EDGE_CURVE('',#63,#59,#5642,.T.);
#5640=EDGE_CURVE('',#59,#275,#5643,.T.);
#5641=LINE('',#274,#5644);
#5642=LINE('',#62,#5645);
#5643=LINE('',#58,#5646);
#5644=VECTOR('',#5647,1.0);
#5645=VECTOR('',#5648,1.0);
#5646=VECTOR('',#5649,1.0);
#5647=DIRECTION('',(0,0,1));
#5648=DIRECTION('',(-0.9629173060632694,0.26979670436062797,0));
#5649=DIRECTION('',(0.0319502951292827,-0.008952050477181376,-0.9994493681189688));
#5650=FACE_SURFACE('',(#5655),#5651,.T.);
#5651=PLANE('',#5652);
#5652=AXIS2_PLACEMENT_3D('',#274,#5653,#5654);
#5653=DIRECTION('',(-0.26979670436062797,-0.9629173060632694,0));
#5654=DIRECTION('',(-0.0319502951292827,0.008952050477181376,0.9994493681189688));
#5655=FACE_BOUND('',#5656,.T.);
#5656=EDGE_LOOP('',(#5657,#5658,#5659));
#5657=ORIENTED_EDGE('',*,*,#5660,.T.);
#5658=ORIENTED_EDGE('',*,*,#5661,.T.);
#5659=ORIENTED_EDGE('',*,*,#5662,.T.);
#5660=EDGE_CURVE('',#275,#59,#5663,.F.);
#5661=EDGE_CURVE('',#59,#297,#5664,.T.);
#5662=EDGE_CURVE('',#297,#275,#5665,.T.);
#5663=LINE('',#274,#5666);
#5664=LINE('',#58,#5667);
#5665=LINE('',#296,#5668);
#5666=VECTOR('',#5669,1.0);
#5667=VECTOR('',#5670,1.0);
#5668=VECTOR('',#5671,1.0);
#5669=DIRECTION('',(-0.0319502951292827,0.008952050477181376,0.9994493681189688));
#5670=DIRECTION('',(0,0,-1));
#5671=DIRECTION('',(0.9629173060632694,-0.26979670436062797,0));
#5672=FACE_SURFACE('',(#5677),#5673,.T.);
#5673=PLANE('',#5674);
#5674=AXIS2_PLACEMENT_3D('',#296,#5675,#5676);
#5675=DIRECTION('',(-0.39840171884618214,-0.9172110282919671,0));
#5676=DIRECTION('',(0,0,1));
#5677=FACE_BOUND('',#5678,.T.);
#5678=EDGE_LOOP('',(#5679,#5680,#5681));
#5679=ORIENTED_EDGE('',*,*,#5682,.T.);
#5680=ORIENTED_EDGE('',*,*,#5683,.T.);
#5681=ORIENTED_EDGE('',*,*,#5684,.T.);
#5682=EDGE_CURVE('',#297,#59,#5685,.F.);
#5683=EDGE_CURVE('',#59,#55,#5686,.T.);
#5684=EDGE_CURVE('',#55,#297,#5687,.T.);
#5685=LINE('',#296,#5688);
#5686=LINE('',#58,#5689);
#5687=LINE('',#54,#5690);
#5688=VECTOR('',#5691,1.0);
#5689=VECTOR('',#5692,1.0);
#5690=VECTOR('',#5693,1.0);
#5691=DIRECTION('',(0,0,1));
#5692=DIRECTION('',(-0.9172110282919672,0.39840171884618214,0));
#5693=DIRECTION('',(0.030433731715712918,-0.01321925996574913,-0.9994493679720919));
#5694=FACE_SURFACE('',(#5699),#5695,.T.);
#5695=PLANE('',#5696);
#5696=AXIS2_PLACEMENT_3D('',#296,#5697,#5698);
#5697=DIRECTION('',(-0.39840171884618214,-0.9172110282919671,0));
#5698=DIRECTION('',(-0.030433731715712918,0.01321925996574913,0.9994493679720919));
#5699=FACE_BOUND('',#5700,.T.);
#5700=EDGE_LOOP('',(#5701,#5702,#5703));
#5701=ORIENTED_EDGE('',*,*,#5704,.T.);
#5702=ORIENTED_EDGE('',*,*,#5705,.T.);
#5703=ORIENTED_EDGE('',*,*,#5706,.T.);
#5704=EDGE_CURVE('',#297,#55,#5707,.F.);
#5705=EDGE_CURVE('',#55,#299,#5708,.T.);
#5706=EDGE_CURVE('',#299,#297,#5709,.T.);
#5707=LINE('',#296,#5710);
#5708=LINE('',#54,#5711);
#5709=LINE('',#298,#5712);
#5710=VECTOR('',#5713,1.0);
#5711=VECTOR('',#5714,1.0);
#5712=VECTOR('',#5715,1.0);
#5713=DIRECTION('',(-0.030433731715712918,0.01321925996574913,0.9994493679720919));
#5714=DIRECTION('',(0,0,-1));
#5715=DIRECTION('',(0.9172110282919672,-0.39840171884618214,0));
#5716=FACE_SURFACE('',(#5721),#5717,.T.);
#5717=PLANE('',#5718);
#5718=AXIS2_PLACEMENT_3D('',#298,#5719,#5720);
#5719=DIRECTION('',(-0.5195837009627143,-0.8544195560109147,0));
#5720=DIRECTION('',(0,0,1));
#5721=FACE_BOUND('',#5722,.T.);
#5722=EDGE_LOOP('',(#5723,#5724,#5725));
#5723=ORIENTED_EDGE('',*,*,#5726,.T.);
#5724=ORIENTED_EDGE('',*,*,#5727,.T.);
#5725=ORIENTED_EDGE('',*,*,#5728,.T.);
#5726=EDGE_CURVE('',#299,#55,#5729,.F.);
#5727=EDGE_CURVE('',#55,#87,#5730,.T.);
#5728=EDGE_CURVE('',#87,#299,#5731,.T.);
#5729=LINE('',#298,#5732);
#5730=LINE('',#54,#5733);
#5731=LINE('',#86,#5734);
#5732=VECTOR('',#5735,1.0);
#5733=VECTOR('',#5736,1.0);
#5734=VECTOR('',#5737,1.0);
#5735=DIRECTION('',(0,0,1));
#5736=DIRECTION('',(-0.8544195560109147,0.5195837009627142,0));
#5737=DIRECTION('',(0.028350269938385537,-0.017240169743598623,-0.9994493677728915));
#5738=FACE_SURFACE('',(#5743),#5739,.T.);
#5739=PLANE('',#5740);
#5740=AXIS2_PLACEMENT_3D('',#298,#5741,#5742);
#5741=DIRECTION('',(-0.5195837009627143,-0.8544195560109147,0));
#5742=DIRECTION('',(-0.028350269938385537,0.017240169743598623,0.9994493677728915));
#5743=FACE_BOUND('',#5744,.T.);
#5744=EDGE_LOOP('',(#5745,#5746,#5747));
#5745=ORIENTED_EDGE('',*,*,#5748,.T.);
#5746=ORIENTED_EDGE('',*,*,#5749,.T.);
#5747=ORIENTED_EDGE('',*,*,#5750,.T.);
#5748=EDGE_CURVE('',#299,#87,#5751,.F.);
#5749=EDGE_CURVE('',#87,#303,#5752,.T.);
#5750=EDGE_CURVE('',#303,#299,#5753,.T.);
#5751=LINE('',#298,#5754);
#5752=LINE('',#86,#5755);
#5753=LINE('',#302,#5756);
#5754=VECTOR('',#5757,1.0);
#5755=VECTOR('',#5758,1.0);
#5756=VECTOR('',#5759,1.0);
#5757=DIRECTION('',(-0.028350269938385537,0.017240169743598623,0.9994493677728915));
#5758=DIRECTION('',(0,0,-1));
#5759=DIRECTION('',(0.8544195560109147,-0.5195837009627142,0));
#5760=FACE_SURFACE('',(#5765),#5761,.T.);
#5761=PLANE('',#5762);
#5762=AXIS2_PLACEMENT_3D('',#302,#5763,#5764);
#5763=DIRECTION('',(-0.6310878880661812,-0.7757113364752168,0));
#5764=DIRECTION('',(0,0,1));
#5765=FACE_BOUND('',#5766,.T.);
#5766=EDGE_LOOP('',(#5767,#5768,#5769));
#5767=ORIENTED_EDGE('',*,*,#5770,.T.);
#5768=ORIENTED_EDGE('',*,*,#5771,.T.);
#5769=ORIENTED_EDGE('',*,*,#5772,.T.);
#5770=EDGE_CURVE('',#303,#87,#5773,.F.);
#5771=EDGE_CURVE('',#87,#85,#5774,.T.);
#5772=EDGE_CURVE('',#85,#303,#5775,.T.);
#5773=LINE('',#302,#5776);
#5774=LINE('',#86,#5777);
#5775=LINE('',#84,#5778);
#5776=VECTOR('',#5779,1.0);
#5777=VECTOR('',#5780,1.0);
#5778=VECTOR('',#5781,1.0);
#5779=DIRECTION('',(0,0,1));
#5780=DIRECTION('',(-0.7757113364752168,0.6310878880661812,0));
#5781=DIRECTION('',(0.025738660485356488,-0.020939950370153004,-0.9994493683198339));
#5782=FACE_SURFACE('',(#5787),#5783,.T.);
#5783=PLANE('',#5784);
#5784=AXIS2_PLACEMENT_3D('',#302,#5785,#5786);
#5785=DIRECTION('',(-0.6310878880661812,-0.7757113364752168,0));
#5786=DIRECTION('',(-0.025738660485356488,0.020939950370153004,0.9994493683198339));
#5787=FACE_BOUND('',#5788,.T.);
#5788=EDGE_LOOP('',(#5789,#5790,#5791));
#5789=ORIENTED_EDGE('',*,*,#5792,.T.);
#5790=ORIENTED_EDGE('',*,*,#5793,.T.);
#5791=ORIENTED_EDGE('',*,*,#5794,.T.);
#5792=EDGE_CURVE('',#303,#85,#5795,.F.);
#5793=EDGE_CURVE('',#85,#307,#5796,.T.);
#5794=EDGE_CURVE('',#307,#303,#5797,.T.);
#5795=LINE('',#302,#5798);
#5796=LINE('',#84,#5799);
#5797=LINE('',#306,#5800);
#5798=VECTOR('',#5801,1.0);
#5799=VECTOR('',#5802,1.0);
#5800=VECTOR('',#5803,1.0);
#5801=DIRECTION('',(-0.025738660485356488,0.020939950370153004,0.9994493683198339));
#5802=DIRECTION('',(0,0,-1));
#5803=DIRECTION('',(0.7757113364752168,-0.6310878880661812,0));
#5804=FACE_SURFACE('',(#5809),#5805,.T.);
#5805=PLANE('',#5806);
#5806=AXIS2_PLACEMENT_3D('',#306,#5807,#5808);
#5807=DIRECTION('',(-0.7308359213129405,-0.6825531892231298,0));
#5808=DIRECTION('',(0,0,1));
#5809=FACE_BOUND('',#5810,.T.);
#5810=EDGE_LOOP('',(#5811,#5812,#5813));
#5811=ORIENTED_EDGE('',*,*,#5814,.T.);
#5812=ORIENTED_EDGE('',*,*,#5815,.T.);
#5813=ORIENTED_EDGE('',*,*,#5816,.T.);
#5814=EDGE_CURVE('',#307,#85,#5817,.F.);
#5815=EDGE_CURVE('',#85,#81,#5818,.T.);
#5816=EDGE_CURVE('',#81,#307,#5819,.T.);
#5817=LINE('',#306,#5820);
#5818=LINE('',#84,#5821);
#5819=LINE('',#80,#5822);
#5820=VECTOR('',#5823,1.0);
#5821=VECTOR('',#5824,1.0);
#5822=VECTOR('',#5825,1.0);
#5823=DIRECTION('',(0,0,1));
#5824=DIRECTION('',(-0.6825531892231297,0.7308359213129404,0));
#5825=DIRECTION('',(0.022647623393819333,-0.024249680420377655,-0.9994493674789741));
#5826=FACE_SURFACE('',(#5831),#5827,.T.);
#5827=PLANE('',#5828);
#5828=AXIS2_PLACEMENT_3D('',#306,#5829,#5830);
#5829=DIRECTION('',(-0.7308359213129405,-0.6825531892231298,0));
#5830=DIRECTION('',(-0.022647623393819333,0.024249680420377655,0.9994493674789741));
#5831=FACE_BOUND('',#5832,.T.);
#5832=EDGE_LOOP('',(#5833,#5834,#5835));
#5833=ORIENTED_EDGE('',*,*,#5836,.T.);
#5834=ORIENTED_EDGE('',*,*,#5837,.T.);
#5835=ORIENTED_EDGE('',*,*,#5838,.T.);
#5836=EDGE_CURVE('',#307,#81,#5839,.F.);
#5837=EDGE_CURVE('',#81,#311,#5840,.T.);
#5838=EDGE_CURVE('',#311,#307,#5841,.T.);
#5839=LINE('',#306,#5842);
#5840=LINE('',#80,#5843);
#5841=LINE('',#310,#5844);
#5842=VECTOR('',#5845,1.0);
#5843=VECTOR('',#5846,1.0);
#5844=VECTOR('',#5847,1.0);
#5845=DIRECTION('',(-0.022647623393819333,0.024249680420377655,0.9994493674789741));
#5846=DIRECTION('',(0,0,-1));
#5847=DIRECTION('',(0.6825531892231297,-0.7308359213129404,0));
#5848=FACE_SURFACE('',(#5853),#5849,.T.);
#5849=PLANE('',#5850);
#5850=AXIS2_PLACEMENT_3D('',#310,#5851,#5852);
#5851=DIRECTION('',(-0.8169700229527526,-0.5766801380285078,0));
#5852=DIRECTION('',(0,0,1));
#5853=FACE_BOUND('',#5854,.T.);
#5854=EDGE_LOOP('',(#5855,#5856,#5857));
#5855=ORIENTED_EDGE('',*,*,#5858,.T.);
#5856=ORIENTED_EDGE('',*,*,#5859,.T.);
#5857=ORIENTED_EDGE('',*,*,#5860,.T.);
#5858=EDGE_CURVE('',#311,#81,#5861,.F.);
#5859=EDGE_CURVE('',#81,#77,#5862,.T.);
#5860=EDGE_CURVE('',#77,#311,#5863,.T.);
#5861=LINE('',#310,#5864);
#5862=LINE('',#80,#5865);
#5863=LINE('',#76,#5866);
#5864=VECTOR('',#5867,1.0);
#5865=VECTOR('',#5868,1.0);
#5866=VECTOR('',#5869,1.0);
#5867=DIRECTION('',(0,0,1));
#5868=DIRECTION('',(-0.5766801380285078,0.8169700229527526,0));
#5869=DIRECTION('',(0.01913466647294003,-0.02710765964826467,-0.9994493680659182));
#5870=FACE_SURFACE('',(#5875),#5871,.T.);
#5871=PLANE('',#5872);
#5872=AXIS2_PLACEMENT_3D('',#310,#5873,#5874);
#5873=DIRECTION('',(-0.8169700229527526,-0.5766801380285078,0));
#5874=DIRECTION('',(-0.01913466647294003,0.02710765964826467,0.9994493680659182));
#5875=FACE_BOUND('',#5876,.T.);
#5876=EDGE_LOOP('',(#5877,#5878,#5879));
#5877=ORIENTED_EDGE('',*,*,#5880,.T.);
#5878=ORIENTED_EDGE('',*,*,#5881,.T.);
#5879=ORIENTED_EDGE('',*,*,#5882,.T.);
#5880=EDGE_CURVE('',#311,#77,#5883,.F.);
#5881=EDGE_CURVE('',#77,#313,#5884,.T.);
#5882=EDGE_CURVE('',#313,#311,#5885,.T.);
#5883=LINE('',#310,#5886);
#5884=LINE('',#76,#5887);
#5885=LINE('',#312,#5888);
#5886=VECTOR('',#5889,1.0);
#5887=VECTOR('',#5890,1.0);
#5888=VECTOR('',#5891,1.0);
#5889=DIRECTION('',(-0.01913466647294003,0.02710765964826467,0.9994493680659182));
#5890=DIRECTION('',(0,0,-1));
#5891=DIRECTION('',(0.5766801380285078,-0.8169700229527526,0));
#5892=FACE_SURFACE('',(#5897),#5893,.T.);
#5893=PLANE('',#5894);
#5894=AXIS2_PLACEMENT_3D('',#312,#5895,#5896);
#5895=DIRECTION('',(-0.88788516370459,-0.4600651432930703,0));
#5896=DIRECTION('',(0,0,1));
#5897=FACE_BOUND('',#5898,.T.);
#5898=EDGE_LOOP('',(#5899,#5900,#5901));
#5899=ORIENTED_EDGE('',*,*,#5902,.T.);
#5900=ORIENTED_EDGE('',*,*,#5903,.T.);
#5901=ORIENTED_EDGE('',*,*,#5904,.T.);
#5902=EDGE_CURVE('',#313,#77,#5905,.F.);
#5903=EDGE_CURVE('',#77,#73,#5906,.T.);
#5904=EDGE_CURVE('',#73,#313,#5907,.T.);
#5905=LINE('',#312,#5908);
#5906=LINE('',#76,#5909);
#5907=LINE('',#72,#5910);
#5908=VECTOR('',#5911,1.0);
#5909=VECTOR('',#5912,1.0);
#5910=VECTOR('',#5913,1.0);
#5911=DIRECTION('',(0,0,1));
#5912=DIRECTION('',(-0.4600651432930703,0.8878851637045901,0));
#5913=DIRECTION('',(0.015265292926018722,-0.02946066944259371,-0.999449368296302));
#5914=FACE_SURFACE('',(#5919),#5915,.T.);
#5915=PLANE('',#5916);
#5916=AXIS2_PLACEMENT_3D('',#312,#5917,#5918);
#5917=DIRECTION('',(-0.88788516370459,-0.4600651432930703,0));
#5918=DIRECTION('',(-0.015265292926018722,0.02946066944259371,0.999449368296302));
#5919=FACE_BOUND('',#5920,.T.);
#5920=EDGE_LOOP('',(#5921,#5922,#5923));
#5921=ORIENTED_EDGE('',*,*,#5924,.T.);
#5922=ORIENTED_EDGE('',*,*,#5925,.T.);
#5923=ORIENTED_EDGE('',*,*,#5926,.T.);
#5924=EDGE_CURVE('',#313,#73,#5927,.F.);
#5925=EDGE_CURVE('',#73,#205,#5928,.T.);
#5926=EDGE_CURVE('',#205,#313,#5929,.T.);
#5927=LINE('',#312,#5930);
#5928=LINE('',#72,#5931);
#5929=LINE('',#204,#5932);
#5930=VECTOR('',#5933,1.0);
#5931=VECTOR('',#5934,1.0);
#5932=VECTOR('',#5935,1.0);
#5933=DIRECTION('',(-0.015265292926018722,0.02946066944259371,0.999449368296302));
#5934=DIRECTION('',(0,0,-1));
#5935=DIRECTION('',(0.4600651432930703,-0.8878851637045901,0));
#5936=FACE_SURFACE('',(#5941),#5937,.T.);
#5937=PLANE('',#5938);
#5938=AXIS2_PLACEMENT_3D('',#204,#5939,#5940);
#5939=DIRECTION('',(-0.9422609212178247,-0.334879614706145,0));
#5940=DIRECTION('',(0,0,1));
#5941=FACE_BOUND('',#5942,.T.);
#5942=EDGE_LOOP('',(#5943,#5944,#5945));
#5943=ORIENTED_EDGE('',*,*,#5946,.T.);
#5944=ORIENTED_EDGE('',*,*,#5947,.T.);
#5945=ORIENTED_EDGE('',*,*,#5948,.T.);
#5946=EDGE_CURVE('',#205,#73,#5949,.F.);
#5947=EDGE_CURVE('',#73,#109,#5950,.T.);
#5948=EDGE_CURVE('',#109,#205,#5951,.T.);
#5949=LINE('',#204,#5952);
#5950=LINE('',#72,#5953);
#5951=LINE('',#108,#5954);
#5952=VECTOR('',#5955,1.0);
#5953=VECTOR('',#5956,1.0);
#5954=VECTOR('',#5957,1.0);
#5955=DIRECTION('',(0,0,1));
#5956=DIRECTION('',(-0.334879614706145,0.9422609212178248,0));
#5957=DIRECTION('',(0.011111554067227114,-0.031264916440896046,-0.9994493675850492));
#5958=FACE_SURFACE('',(#5963),#5959,.T.);
#5959=PLANE('',#5960);
#5960=AXIS2_PLACEMENT_3D('',#204,#5961,#5962);
#5961=DIRECTION('',(-0.9422609212178247,-0.334879614706145,0));
#5962=DIRECTION('',(-0.011111554067227114,0.031264916440896046,0.9994493675850492));
#5963=FACE_BOUND('',#5964,.T.);
#5964=EDGE_LOOP('',(#5965,#5966,#5967));
#5965=ORIENTED_EDGE('',*,*,#5968,.T.);
#5966=ORIENTED_EDGE('',*,*,#5969,.T.);
#5967=ORIENTED_EDGE('',*,*,#5970,.T.);
#5968=EDGE_CURVE('',#205,#109,#5971,.F.);
#5969=EDGE_CURVE('',#109,#209,#5972,.T.);
#5970=EDGE_CURVE('',#209,#205,#5973,.T.);
#5971=LINE('',#204,#5974);
#5972=LINE('',#108,#5975);
#5973=LINE('',#208,#5976);
#5974=VECTOR('',#5977,1.0);
#5975=VECTOR('',#5978,1.0);
#5976=VECTOR('',#5979,1.0);
#5977=DIRECTION('',(-0.011111554067227114,0.031264916440896046,0.9994493675850492));
#5978=DIRECTION('',(0,0,-1));
#5979=DIRECTION('',(0.334879614706145,-0.9422609212178248,0));
#5980=FACE_SURFACE('',(#5985),#5981,.T.);
#5981=PLANE('',#5982);
#5982=AXIS2_PLACEMENT_3D('',#208,#5983,#5984);
#5983=DIRECTION('',(-0.9790841350255838,-0.2034557852242214,0));
#5984=DIRECTION('',(0,0,1));
#5985=FACE_BOUND('',#5986,.T.);
#5986=EDGE_LOOP('',(#5987,#5988,#5989));
#5987=ORIENTED_EDGE('',*,*,#5990,.T.);
#5988=ORIENTED_EDGE('',*,*,#5991,.T.);
#5989=ORIENTED_EDGE('',*,*,#5992,.T.);
#5990=EDGE_CURVE('',#209,#109,#5993,.F.);
#5991=EDGE_CURVE('',#109,#107,#5994,.T.);
#5992=EDGE_CURVE('',#107,#209,#5995,.T.);
#5993=LINE('',#208,#5996);
#5994=LINE('',#108,#5997);
#5995=LINE('',#106,#5998);
#5996=VECTOR('',#5999,1.0);
#5997=VECTOR('',#6000,1.0);
#5998=VECTOR('',#6001,1.0);
#5999=DIRECTION('',(0,0,1));
#6000=DIRECTION('',(-0.2034557852242214,0.9790841350255838,0));
#6001=DIRECTION('',(0.006750811182313485,-0.03248672491604119,-0.9994493680285211));
#6002=FACE_SURFACE('',(#6007),#6003,.T.);
#6003=PLANE('',#6004);
#6004=AXIS2_PLACEMENT_3D('',#208,#6005,#6006);
#6005=DIRECTION('',(-0.9790841350255838,-0.2034557852242214,0));
#6006=DIRECTION('',(-0.006750811182313485,0.03248672491604119,0.9994493680285211));
#6007=FACE_BOUND('',#6008,.T.);
#6008=EDGE_LOOP('',(#6009,#6010,#6011));
#6009=ORIENTED_EDGE('',*,*,#6012,.T.);
#6010=ORIENTED_EDGE('',*,*,#6013,.T.);
#6011=ORIENTED_EDGE('',*,*,#6014,.T.);
#6012=EDGE_CURVE('',#209,#107,#6015,.F.);
#6013=EDGE_CURVE('',#107,#213,#6016,.T.);
#6014=EDGE_CURVE('',#213,#209,#6017,.T.);
#6015=LINE('',#208,#6018);
#6016=LINE('',#106,#6019);
#6017=LINE('',#212,#6020);
#6018=VECTOR('',#6021,1.0);
#6019=VECTOR('',#6022,1.0);
#6020=VECTOR('',#6023,1.0);
#6021=DIRECTION('',(-0.006750811182313485,0.03248672491604119,0.9994493680285211));
#6022=DIRECTION('',(0,0,-1));
#6023=DIRECTION('',(0.2034557852242214,-0.9790841350255838,0));
#6024=FACE_SURFACE('',(#6029),#6025,.T.);
#6025=PLANE('',#6026);
#6026=AXIS2_PLACEMENT_3D('',#212,#6027,#6028);
#6027=DIRECTION('',(-0.9976687703821869,-0.06824239594339472,0));
#6028=DIRECTION('',(0,0,1));
#6029=FACE_BOUND('',#6030,.T.);
#6030=EDGE_LOOP('',(#6031,#6032,#6033));
#6031=ORIENTED_EDGE('',*,*,#6034,.T.);
#6032=ORIENTED_EDGE('',*,*,#6035,.T.);
#6033=ORIENTED_EDGE('',*,*,#6036,.T.);
#6034=EDGE_CURVE('',#213,#107,#6037,.F.);
#6035=EDGE_CURVE('',#107,#103,#6038,.T.);
#6036=EDGE_CURVE('',#103,#213,#6039,.T.);
#6037=LINE('',#212,#6040);
#6038=LINE('',#106,#6041);
#6039=LINE('',#102,#6042);
#6040=VECTOR('',#6043,1.0);
#6041=VECTOR('',#6044,1.0);
#6042=VECTOR('',#6045,1.0);
#6043=DIRECTION('',(0,0,1));
#6044=DIRECTION('',(-0.06824239594339472,0.997668770382187,0));
#6045=DIRECTION('',(0.0022643331007255424,-0.033103386671979734,-0.9994493676952596));
#6046=FACE_SURFACE('',(#6051),#6047,.T.);
#6047=PLANE('',#6048);
#6048=AXIS2_PLACEMENT_3D('',#212,#6049,#6050);
#6049=DIRECTION('',(-0.9976687703821869,-0.06824239594339472,0));
#6050=DIRECTION('',(-0.0022643331007255424,0.033103386671979734,0.9994493676952596));
#6051=FACE_BOUND('',#6052,.T.);
#6052=EDGE_LOOP('',(#6053,#6054,#6055));
#6053=ORIENTED_EDGE('',*,*,#6056,.T.);
#6054=ORIENTED_EDGE('',*,*,#6057,.T.);
#6055=ORIENTED_EDGE('',*,*,#6058,.T.);
#6056=EDGE_CURVE('',#213,#103,#6059,.F.);
#6057=EDGE_CURVE('',#103,#217,#6060,.T.);
#6058=EDGE_CURVE('',#217,#213,#6061,.T.);
#6059=LINE('',#212,#6062);
#6060=LINE('',#102,#6063);
#6061=LINE('',#216,#6064);
#6062=VECTOR('',#6065,1.0);
#6063=VECTOR('',#6066,1.0);
#6064=VECTOR('',#6067,1.0);
#6065=DIRECTION('',(-0.0022643331007255424,0.033103386671979734,0.9994493676952596));
#6066=DIRECTION('',(0,0,-1));
#6067=DIRECTION('',(0.06824239594339472,-0.997668770382187,0));
#6068=FACE_SURFACE('',(#6073),#6069,.T.);
#6069=PLANE('',#6070);
#6070=AXIS2_PLACEMENT_3D('',#216,#6071,#6072);
#6071=DIRECTION('',(-0.9976687667665721,0.06824244880180418,0));
#6072=DIRECTION('',(0,0,1));
#6073=FACE_BOUND('',#6074,.T.);
#6074=EDGE_LOOP('',(#6075,#6076,#6077));
#6075=ORIENTED_EDGE('',*,*,#6078,.T.);
#6076=ORIENTED_EDGE('',*,*,#6079,.T.);
#6077=ORIENTED_EDGE('',*,*,#6080,.T.);
#6078=EDGE_CURVE('',#217,#103,#6081,.F.);
#6079=EDGE_CURVE('',#103,#99,#6082,.T.);
#6080=EDGE_CURVE('',#99,#217,#6083,.T.);
#6081=LINE('',#216,#6084);
#6082=LINE('',#102,#6085);
#6083=LINE('',#98,#6086);
#6084=VECTOR('',#6087,1.0);
#6085=VECTOR('',#6088,1.0);
#6086=VECTOR('',#6089,1.0);
#6087=DIRECTION('',(0,0,1));
#6088=DIRECTION('',(0.06824244880180418,0.9976687667665722,0));
#6089=DIRECTION('',(-0.0022643331026564956,-0.03310336093942027,-0.9994493685475592));
#6090=FACE_SURFACE('',(#6095),#6091,.T.);
#6091=PLANE('',#6092);
#6092=AXIS2_PLACEMENT_3D('',#100,#6093,#6094);
#6093=DIRECTION('',(0.9963974816539277,-0.0848060054106474,0));
#6094=DIRECTION('',(0,0,-1));
#6095=FACE_BOUND('',#6096,.T.);
#6096=EDGE_LOOP('',(#6097,#6098,#6099));
#6097=ORIENTED_EDGE('',*,*,#6100,.T.);
#6098=ORIENTED_EDGE('',*,*,#6101,.T.);
#6099=ORIENTED_EDGE('',*,*,#6102,.T.);
#6100=EDGE_CURVE('',#101,#215,#6103,.F.);
#6101=EDGE_CURVE('',#215,#97,#6104,.T.);
#6102=EDGE_CURVE('',#97,#101,#6105,.T.);
#6103=LINE('',#100,#6106);
#6104=LINE('',#214,#6107);
#6105=LINE('',#96,#6108);
#6106=VECTOR('',#6109,1.0);
#6107=VECTOR('',#6110,1.0);
#6108=VECTOR('',#6111,1.0);
#6109=DIRECTION('',(0,0,-1));
#6110=DIRECTION('',(0.002098658466646515,0.02465742845560019,0.9996937565347687));
#6111=DIRECTION('',(-0.0848060054106474,-0.9963974816539277,0));
#6112=FACE_SURFACE('',(#6117),#6113,.T.);
#6113=PLANE('',#6114);
#6114=AXIS2_PLACEMENT_3D('',#96,#6115,#6116);
#6115=DIRECTION('',(0.9963974816539277,-0.0848060054106474,0));
#6116=DIRECTION('',(-0.002098658466646515,-0.02465742845560019,-0.9996937565347687));
#6117=FACE_BOUND('',#6118,.T.);
#6118=EDGE_LOOP('',(#6119,#6120,#6121));
#6119=ORIENTED_EDGE('',*,*,#6122,.T.);
#6120=ORIENTED_EDGE('',*,*,#6123,.T.);
#6121=ORIENTED_EDGE('',*,*,#6124,.T.);
#6122=EDGE_CURVE('',#97,#215,#6125,.F.);
#6123=EDGE_CURVE('',#215,#219,#6126,.T.);
#6124=EDGE_CURVE('',#219,#97,#6127,.T.);
#6125=LINE('',#96,#6128);
#6126=LINE('',#214,#6129);
#6127=LINE('',#218,#6130);
#6128=VECTOR('',#6131,1.0);
#6129=VECTOR('',#6132,1.0);
#6130=VECTOR('',#6133,1.0);
#6131=DIRECTION('',(-0.002098658466646515,-0.02465742845560019,-0.9996937565347687));
#6132=DIRECTION('',(0.0848060054106474,0.9963974816539277,0));
#6133=DIRECTION('',(0,0,1));
#6134=FACE_SURFACE('',(#6139),#6135,.T.);
#6135=PLANE('',#6136);
#6136=AXIS2_PLACEMENT_3D('',#96,#6137,#6138);
#6137=DIRECTION('',(0.967732947080745,-0.25197806081961993,0));
#6138=DIRECTION('',(0,0,-1));
#6139=FACE_BOUND('',#6140,.T.);
#6140=EDGE_LOOP('',(#6141,#6142,#6143));
#6141=ORIENTED_EDGE('',*,*,#6144,.T.);
#6142=ORIENTED_EDGE('',*,*,#6145,.T.);
#6143=ORIENTED_EDGE('',*,*,#6146,.T.);
#6144=EDGE_CURVE('',#97,#219,#6147,.F.);
#6145=EDGE_CURVE('',#219,#93,#6148,.T.);
#6146=EDGE_CURVE('',#93,#97,#6149,.T.);
#6147=LINE('',#96,#6150);
#6148=LINE('',#218,#6151);
#6149=LINE('',#92,#6152);
#6150=VECTOR('',#6153,1.0);
#6151=VECTOR('',#6154,1.0);
#6152=VECTOR('',#6155,1.0);
#6153=DIRECTION('',(0,0,-1));
#6154=DIRECTION('',(0.006235596669624042,0.023948086282884407,0.999693756356196));
#6155=DIRECTION('',(-0.2519780608196199,-0.967732947080745,0));
#6156=FACE_SURFACE('',(#6161),#6157,.T.);
#6157=PLANE('',#6158);
#6158=AXIS2_PLACEMENT_3D('',#92,#6159,#6160);
#6159=DIRECTION('',(0.967732947080745,-0.25197806081961993,0));
#6160=DIRECTION('',(-0.006235596669624042,-0.023948086282884407,-0.999693756356196));
#6161=FACE_BOUND('',#6162,.T.);
#6162=EDGE_LOOP('',(#6163,#6164,#6165));
#6163=ORIENTED_EDGE('',*,*,#6166,.T.);
#6164=ORIENTED_EDGE('',*,*,#6167,.T.);
#6165=ORIENTED_EDGE('',*,*,#6168,.T.);
#6166=EDGE_CURVE('',#93,#219,#6169,.F.);
#6167=EDGE_CURVE('',#219,#223,#6170,.T.);
#6168=EDGE_CURVE('',#223,#93,#6171,.T.);
#6169=LINE('',#92,#6172);
#6170=LINE('',#218,#6173);
#6171=LINE('',#222,#6174);
#6172=VECTOR('',#6175,1.0);
#6173=VECTOR('',#6176,1.0);
#6174=VECTOR('',#6177,1.0);
#6175=DIRECTION('',(-0.006235596669624042,-0.023948086282884407,-0.999693756356196));
#6176=DIRECTION('',(0.2519780608196199,0.967732947080745,0));
#6177=DIRECTION('',(0,0,1));
#6178=FACE_SURFACE('',(#6183),#6179,.T.);
#6179=PLANE('',#6180);
#6180=AXIS2_PLACEMENT_3D('',#92,#6181,#6182);
#6181=DIRECTION('',(0.9112284982103828,-0.4119012309392272,0));
#6182=DIRECTION('',(0,0,-1));
#6183=FACE_BOUND('',#6184,.T.);
#6184=EDGE_LOOP('',(#6185,#6186,#6187));
#6185=ORIENTED_EDGE('',*,*,#6188,.T.);
#6186=ORIENTED_EDGE('',*,*,#6189,.T.);
#6187=ORIENTED_EDGE('',*,*,#6190,.T.);
#6188=EDGE_CURVE('',#93,#223,#6191,.F.);
#6189=EDGE_CURVE('',#223,#89,#6192,.T.);
#6190=EDGE_CURVE('',#89,#93,#6193,.T.);
#6191=LINE('',#92,#6194);
#6192=LINE('',#222,#6195);
#6193=LINE('',#88,#6196);
#6194=VECTOR('',#6197,1.0);
#6195=VECTOR('',#6198,1.0);
#6196=VECTOR('',#6199,1.0);
#6197=DIRECTION('',(0,0,-1));
#6198=DIRECTION('',(0.010193144408497425,0.02254978371930887,0.9996937566381416));
#6199=DIRECTION('',(-0.4119012309392272,-0.9112284982103828,0));
#6200=FACE_SURFACE('',(#6205),#6201,.T.);
#6201=PLANE('',#6202);
#6202=AXIS2_PLACEMENT_3D('',#88,#6203,#6204);
#6203=DIRECTION('',(0.9112284982103828,-0.4119012309392272,0));
#6204=DIRECTION('',(-0.010193144408497425,-0.02254978371930887,-0.9996937566381416));
#6205=FACE_BOUND('',#6206,.T.);
#6206=EDGE_LOOP('',(#6207,#6208,#6209));
#6207=ORIENTED_EDGE('',*,*,#6210,.T.);
#6208=ORIENTED_EDGE('',*,*,#6211,.T.);
#6209=ORIENTED_EDGE('',*,*,#6212,.T.);
#6210=EDGE_CURVE('',#89,#223,#6213,.F.);
#6211=EDGE_CURVE('',#223,#247,#6214,.T.);
#6212=EDGE_CURVE('',#247,#89,#6215,.T.);
#6213=LINE('',#88,#6216);
#6214=LINE('',#222,#6217);
#6215=LINE('',#246,#6218);
#6216=VECTOR('',#6219,1.0);
#6217=VECTOR('',#6220,1.0);
#6218=VECTOR('',#6221,1.0);
#6219=DIRECTION('',(-0.010193144408497425,-0.02254978371930887,-0.9996937566381416));
#6220=DIRECTION('',(0.4119012309392272,0.9112284982103828,0));
#6221=DIRECTION('',(0,0,1));
#6222=FACE_SURFACE('',(#6227),#6223,.T.);
#6223=PLANE('',#6224);
#6224=AXIS2_PLACEMENT_3D('',#88,#6225,#6226);
#6225=DIRECTION('',(0.8285094705896975,-0.5599750504649106,0));
#6226=DIRECTION('',(0,0,-1));
#6227=FACE_BOUND('',#6228,.T.);
#6228=EDGE_LOOP('',(#6229,#6230,#6231));
#6229=ORIENTED_EDGE('',*,*,#6232,.T.);
#6230=ORIENTED_EDGE('',*,*,#6233,.T.);
#6231=ORIENTED_EDGE('',*,*,#6234,.T.);
#6232=EDGE_CURVE('',#89,#247,#6235,.F.);
#6233=EDGE_CURVE('',#247,#123,#6236,.T.);
#6234=EDGE_CURVE('',#123,#89,#6237,.T.);
#6235=LINE('',#88,#6238);
#6236=LINE('',#246,#6239);
#6237=LINE('',#122,#6240);
#6238=VECTOR('',#6241,1.0);
#6239=VECTOR('',#6242,1.0);
#6240=VECTOR('',#6243,1.0);
#6241=DIRECTION('',(0,0,-1));
#6242=DIRECTION('',(0.013857462683867254,0.02050276894014366,0.9996937567043982));
#6243=DIRECTION('',(-0.5599750504649106,-0.8285094705896975,0));
#6244=FACE_SURFACE('',(#6249),#6245,.T.);
#6245=PLANE('',#6246);
#6246=AXIS2_PLACEMENT_3D('',#122,#6247,#6248);
#6247=DIRECTION('',(0.8285094705896975,-0.5599750504649106,0));
#6248=DIRECTION('',(-0.013857462683867254,-0.02050276894014366,-0.9996937567043982));
#6249=FACE_BOUND('',#6250,.T.);
#6250=EDGE_LOOP('',(#6251,#6252,#6253));
#6251=ORIENTED_EDGE('',*,*,#6254,.T.);
#6252=ORIENTED_EDGE('',*,*,#6255,.T.);
#6253=ORIENTED_EDGE('',*,*,#6256,.T.);
#6254=EDGE_CURVE('',#123,#247,#6257,.F.);
#6255=EDGE_CURVE('',#247,#251,#6258,.T.);
#6256=EDGE_CURVE('',#251,#123,#6259,.T.);
#6257=LINE('',#122,#6260);
#6258=LINE('',#246,#6261);
#6259=LINE('',#250,#6262);
#6260=VECTOR('',#6263,1.0);
#6261=VECTOR('',#6264,1.0);
#6262=VECTOR('',#6265,1.0);
#6263=DIRECTION('',(-0.013857462683867254,-0.02050276894014366,-0.9996937567043982));
#6264=DIRECTION('',(0.5599750504649106,0.8285094705896975,0));
#6265=DIRECTION('',(0,0,1));
#6266=FACE_SURFACE('',(#6271),#6267,.T.);
#6267=PLANE('',#6268);
#6268=AXIS2_PLACEMENT_3D('',#122,#6269,#6270);
#6269=DIRECTION('',(0.7219558901433418,-0.6919390816302653,0));
#6270=DIRECTION('',(0,0,-1));
#6271=FACE_BOUND('',#6272,.T.);
#6272=EDGE_LOOP('',(#6273,#6274,#6275));
#6273=ORIENTED_EDGE('',*,*,#6276,.T.);
#6274=ORIENTED_EDGE('',*,*,#6277,.T.);
#6275=ORIENTED_EDGE('',*,*,#6278,.T.);
#6276=EDGE_CURVE('',#123,#251,#6279,.F.);
#6277=EDGE_CURVE('',#251,#119,#6280,.T.);
#6278=EDGE_CURVE('',#119,#123,#6281,.T.);
#6279=LINE('',#122,#6282);
#6280=LINE('',#250,#6283);
#6281=LINE('',#118,#6284);
#6282=VECTOR('',#6285,1.0);
#6283=VECTOR('',#6286,1.0);
#6284=VECTOR('',#6287,1.0);
#6285=DIRECTION('',(0,0,-1));
#6286=DIRECTION('',(0.017123131889385194,0.017865945505082182,0.9996937562801461));
#6287=DIRECTION('',(-0.6919390816302653,-0.7219558901433417,0));
#6288=FACE_SURFACE('',(#6293),#6289,.T.);
#6289=PLANE('',#6290);
#6290=AXIS2_PLACEMENT_3D('',#118,#6291,#6292);
#6291=DIRECTION('',(0.7219558901433418,-0.6919390816302653,0));
#6292=DIRECTION('',(-0.017123131889385194,-0.017865945505082182,-0.9996937562801461));
#6293=FACE_BOUND('',#6294,.T.);
#6294=EDGE_LOOP('',(#6295,#6296,#6297));
#6295=ORIENTED_EDGE('',*,*,#6298,.T.);
#6296=ORIENTED_EDGE('',*,*,#6299,.T.);
#6297=ORIENTED_EDGE('',*,*,#6300,.T.);
#6298=EDGE_CURVE('',#119,#251,#6301,.F.);
#6299=EDGE_CURVE('',#251,#255,#6302,.T.);
#6300=EDGE_CURVE('',#255,#119,#6303,.T.);
#6301=LINE('',#118,#6304);
#6302=LINE('',#250,#6305);
#6303=LINE('',#254,#6306);
#6304=VECTOR('',#6307,1.0);
#6305=VECTOR('',#6308,1.0);
#6306=VECTOR('',#6309,1.0);
#6307=DIRECTION('',(-0.017123131889385194,-0.017865945505082182,-0.9996937562801461));
#6308=DIRECTION('',(0.6919390816302653,0.7219558901433417,0));
#6309=DIRECTION('',(0,0,1));
#6310=FACE_SURFACE('',(#6315),#6311,.T.);
#6311=PLANE('',#6312);
#6312=AXIS2_PLACEMENT_3D('',#118,#6313,#6314);
#6313=DIRECTION('',(0.5946335197617554,-0.8039968763470079,0));
#6314=DIRECTION('',(0,0,-1));
#6315=FACE_BOUND('',#6316,.T.);
#6316=EDGE_LOOP('',(#6317,#6318,#6319));
#6317=ORIENTED_EDGE('',*,*,#6320,.T.);
#6318=ORIENTED_EDGE('',*,*,#6321,.T.);
#6319=ORIENTED_EDGE('',*,*,#6322,.T.);
#6320=EDGE_CURVE('',#119,#255,#6323,.F.);
#6321=EDGE_CURVE('',#255,#115,#6324,.T.);
#6322=EDGE_CURVE('',#115,#119,#6325,.T.);
#6323=LINE('',#118,#6326);
#6324=LINE('',#254,#6327);
#6325=LINE('',#114,#6328);
#6326=VECTOR('',#6329,1.0);
#6327=VECTOR('',#6330,1.0);
#6328=VECTOR('',#6331,1.0);
#6329=DIRECTION('',(0,0,-1));
#6330=DIRECTION('',(0.01989617303127856,0.014715145975606764,0.9996937564962712));
#6331=DIRECTION('',(-0.803996876347008,-0.5946335197617554,0));
#6332=FACE_SURFACE('',(#6337),#6333,.T.);
#6333=PLANE('',#6334);
#6334=AXIS2_PLACEMENT_3D('',#114,#6335,#6336);
#6335=DIRECTION('',(0.5946335197617554,-0.8039968763470079,0));
#6336=DIRECTION('',(-0.01989617303127856,-0.014715145975606764,-0.9996937564962712));
#6337=FACE_BOUND('',#6338,.T.);
#6338=EDGE_LOOP('',(#6339,#6340,#6341));
#6339=ORIENTED_EDGE('',*,*,#6342,.T.);
#6340=ORIENTED_EDGE('',*,*,#6343,.T.);
#6341=ORIENTED_EDGE('',*,*,#6344,.T.);
#6342=EDGE_CURVE('',#115,#255,#6345,.F.);
#6343=EDGE_CURVE('',#255,#225,#6346,.T.);
#6344=EDGE_CURVE('',#225,#115,#6347,.T.);
#6345=LINE('',#114,#6348);
#6346=LINE('',#254,#6349);
#6347=LINE('',#224,#6350);
#6348=VECTOR('',#6351,1.0);
#6349=VECTOR('',#6352,1.0);
#6350=VECTOR('',#6353,1.0);
#6351=DIRECTION('',(-0.01989617303127856,-0.014715145975606764,-0.9996937564962712));
#6352=DIRECTION('',(0.803996876347008,0.5946335197617554,0));
#6353=DIRECTION('',(0,0,1));
#6354=FACE_SURFACE('',(#6359),#6355,.T.);
#6355=PLANE('',#6356);
#6356=AXIS2_PLACEMENT_3D('',#114,#6357,#6358);
#6357=DIRECTION('',(0.4502034039292017,-0.8929260300218379,0));
#6358=DIRECTION('',(0,0,-1));
#6359=FACE_BOUND('',#6360,.T.);
#6360=EDGE_LOOP('',(#6361,#6362,#6363));
#6361=ORIENTED_EDGE('',*,*,#6364,.T.);
#6362=ORIENTED_EDGE('',*,*,#6365,.T.);
#6363=ORIENTED_EDGE('',*,*,#6366,.T.);
#6364=EDGE_CURVE('',#115,#225,#6367,.F.);
#6365=EDGE_CURVE('',#225,#111,#6368,.T.);
#6366=EDGE_CURVE('',#111,#115,#6369,.T.);
#6367=LINE('',#114,#6370);
#6368=LINE('',#224,#6371);
#6369=LINE('',#110,#6372);
#6370=VECTOR('',#6373,1.0);
#6371=VECTOR('',#6374,1.0);
#6372=VECTOR('',#6375,1.0);
#6373=DIRECTION('',(0,0,-1));
#6374=DIRECTION('',(0.022096862726631163,0.011140993185563598,0.9996937565717211));
#6375=DIRECTION('',(-0.8929260300218379,-0.4502034039292017,0));
#6376=FACE_SURFACE('',(#6381),#6377,.T.);
#6377=PLANE('',#6378);
#6378=AXIS2_PLACEMENT_3D('',#110,#6379,#6380);
#6379=DIRECTION('',(0.4502034039292017,-0.8929260300218379,0));
#6380=DIRECTION('',(-0.022096862726631163,-0.011140993185563598,-0.9996937565717211));
#6381=FACE_BOUND('',#6382,.T.);
#6382=EDGE_LOOP('',(#6383,#6384,#6385));
#6383=ORIENTED_EDGE('',*,*,#6386,.T.);
#6384=ORIENTED_EDGE('',*,*,#6387,.T.);
#6385=ORIENTED_EDGE('',*,*,#6388,.T.);
#6386=EDGE_CURVE('',#111,#225,#6389,.F.);
#6387=EDGE_CURVE('',#225,#229,#6390,.T.);
#6388=EDGE_CURVE('',#229,#111,#6391,.T.);
#6389=LINE('',#110,#6392);
#6390=LINE('',#224,#6393);
#6391=LINE('',#228,#6394);
#6392=VECTOR('',#6395,1.0);
#6393=VECTOR('',#6396,1.0);
#6394=VECTOR('',#6397,1.0);
#6395=DIRECTION('',(-0.022096862726631163,-0.011140993185563598,-0.9996937565717211));
#6396=DIRECTION('',(0.8929260300218379,0.4502034039292017,0));
#6397=DIRECTION('',(0,0,1));
#6398=FACE_SURFACE('',(#6403),#6399,.T.);
#6399=PLANE('',#6400);
#6400=AXIS2_PLACEMENT_3D('',#110,#6401,#6402);
#6401=DIRECTION('',(0.29282329629234166,-0.9561665739548143,0));
#6402=DIRECTION('',(0,0,-1));
#6403=FACE_BOUND('',#6404,.T.);
#6404=EDGE_LOOP('',(#6405,#6406,#6407));
#6405=ORIENTED_EDGE('',*,*,#6408,.T.);
#6406=ORIENTED_EDGE('',*,*,#6409,.T.);
#6407=ORIENTED_EDGE('',*,*,#6410,.T.);
#6408=EDGE_CURVE('',#111,#229,#6411,.F.);
#6409=EDGE_CURVE('',#229,#141,#6412,.T.);
#6410=EDGE_CURVE('',#141,#111,#6413,.T.);
#6411=LINE('',#110,#6414);
#6412=LINE('',#228,#6415);
#6413=LINE('',#140,#6416);
#6414=VECTOR('',#6417,1.0);
#6415=VECTOR('',#6418,1.0);
#6416=VECTOR('',#6419,1.0);
#6417=DIRECTION('',(0,0,-1));
#6418=DIRECTION('',(0.02366185258806339,0.007246375119098892,0.9996937564973256));
#6419=DIRECTION('',(-0.9561665739548143,-0.29282329629234166,0));
#6420=FACE_SURFACE('',(#6425),#6421,.T.);
#6421=PLANE('',#6422);
#6422=AXIS2_PLACEMENT_3D('',#140,#6423,#6424);
#6423=DIRECTION('',(0.29282329629234166,-0.9561665739548143,0));
#6424=DIRECTION('',(-0.02366185258806339,-0.007246375119098892,-0.9996937564973256));
#6425=FACE_BOUND('',#6426,.T.);
#6426=EDGE_LOOP('',(#6427,#6428,#6429));
#6427=ORIENTED_EDGE('',*,*,#6430,.T.);
#6428=ORIENTED_EDGE('',*,*,#6431,.T.);
#6429=ORIENTED_EDGE('',*,*,#6432,.T.);
#6430=EDGE_CURVE('',#141,#229,#6433,.F.);
#6431=EDGE_CURVE('',#229,#233,#6434,.T.);
#6432=EDGE_CURVE('',#233,#141,#6435,.T.);
#6433=LINE('',#140,#6436);
#6434=LINE('',#228,#6437);
#6435=LINE('',#232,#6438);
#6436=VECTOR('',#6439,1.0);
#6437=VECTOR('',#6440,1.0);
#6438=VECTOR('',#6441,1.0);
#6439=DIRECTION('',(-0.02366185258806339,-0.007246375119098892,-0.9996937564973256));
#6440=DIRECTION('',(0.9561665739548143,0.29282329629234166,0));
#6441=DIRECTION('',(0,0,1));
#6442=FACE_SURFACE('',(#6447),#6443,.T.);
#6443=PLANE('',#6444);
#6444=AXIS2_PLACEMENT_3D('',#140,#6445,#6446);
#6445=DIRECTION('',(0.12701756259903144,-0.991900468187913,0));
#6446=DIRECTION('',(0,0,-1));
#6447=FACE_BOUND('',#6448,.T.);
#6448=EDGE_LOOP('',(#6449,#6450,#6451));
#6449=ORIENTED_EDGE('',*,*,#6452,.T.);
#6450=ORIENTED_EDGE('',*,*,#6453,.T.);
#6451=ORIENTED_EDGE('',*,*,#6454,.T.);
#6452=EDGE_CURVE('',#141,#233,#6455,.F.);
#6453=EDGE_CURVE('',#233,#137,#6456,.T.);
#6454=EDGE_CURVE('',#137,#141,#6457,.T.);
#6455=LINE('',#140,#6458);
#6456=LINE('',#232,#6459);
#6457=LINE('',#136,#6460);
#6458=VECTOR('',#6461,1.0);
#6459=VECTOR('',#6462,1.0);
#6460=VECTOR('',#6463,1.0);
#6461=DIRECTION('',(0,0,-1));
#6462=DIRECTION('',(0.0245461404035188,0.0031432497768293286,0.9996937565935536));
#6463=DIRECTION('',(-0.991900468187913,-0.12701756259903146,0));
#6464=FACE_SURFACE('',(#6469),#6465,.T.);
#6465=PLANE('',#6466);
#6466=AXIS2_PLACEMENT_3D('',#136,#6467,#6468);
#6467=DIRECTION('',(0.12701756259903144,-0.991900468187913,0));
#6468=DIRECTION('',(-0.0245461404035188,-0.0031432497768293286,-0.9996937565935536));
#6469=FACE_BOUND('',#6470,.T.);
#6470=EDGE_LOOP('',(#6471,#6472,#6473));
#6471=ORIENTED_EDGE('',*,*,#6474,.T.);
#6472=ORIENTED_EDGE('',*,*,#6475,.T.);
#6473=ORIENTED_EDGE('',*,*,#6476,.T.);
#6474=EDGE_CURVE('',#137,#233,#6477,.F.);
#6475=EDGE_CURVE('',#233,#237,#6478,.T.);
#6476=EDGE_CURVE('',#237,#137,#6479,.T.);
#6477=LINE('',#136,#6480);
#6478=LINE('',#232,#6481);
#6479=LINE('',#236,#6482);
#6480=VECTOR('',#6483,1.0);
#6481=VECTOR('',#6484,1.0);
#6482=VECTOR('',#6485,1.0);
#6483=DIRECTION('',(-0.0245461404035188,-0.0031432497768293286,-0.9996937565935536));
#6484=DIRECTION('',(0.991900468187913,0.12701756259903146,0));
#6485=DIRECTION('',(0,0,1));
#6486=FACE_SURFACE('',(#6491),#6487,.T.);
#6487=PLANE('',#6488);
#6488=AXIS2_PLACEMENT_3D('',#136,#6489,#6490);
#6489=DIRECTION('',(-0.04244085590218876,-0.9990989809574873,-0));
#6490=DIRECTION('',(0,0,-1));
#6491=FACE_BOUND('',#6492,.T.);
#6492=EDGE_LOOP('',(#6493,#6494,#6495));
#6493=ORIENTED_EDGE('',*,*,#6496,.T.);
#6494=ORIENTED_EDGE('',*,*,#6497,.T.);
#6495=ORIENTED_EDGE('',*,*,#6498,.T.);
#6496=EDGE_CURVE('',#137,#237,#6499,.F.);
#6497=EDGE_CURVE('',#237,#133,#6500,.T.);
#6498=EDGE_CURVE('',#133,#137,#6501,.T.);
#6499=LINE('',#136,#6502);
#6500=LINE('',#236,#6503);
#6501=LINE('',#132,#6504);
#6502=VECTOR('',#6505,1.0);
#6503=VECTOR('',#6506,1.0);
#6504=VECTOR('',#6507,1.0);
#6505=DIRECTION('',(0,0,-1));
#6506=DIRECTION('',(0.024724294041436987,-0.0010502665108219353,0.999693756219578));
#6507=DIRECTION('',(-0.9990989809574873,0.04244085590218876,0));
#6508=FACE_SURFACE('',(#6513),#6509,.T.);
#6509=PLANE('',#6510);
#6510=AXIS2_PLACEMENT_3D('',#132,#6511,#6512);
#6511=DIRECTION('',(-0.04244085590218876,-0.9990989809574873,-0));
#6512=DIRECTION('',(-0.024724294041436987,0.0010502665108219353,-0.999693756219578));
#6513=FACE_BOUND('',#6514,.T.);
#6514=EDGE_LOOP('',(#6515,#6516,#6517));
#6515=ORIENTED_EDGE('',*,*,#6518,.T.);
#6516=ORIENTED_EDGE('',*,*,#6519,.T.);
#6517=ORIENTED_EDGE('',*,*,#6520,.T.);
#6518=EDGE_CURVE('',#133,#237,#6521,.F.);
#6519=EDGE_CURVE('',#237,#241,#6522,.T.);
#6520=EDGE_CURVE('',#241,#133,#6523,.T.);
#6521=LINE('',#132,#6524);
#6522=LINE('',#236,#6525);
#6523=LINE('',#240,#6526);
#6524=VECTOR('',#6527,1.0);
#6525=VECTOR('',#6528,1.0);
#6526=VECTOR('',#6529,1.0);
#6527=DIRECTION('',(-0.024724294041436987,0.0010502665108219353,-0.999693756219578));
#6528=DIRECTION('',(0.9990989809574873,-0.04244085590218876,0));
#6529=DIRECTION('',(0,0,1));
#6530=FACE_SURFACE('',(#6535),#6531,.T.);
#6531=PLANE('',#6532);
#6532=AXIS2_PLACEMENT_3D('',#132,#6533,#6534);
#6533=DIRECTION('',(-0.2106799841971472,-0.9775550850252327,-0));
#6534=DIRECTION('',(0,0,-1));
#6535=FACE_BOUND('',#6536,.T.);
#6536=EDGE_LOOP('',(#6537,#6538,#6539));
#6537=ORIENTED_EDGE('',*,*,#6540,.T.);
#6538=ORIENTED_EDGE('',*,*,#6541,.T.);
#6539=ORIENTED_EDGE('',*,*,#6542,.T.);
#6540=EDGE_CURVE('',#133,#241,#6543,.F.);
#6541=EDGE_CURVE('',#241,#129,#6544,.T.);
#6542=EDGE_CURVE('',#129,#133,#6545,.T.);
#6543=LINE('',#132,#6546);
#6544=LINE('',#240,#6547);
#6545=LINE('',#128,#6548);
#6546=VECTOR('',#6549,1.0);
#6547=VECTOR('',#6550,1.0);
#6548=VECTOR('',#6551,1.0);
#6549=DIRECTION('',(0,0,-1));
#6550=DIRECTION('',(0.02419114722703813,-0.005213609538302081,0.9996937564431528));
#6551=DIRECTION('',(-0.9775550850252327,0.2106799841971472,0));
#6552=FACE_SURFACE('',(#6557),#6553,.T.);
#6553=PLANE('',#6554);
#6554=AXIS2_PLACEMENT_3D('',#128,#6555,#6556);
#6555=DIRECTION('',(-0.2106799841971472,-0.9775550850252327,-0));
#6556=DIRECTION('',(-0.02419114722703813,0.005213609538302081,-0.9996937564431528));
#6557=FACE_BOUND('',#6558,.T.);
#6558=EDGE_LOOP('',(#6559,#6560,#6561));
#6559=ORIENTED_EDGE('',*,*,#6562,.T.);
#6560=ORIENTED_EDGE('',*,*,#6563,.T.);
#6561=ORIENTED_EDGE('',*,*,#6564,.T.);
#6562=EDGE_CURVE('',#129,#241,#6565,.F.);
#6563=EDGE_CURVE('',#241,#357,#6566,.T.);
#6564=EDGE_CURVE('',#357,#129,#6567,.T.);
#6565=LINE('',#128,#6568);
#6566=LINE('',#240,#6569);
#6567=LINE('',#356,#6570);
#6568=VECTOR('',#6571,1.0);
#6569=VECTOR('',#6572,1.0);
#6570=VECTOR('',#6573,1.0);
#6571=DIRECTION('',(-0.02419114722703813,0.005213609538302081,-0.9996937564431528));
#6572=DIRECTION('',(0.9775550850252327,-0.2106799841971472,0));
#6573=DIRECTION('',(0,0,1));
#6574=FACE_SURFACE('',(#6579),#6575,.T.);
#6575=PLANE('',#6576);
#6576=AXIS2_PLACEMENT_3D('',#128,#6577,#6578);
#6577=DIRECTION('',(-0.37285602589706973,-0.9278892088780015,-0));
#6578=DIRECTION('',(0,0,-1));
#6579=FACE_BOUND('',#6580,.T.);
#6580=EDGE_LOOP('',(#6581,#6582,#6583));
#6581=ORIENTED_EDGE('',*,*,#6584,.T.);
#6582=ORIENTED_EDGE('',*,*,#6585,.T.);
#6583=ORIENTED_EDGE('',*,*,#6586,.T.);
#6584=EDGE_CURVE('',#129,#357,#6587,.F.);
#6585=EDGE_CURVE('',#357,#159,#6588,.T.);
#6586=EDGE_CURVE('',#159,#129,#6589,.T.);
#6587=LINE('',#128,#6590);
#6588=LINE('',#356,#6591);
#6589=LINE('',#158,#6592);
#6590=VECTOR('',#6593,1.0);
#6591=VECTOR('',#6594,1.0);
#6592=VECTOR('',#6595,1.0);
#6593=DIRECTION('',(0,0,-1));
#6594=DIRECTION('',(0.022962082893873973,-0.009226910812425024,0.999693756540489));
#6595=DIRECTION('',(-0.9278892088780016,0.37285602589706973,0));
#6596=FACE_SURFACE('',(#6601),#6597,.T.);
#6597=PLANE('',#6598);
#6598=AXIS2_PLACEMENT_3D('',#158,#6599,#6600);
#6599=DIRECTION('',(-0.37285602589706973,-0.9278892088780015,-0));
#6600=DIRECTION('',(-0.022962082893873973,0.009226910812425024,-0.999693756540489));
#6601=FACE_BOUND('',#6602,.T.);
#6602=EDGE_LOOP('',(#6603,#6604,#6605));
#6603=ORIENTED_EDGE('',*,*,#6606,.T.);
#6604=ORIENTED_EDGE('',*,*,#6607,.T.);
#6605=ORIENTED_EDGE('',*,*,#6608,.T.);
#6606=EDGE_CURVE('',#159,#357,#6609,.F.);
#6607=EDGE_CURVE('',#357,#361,#6610,.T.);
#6608=EDGE_CURVE('',#361,#159,#6611,.T.);
#6609=LINE('',#158,#6612);
#6610=LINE('',#356,#6613);
#6611=LINE('',#360,#6614);
#6612=VECTOR('',#6615,1.0);
#6613=VECTOR('',#6616,1.0);
#6614=VECTOR('',#6617,1.0);
#6615=DIRECTION('',(-0.022962082893873973,0.009226910812425024,-0.999693756540489));
#6616=DIRECTION('',(0.9278892088780016,-0.37285602589706973,0));
#6617=DIRECTION('',(0,0,1));
#6618=FACE_SURFACE('',(#6623),#6619,.T.);
#6619=PLANE('',#6620);
#6620=AXIS2_PLACEMENT_3D('',#158,#6621,#6622);
#6621=DIRECTION('',(-0.5243073645524886,-0.8515290878625486,-0));
#6622=DIRECTION('',(0,0,-1));
#6623=FACE_BOUND('',#6624,.T.);
#6624=EDGE_LOOP('',(#6625,#6626,#6627));
#6625=ORIENTED_EDGE('',*,*,#6628,.T.);
#6626=ORIENTED_EDGE('',*,*,#6629,.T.);
#6627=ORIENTED_EDGE('',*,*,#6630,.T.);
#6628=EDGE_CURVE('',#159,#361,#6631,.F.);
#6629=EDGE_CURVE('',#361,#155,#6632,.T.);
#6630=EDGE_CURVE('',#155,#159,#6633,.T.);
#6631=LINE('',#158,#6634);
#6632=LINE('',#360,#6635);
#6633=LINE('',#154,#6636);
#6634=VECTOR('',#6637,1.0);
#6635=VECTOR('',#6638,1.0);
#6636=VECTOR('',#6639,1.0);
#6637=DIRECTION('',(0,0,-1));
#6638=DIRECTION('',(0.02107242772272899,-0.012974811079865593,0.9996937566411587));
#6639=DIRECTION('',(-0.8515290878625484,0.5243073645524886,0));
#6640=FACE_SURFACE('',(#6645),#6641,.T.);
#6641=PLANE('',#6642);
#6642=AXIS2_PLACEMENT_3D('',#154,#6643,#6644);
#6643=DIRECTION('',(-0.5243073645524886,-0.8515290878625486,-0));
#6644=DIRECTION('',(-0.02107242772272899,0.012974811079865593,-0.9996937566411587));
#6645=FACE_BOUND('',#6646,.T.);
#6646=EDGE_LOOP('',(#6647,#6648,#6649));
#6647=ORIENTED_EDGE('',*,*,#6650,.T.);
#6648=ORIENTED_EDGE('',*,*,#6651,.T.);
#6649=ORIENTED_EDGE('',*,*,#6652,.T.);
#6650=EDGE_CURVE('',#155,#361,#6653,.F.);
#6651=EDGE_CURVE('',#361,#365,#6654,.T.);
#6652=EDGE_CURVE('',#365,#155,#6655,.T.);
#6653=LINE('',#154,#6656);
#6654=LINE('',#360,#6657);
#6655=LINE('',#364,#6658);
#6656=VECTOR('',#6659,1.0);
#6657=VECTOR('',#6660,1.0);
#6658=VECTOR('',#6661,1.0);
#6659=DIRECTION('',(-0.02107242772272899,0.012974811079865593,-0.9996937566411587));
#6660=DIRECTION('',(0.8515290878625484,-0.5243073645524886,0));
#6661=DIRECTION('',(0,0,1));
#6662=FACE_SURFACE('',(#6667),#6663,.T.);
#6663=PLANE('',#6664);
#6664=AXIS2_PLACEMENT_3D('',#154,#6665,#6666);
#6665=DIRECTION('',(-0.6606748619753905,-0.7506721832822891,-0));
#6666=DIRECTION('',(0,0,-1));
#6667=FACE_BOUND('',#6668,.T.);
#6668=EDGE_LOOP('',(#6669,#6670,#6671));
#6669=ORIENTED_EDGE('',*,*,#6672,.T.);
#6670=ORIENTED_EDGE('',*,*,#6673,.T.);
#6671=ORIENTED_EDGE('',*,*,#6674,.T.);
#6672=EDGE_CURVE('',#155,#365,#6675,.F.);
#6673=EDGE_CURVE('',#365,#151,#6676,.T.);
#6674=EDGE_CURVE('',#151,#155,#6677,.T.);
#6675=LINE('',#154,#6678);
#6676=LINE('',#364,#6679);
#6677=LINE('',#150,#6680);
#6678=VECTOR('',#6681,1.0);
#6679=VECTOR('',#6682,1.0);
#6680=VECTOR('',#6683,1.0);
#6681=DIRECTION('',(0,0,-1));
#6682=DIRECTION('',(0.018576576027605974,-0.016349449302024626,0.9996937562726953));
#6683=DIRECTION('',(-0.7506721832822891,0.6606748619753905,0));
#6684=FACE_SURFACE('',(#6689),#6685,.T.);
#6685=PLANE('',#6686);
#6686=AXIS2_PLACEMENT_3D('',#150,#6687,#6688);
#6687=DIRECTION('',(-0.6606748619753905,-0.7506721832822891,-0));
#6688=DIRECTION('',(-0.018576576027605974,0.016349449302024626,-0.9996937562726953));
#6689=FACE_BOUND('',#6690,.T.);
#6690=EDGE_LOOP('',(#6691,#6692,#6693));
#6691=ORIENTED_EDGE('',*,*,#6694,.T.);
#6692=ORIENTED_EDGE('',*,*,#6695,.T.);
#6693=ORIENTED_EDGE('',*,*,#6696,.T.);
#6694=EDGE_CURVE('',#151,#365,#6697,.F.);
#6695=EDGE_CURVE('',#365,#315,#6698,.T.);
#6696=EDGE_CURVE('',#315,#151,#6699,.T.);
#6697=LINE('',#150,#6700);
#6698=LINE('',#364,#6701);
#6699=LINE('',#314,#6702);
#6700=VECTOR('',#6703,1.0);
#6701=VECTOR('',#6704,1.0);
#6702=VECTOR('',#6705,1.0);
#6703=DIRECTION('',(-0.018576576027605974,0.016349449302024626,-0.9996937562726953));
#6704=DIRECTION('',(0.7506721832822891,-0.6606748619753905,0));
#6705=DIRECTION('',(0,0,1));
#6706=FACE_SURFACE('',(#6711),#6707,.T.);
#6707=PLANE('',#6708);
#6708=AXIS2_PLACEMENT_3D('',#150,#6709,#6710);
#6709=DIRECTION('',(-0.7780356631491384,-0.6282201102066698,-0));
#6710=DIRECTION('',(0,0,-1));
#6711=FACE_BOUND('',#6712,.T.);
#6712=EDGE_LOOP('',(#6713,#6714,#6715));
#6713=ORIENTED_EDGE('',*,*,#6716,.T.);
#6714=ORIENTED_EDGE('',*,*,#6717,.T.);
#6715=ORIENTED_EDGE('',*,*,#6718,.T.);
#6716=EDGE_CURVE('',#151,#315,#6719,.F.);
#6717=EDGE_CURVE('',#315,#147,#6720,.T.);
#6718=EDGE_CURVE('',#147,#151,#6721,.T.);
#6719=LINE('',#150,#6722);
#6720=LINE('',#314,#6723);
#6721=LINE('',#146,#6724);
#6722=VECTOR('',#6725,1.0);
#6723=VECTOR('',#6726,1.0);
#6724=VECTOR('',#6727,1.0);
#6725=DIRECTION('',(0,0,-1));
#6726=DIRECTION('',(0.01554628917564128,-0.019253709347666657,0.9996937568921909));
#6727=DIRECTION('',(-0.6282201102066698,0.7780356631491384,0));
#6728=FACE_SURFACE('',(#6733),#6729,.T.);
#6729=PLANE('',#6730);
#6730=AXIS2_PLACEMENT_3D('',#146,#6731,#6732);
#6731=DIRECTION('',(-0.7780356631491384,-0.6282201102066698,-0));
#6732=DIRECTION('',(-0.01554628917564128,0.019253709347666657,-0.9996937568921909));
#6733=FACE_BOUND('',#6734,.T.);
#6734=EDGE_LOOP('',(#6735,#6736,#6737));
#6735=ORIENTED_EDGE('',*,*,#6738,.T.);
#6736=ORIENTED_EDGE('',*,*,#6739,.T.);
#6737=ORIENTED_EDGE('',*,*,#6740,.T.);
#6738=EDGE_CURVE('',#147,#315,#6741,.F.);
#6739=EDGE_CURVE('',#315,#319,#6742,.T.);
#6740=EDGE_CURVE('',#319,#147,#6743,.T.);
#6741=LINE('',#146,#6744);
#6742=LINE('',#314,#6745);
#6743=LINE('',#318,#6746);
#6744=VECTOR('',#6747,1.0);
#6745=VECTOR('',#6748,1.0);
#6746=VECTOR('',#6749,1.0);
#6747=DIRECTION('',(-0.01554628917564128,0.019253709347666657,-0.9996937568921909));
#6748=DIRECTION('',(0.6282201102066698,-0.7780356631491384,0));
#6749=DIRECTION('',(0,0,1));
#6750=FACE_SURFACE('',(#6755),#6751,.T.);
#6751=PLANE('',#6752);
#6752=AXIS2_PLACEMENT_3D('',#146,#6753,#6754);
#6753=DIRECTION('',(-0.8730141693619946,-0.487694843209549,-0));
#6754=DIRECTION('',(0,0,-1));
#6755=FACE_BOUND('',#6756,.T.);
#6756=EDGE_LOOP('',(#6757,#6758,#6759));
#6757=ORIENTED_EDGE('',*,*,#6760,.T.);
#6758=ORIENTED_EDGE('',*,*,#6761,.T.);
#6759=ORIENTED_EDGE('',*,*,#6762,.T.);
#6760=EDGE_CURVE('',#147,#319,#6763,.F.);
#6761=EDGE_CURVE('',#319,#197,#6764,.T.);
#6762=EDGE_CURVE('',#197,#147,#6765,.T.);
#6763=LINE('',#146,#6766);
#6764=LINE('',#318,#6767);
#6765=LINE('',#196,#6768);
#6766=VECTOR('',#6769,1.0);
#6767=VECTOR('',#6770,1.0);
#6768=VECTOR('',#6771,1.0);
#6769=DIRECTION('',(0,0,-1));
#6770=DIRECTION('',(0.01206878872040317,-0.021604131572539636,0.9996937560262236));
#6771=DIRECTION('',(-0.487694843209549,0.8730141693619946,0));
#6772=FACE_SURFACE('',(#6777),#6773,.T.);
#6773=PLANE('',#6774);
#6774=AXIS2_PLACEMENT_3D('',#196,#6775,#6776);
#6775=DIRECTION('',(-0.8730141693619946,-0.487694843209549,-0));
#6776=DIRECTION('',(-0.01206878872040317,0.021604131572539636,-0.9996937560262236));
#6777=FACE_BOUND('',#6778,.T.);
#6778=EDGE_LOOP('',(#6779,#6780,#6781));
#6779=ORIENTED_EDGE('',*,*,#6782,.T.);
#6780=ORIENTED_EDGE('',*,*,#6783,.T.);
#6781=ORIENTED_EDGE('',*,*,#6784,.T.);
#6782=EDGE_CURVE('',#197,#319,#6785,.F.);
#6783=EDGE_CURVE('',#319,#323,#6786,.T.);
#6784=EDGE_CURVE('',#323,#197,#6787,.T.);
#6785=LINE('',#196,#6788);
#6786=LINE('',#318,#6789);
#6787=LINE('',#322,#6790);
#6788=VECTOR('',#6791,1.0);
#6789=VECTOR('',#6792,1.0);
#6790=VECTOR('',#6793,1.0);
#6791=DIRECTION('',(-0.01206878872040317,0.021604131572539636,-0.9996937560262236));
#6792=DIRECTION('',(0.487694843209549,-0.8730141693619946,0));
#6793=DIRECTION('',(0,0,1));
#6794=FACE_SURFACE('',(#6799),#6795,.T.);
#6795=PLANE('',#6796);
#6796=AXIS2_PLACEMENT_3D('',#196,#6797,#6798);
#6797=DIRECTION('',(-0.9428772871896636,-0.333140242693465,-0));
#6798=DIRECTION('',(0,0,-1));
#6799=FACE_BOUND('',#6800,.T.);
#6800=EDGE_LOOP('',(#6801,#6802,#6803));
#6801=ORIENTED_EDGE('',*,*,#6804,.T.);
#6802=ORIENTED_EDGE('',*,*,#6805,.T.);
#6803=ORIENTED_EDGE('',*,*,#6806,.T.);
#6804=EDGE_CURVE('',#197,#323,#6807,.F.);
#6805=EDGE_CURVE('',#323,#193,#6808,.T.);
#6806=EDGE_CURVE('',#193,#197,#6809,.T.);
#6807=LINE('',#196,#6810);
#6808=LINE('',#322,#6811);
#6809=LINE('',#192,#6812);
#6810=VECTOR('',#6813,1.0);
#6811=VECTOR('',#6814,1.0);
#6812=VECTOR('',#6815,1.0);
#6813=DIRECTION('',(0,0,-1));
#6814=DIRECTION('',(0.008244076773473448,-0.023332974367519847,0.9996937568602285));
#6815=DIRECTION('',(-0.333140242693465,0.9428772871896636,0));
#6816=FACE_SURFACE('',(#6821),#6817,.T.);
#6817=PLANE('',#6818);
#6818=AXIS2_PLACEMENT_3D('',#192,#6819,#6820);
#6819=DIRECTION('',(-0.9428772871896636,-0.333140242693465,-0));
#6820=DIRECTION('',(-0.008244076773473448,0.023332974367519847,-0.9996937568602285));
#6821=FACE_BOUND('',#6822,.T.);
#6822=EDGE_LOOP('',(#6823,#6824,#6825));
#6823=ORIENTED_EDGE('',*,*,#6826,.T.);
#6824=ORIENTED_EDGE('',*,*,#6827,.T.);
#6825=ORIENTED_EDGE('',*,*,#6828,.T.);
#6826=EDGE_CURVE('',#193,#323,#6829,.F.);
#6827=EDGE_CURVE('',#323,#327,#6830,.T.);
#6828=EDGE_CURVE('',#327,#193,#6831,.T.);
#6829=LINE('',#192,#6832);
#6830=LINE('',#322,#6833);
#6831=LINE('',#326,#6834);
#6832=VECTOR('',#6835,1.0);
#6833=VECTOR('',#6836,1.0);
#6834=VECTOR('',#6837,1.0);
#6835=DIRECTION('',(-0.008244076773473448,0.023332974367519847,-0.9996937568602285));
#6836=DIRECTION('',(0.333140242693465,-0.9428772871896636,0));
#6837=DIRECTION('',(0,0,1));
#6838=FACE_SURFACE('',(#6843),#6839,.T.);
#6839=PLANE('',#6840);
#6840=AXIS2_PLACEMENT_3D('',#192,#6841,#6842);
#6841=DIRECTION('',(-0.9856160166229192,-0.169000200521684,-0));
#6842=DIRECTION('',(0,0,-1));
#6843=FACE_BOUND('',#6844,.T.);
#6844=EDGE_LOOP('',(#6845,#6846,#6847));
#6845=ORIENTED_EDGE('',*,*,#6848,.T.);
#6846=ORIENTED_EDGE('',*,*,#6849,.T.);
#6847=ORIENTED_EDGE('',*,*,#6850,.T.);
#6848=EDGE_CURVE('',#193,#327,#6851,.F.);
#6849=EDGE_CURVE('',#327,#189,#6852,.T.);
#6850=EDGE_CURVE('',#189,#193,#6853,.T.);
#6851=LINE('',#192,#6854);
#6852=LINE('',#326,#6855);
#6853=LINE('',#188,#6856);
#6854=VECTOR('',#6857,1.0);
#6855=VECTOR('',#6858,1.0);
#6856=VECTOR('',#6859,1.0);
#6857=DIRECTION('',(0,0,-1));
#6858=DIRECTION('',(0.004182178767777674,-0.024390636018050724,0.9996937562350728));
#6859=DIRECTION('',(-0.169000200521684,0.9856160166229192,0));
#6860=FACE_SURFACE('',(#6865),#6861,.T.);
#6861=PLANE('',#6862);
#6862=AXIS2_PLACEMENT_3D('',#188,#6863,#6864);
#6863=DIRECTION('',(-0.9856160166229192,-0.169000200521684,-0));
#6864=DIRECTION('',(-0.004182178767777674,0.024390636018050724,-0.9996937562350728));
#6865=FACE_BOUND('',#6866,.T.);
#6866=EDGE_LOOP('',(#6867,#6868,#6869));
#6867=ORIENTED_EDGE('',*,*,#6870,.T.);
#6868=ORIENTED_EDGE('',*,*,#6871,.T.);
#6869=ORIENTED_EDGE('',*,*,#6872,.T.);
#6870=EDGE_CURVE('',#189,#327,#6873,.F.);
#6871=EDGE_CURVE('',#327,#331,#6874,.T.);
#6872=EDGE_CURVE('',#331,#189,#6875,.T.);
#6873=LINE('',#188,#6876);
#6874=LINE('',#326,#6877);
#6875=LINE('',#330,#6878);
#6876=VECTOR('',#6879,1.0);
#6877=VECTOR('',#6880,1.0);
#6878=VECTOR('',#6881,1.0);
#6879=DIRECTION('',(-0.004182178767777674,0.024390636018050724,-0.9996937562350728));
#6880=DIRECTION('',(0.169000200521684,-0.9856160166229192,0));
#6881=DIRECTION('',(0,0,1));
#6882=FACE_SURFACE('',(#6887),#6883,.T.);
#6883=PLANE('',#6884);
#6884=AXIS2_PLACEMENT_3D('',#188,#6885,#6886);
#6885=DIRECTION('',(-0.9990989236984855,-0.04244220381327956,-0));
#6886=DIRECTION('',(0,0,-1));
#6887=FACE_BOUND('',#6888,.T.);
#6888=EDGE_LOOP('',(#6889,#6890,#6891));
#6889=ORIENTED_EDGE('',*,*,#6892,.T.);
#6890=ORIENTED_EDGE('',*,*,#6893,.T.);
#6891=ORIENTED_EDGE('',*,*,#6894,.T.);
#6892=EDGE_CURVE('',#189,#331,#6895,.F.);
#6893=EDGE_CURVE('',#331,#185,#6896,.T.);
#6894=EDGE_CURVE('',#185,#189,#6897,.T.);
#6895=LINE('',#188,#6898);
#6896=LINE('',#330,#6899);
#6897=LINE('',#184,#6900);
#6898=VECTOR('',#6901,1.0);
#6899=VECTOR('',#6902,1.0);
#6900=VECTOR('',#6903,1.0);
#6901=DIRECTION('',(0,0,-1));
#6902=DIRECTION('',(0.0005257435071897433,-0.012376119168684405,0.9999232746906571));
#6903=DIRECTION('',(-0.04244220381327956,0.9990989236984854,0));
#6904=FACE_SURFACE('',(#6909),#6905,.T.);
#6905=PLANE('',#6906);
#6906=AXIS2_PLACEMENT_3D('',#184,#6907,#6908);
#6907=DIRECTION('',(-0.9990989236984855,-0.04244220381327956,-0));
#6908=DIRECTION('',(-0.0005257435071897433,0.012376119168684405,-0.9999232746906571));
#6909=FACE_BOUND('',#6910,.T.);
#6910=EDGE_LOOP('',(#6911,#6912,#6913));
#6911=ORIENTED_EDGE('',*,*,#6914,.T.);
#6912=ORIENTED_EDGE('',*,*,#6915,.T.);
#6913=ORIENTED_EDGE('',*,*,#6916,.T.);
#6914=EDGE_CURVE('',#185,#331,#6917,.F.);
#6915=EDGE_CURVE('',#331,#335,#6918,.T.);
#6916=EDGE_CURVE('',#335,#185,#6919,.T.);
#6917=LINE('',#184,#6920);
#6918=LINE('',#330,#6921);
#6919=LINE('',#334,#6922);
#6920=VECTOR('',#6923,1.0);
#6921=VECTOR('',#6924,1.0);
#6922=VECTOR('',#6925,1.0);
#6923=DIRECTION('',(-0.0005257435071897433,0.012376119168684405,-0.9999232746906571));
#6924=DIRECTION('',(0.04244220381327956,-0.9990989236984854,0));
#6925=DIRECTION('',(0,0,1));
#6926=FACE_SURFACE('',(#6931),#6927,.T.);
#6927=PLANE('',#6928);
#6928=AXIS2_PLACEMENT_3D('',#184,#6929,#6930);
#6929=DIRECTION('',(-0.9990989274463471,0.04244211558769098,0));
#6930=DIRECTION('',(0,0,-1));
#6931=FACE_BOUND('',#6932,.T.);
#6932=EDGE_LOOP('',(#6933,#6934,#6935));
#6933=ORIENTED_EDGE('',*,*,#6936,.T.);
#6934=ORIENTED_EDGE('',*,*,#6937,.T.);
#6935=ORIENTED_EDGE('',*,*,#6938,.T.);
#6936=EDGE_CURVE('',#185,#335,#6939,.F.);
#6937=EDGE_CURVE('',#335,#181,#6940,.T.);
#6938=EDGE_CURVE('',#181,#185,#6941,.T.);
#6939=LINE('',#184,#6942);
#6940=LINE('',#334,#6943);
#6941=LINE('',#180,#6944);
#6942=VECTOR('',#6945,1.0);
#6943=VECTOR('',#6946,1.0);
#6944=VECTOR('',#6947,1.0);
#6945=DIRECTION('',(0,0,-1));
#6946=DIRECTION('',(-0.0005257435070220468,-0.012376144937740714,0.9999232743717114));
#6947=DIRECTION('',(0.04244211558769098,0.9990989274463471,0));
#6948=FACE_SURFACE('',(#6953),#6949,.T.);
#6949=PLANE('',#6950);
#6950=AXIS2_PLACEMENT_3D('',#180,#6951,#6952);
#6951=DIRECTION('',(-0.9990989274463471,0.04244211558769098,0));
#6952=DIRECTION('',(0.0005257435070220468,0.012376144937740714,-0.9999232743717114));
#6953=FACE_BOUND('',#6954,.T.);
#6954=EDGE_LOOP('',(#6955,#6956,#6957));
#6955=ORIENTED_EDGE('',*,*,#6958,.T.);
#6956=ORIENTED_EDGE('',*,*,#6959,.T.);
#6957=ORIENTED_EDGE('',*,*,#6960,.T.);
#6958=EDGE_CURVE('',#181,#335,#6961,.F.);
#6959=EDGE_CURVE('',#335,#339,#6962,.T.);
#6960=EDGE_CURVE('',#339,#181,#6963,.T.);
#6961=LINE('',#180,#6964);
#6962=LINE('',#334,#6965);
#6963=LINE('',#338,#6966);
#6964=VECTOR('',#6967,1.0);
#6965=VECTOR('',#6968,1.0);
#6966=VECTOR('',#6969,1.0);
#6967=DIRECTION('',(0.0005257435070220468,0.012376144937740714,-0.9999232743717114));
#6968=DIRECTION('',(-0.04244211558769098,-0.9990989274463471,0));
#6969=DIRECTION('',(0,0,1));
#6970=FACE_SURFACE('',(#6975),#6971,.T.);
#6971=PLANE('',#6972);
#6972=AXIS2_PLACEMENT_3D('',#180,#6973,#6974);
#6973=DIRECTION('',(-0.9856160017534747,0.16900028724086458,0));
#6974=DIRECTION('',(0,0,-1));
#6975=FACE_BOUND('',#6976,.T.);
#6976=EDGE_LOOP('',(#6977,#6978,#6979));
#6977=ORIENTED_EDGE('',*,*,#6980,.T.);
#6978=ORIENTED_EDGE('',*,*,#6981,.T.);
#6979=ORIENTED_EDGE('',*,*,#6982,.T.);
#6980=EDGE_CURVE('',#181,#339,#6983,.F.);
#6981=EDGE_CURVE('',#339,#177,#6984,.T.);
#6982=EDGE_CURVE('',#177,#181,#6985,.T.);
#6983=LINE('',#180,#6986);
#6984=LINE('',#338,#6987);
#6985=LINE('',#176,#6988);
#6986=VECTOR('',#6989,1.0);
#6987=VECTOR('',#6990,1.0);
#6988=VECTOR('',#6991,1.0);
#6989=DIRECTION('',(0,0,-1));
#6990=DIRECTION('',(-0.004182178769091873,-0.024390623142171126,0.9996937565492143));
#6991=DIRECTION('',(0.16900028724086458,0.9856160017534746,0));
#6992=FACE_SURFACE('',(#6997),#6993,.T.);
#6993=PLANE('',#6994);
#6994=AXIS2_PLACEMENT_3D('',#176,#6995,#6996);
#6995=DIRECTION('',(-0.9856160017534747,0.16900028724086458,0));
#6996=DIRECTION('',(0.004182178769091873,0.024390623142171126,-0.9996937565492143));
#6997=FACE_BOUND('',#6998,.T.);
#6998=EDGE_LOOP('',(#6999,#7000,#7001));
#6999=ORIENTED_EDGE('',*,*,#7002,.T.);
#7000=ORIENTED_EDGE('',*,*,#7003,.T.);
#7001=ORIENTED_EDGE('',*,*,#7004,.T.);
#7002=EDGE_CURVE('',#177,#339,#7005,.F.);
#7003=EDGE_CURVE('',#339,#343,#7006,.T.);
#7004=EDGE_CURVE('',#343,#177,#7007,.T.);
#7005=LINE('',#176,#7008);
#7006=LINE('',#338,#7009);
#7007=LINE('',#342,#7010);
#7008=VECTOR('',#7011,1.0);
#7009=VECTOR('',#7012,1.0);
#7010=VECTOR('',#7013,1.0);
#7011=DIRECTION('',(0.004182178769091873,0.024390623142171126,-0.9996937565492143));
#7012=DIRECTION('',(-0.16900028724086458,-0.9856160017534746,0));
#7013=DIRECTION('',(0,0,1));
#7014=FACE_SURFACE('',(#7019),#7015,.T.);
#7015=PLANE('',#7016);
#7016=AXIS2_PLACEMENT_3D('',#176,#7017,#7018);
#7017=DIRECTION('',(-0.9428773449692319,0.33314007916156246,0));
#7018=DIRECTION('',(0,0,-1));
#7019=FACE_BOUND('',#7020,.T.);
#7020=EDGE_LOOP('',(#7021,#7022,#7023));
#7021=ORIENTED_EDGE('',*,*,#7024,.T.);
#7022=ORIENTED_EDGE('',*,*,#7025,.T.);
#7023=ORIENTED_EDGE('',*,*,#7026,.T.);
#7024=EDGE_CURVE('',#177,#343,#7027,.F.);
#7025=EDGE_CURVE('',#343,#173,#7028,.T.);
#7026=EDGE_CURVE('',#173,#177,#7029,.T.);
#7027=LINE('',#176,#7030);
#7028=LINE('',#342,#7031);
#7029=LINE('',#172,#7032);
#7030=VECTOR('',#7033,1.0);
#7031=VECTOR('',#7034,1.0);
#7032=VECTOR('',#7035,1.0);
#7033=DIRECTION('',(0,0,-1));
#7034=DIRECTION('',(-0.008244076770995184,-0.02333298724404974,0.9996937565597092));
#7035=DIRECTION('',(0.3331400791615624,0.9428773449692318,0));
#7036=FACE_SURFACE('',(#7041),#7037,.T.);
#7037=PLANE('',#7038);
#7038=AXIS2_PLACEMENT_3D('',#172,#7039,#7040);
#7039=DIRECTION('',(-0.9428773449692319,0.33314007916156246,0));
#7040=DIRECTION('',(0.008244076770995184,0.02333298724404974,-0.9996937565597092));
#7041=FACE_BOUND('',#7042,.T.);
#7042=EDGE_LOOP('',(#7043,#7044,#7045));
#7043=ORIENTED_EDGE('',*,*,#7046,.T.);
#7044=ORIENTED_EDGE('',*,*,#7047,.T.);
#7045=ORIENTED_EDGE('',*,*,#7048,.T.);
#7046=EDGE_CURVE('',#173,#343,#7049,.F.);
#7047=EDGE_CURVE('',#343,#347,#7050,.T.);
#7048=EDGE_CURVE('',#347,#173,#7051,.T.);
#7049=LINE('',#172,#7052);
#7050=LINE('',#342,#7053);
#7051=LINE('',#346,#7054);
#7052=VECTOR('',#7055,1.0);
#7053=VECTOR('',#7056,1.0);
#7054=VECTOR('',#7057,1.0);
#7055=DIRECTION('',(0.008244076770995184,0.02333298724404974,-0.9996937565597092));
#7056=DIRECTION('',(-0.3331400791615624,-0.9428773449692318,0));
#7057=DIRECTION('',(0,0,1));
#7058=FACE_SURFACE('',(#7063),#7059,.T.);
#7059=PLANE('',#7060);
#7060=AXIS2_PLACEMENT_3D('',#172,#7061,#7062);
#7061=DIRECTION('',(-0.8730140455346816,0.4876950648706306,0));
#7062=DIRECTION('',(0,0,-1));
#7063=FACE_BOUND('',#7064,.T.);
#7064=EDGE_LOOP('',(#7065,#7066,#7067));
#7065=ORIENTED_EDGE('',*,*,#7068,.T.);
#7066=ORIENTED_EDGE('',*,*,#7069,.T.);
#7067=ORIENTED_EDGE('',*,*,#7070,.T.);
#7068=EDGE_CURVE('',#173,#347,#7071,.F.);
#7069=EDGE_CURVE('',#347,#169,#7072,.T.);
#7070=EDGE_CURVE('',#169,#173,#7073,.T.);
#7071=LINE('',#172,#7074);
#7072=LINE('',#346,#7075);
#7073=LINE('',#168,#7076);
#7074=VECTOR('',#7077,1.0);
#7075=VECTOR('',#7078,1.0);
#7076=VECTOR('',#7079,1.0);
#7077=DIRECTION('',(0,0,-1));
#7078=DIRECTION('',(-0.012068788723762372,-0.021604118695008834,0.9996937563044761));
#7079=DIRECTION('',(0.4876950648706306,0.8730140455346818,0));
#7080=FACE_SURFACE('',(#7085),#7081,.T.);
#7081=PLANE('',#7082);
#7082=AXIS2_PLACEMENT_3D('',#168,#7083,#7084);
#7083=DIRECTION('',(-0.8730140455346816,0.4876950648706306,0));
#7084=DIRECTION('',(0.012068788723762372,0.021604118695008834,-0.9996937563044761));
#7085=FACE_BOUND('',#7086,.T.);
#7086=EDGE_LOOP('',(#7087,#7088,#7089));
#7087=ORIENTED_EDGE('',*,*,#7090,.T.);
#7088=ORIENTED_EDGE('',*,*,#7091,.T.);
#7089=ORIENTED_EDGE('',*,*,#7092,.T.);
#7090=EDGE_CURVE('',#169,#347,#7093,.F.);
#7091=EDGE_CURVE('',#347,#279,#7094,.T.);
#7092=EDGE_CURVE('',#279,#169,#7095,.T.);
#7093=LINE('',#168,#7096);
#7094=LINE('',#346,#7097);
#7095=LINE('',#278,#7098);
#7096=VECTOR('',#7099,1.0);
#7097=VECTOR('',#7100,1.0);
#7098=VECTOR('',#7101,1.0);
#7099=DIRECTION('',(0.012068788723762372,0.021604118695008834,-0.9996937563044761));
#7100=DIRECTION('',(-0.4876950648706306,-0.8730140455346818,0));
#7101=DIRECTION('',(0,0,1));
#7102=FACE_SURFACE('',(#7107),#7103,.T.);
#7103=PLANE('',#7104);
#7104=AXIS2_PLACEMENT_3D('',#168,#7105,#7106);
#7105=DIRECTION('',(-0.7780358686169736,0.6282198557395582,0));
#7106=DIRECTION('',(0,0,-1));
#7107=FACE_BOUND('',#7108,.T.);
#7108=EDGE_LOOP('',(#7109,#7110,#7111));
#7109=ORIENTED_EDGE('',*,*,#7112,.T.);
#7110=ORIENTED_EDGE('',*,*,#7113,.T.);
#7111=ORIENTED_EDGE('',*,*,#7114,.T.);
#7112=EDGE_CURVE('',#169,#279,#7115,.F.);
#7113=EDGE_CURVE('',#279,#51,#7116,.T.);
#7114=EDGE_CURVE('',#51,#169,#7117,.T.);
#7115=LINE('',#168,#7118);
#7116=LINE('',#278,#7119);
#7117=LINE('',#50,#7120);
#7118=VECTOR('',#7121,1.0);
#7119=VECTOR('',#7122,1.0);
#7120=VECTOR('',#7123,1.0);
#7121=DIRECTION('',(0,0,-1));
#7122=DIRECTION('',(-0.01554628917178493,-0.019253722226434712,0.9996937566442108));
#7123=DIRECTION('',(0.6282198557395582,0.7780358686169737,0));
#7124=FACE_SURFACE('',(#7129),#7125,.T.);
#7125=PLANE('',#7126);
#7126=AXIS2_PLACEMENT_3D('',#50,#7127,#7128);
#7127=DIRECTION('',(-0.7780358686169736,0.6282198557395582,0));
#7128=DIRECTION('',(0.01554628917178493,0.019253722226434712,-0.9996937566442108));
#7129=FACE_BOUND('',#7130,.T.);
#7130=EDGE_LOOP('',(#7131,#7132,#7133));
#7131=ORIENTED_EDGE('',*,*,#7134,.T.);
#7132=ORIENTED_EDGE('',*,*,#7135,.T.);
#7133=ORIENTED_EDGE('',*,*,#7136,.T.);
#7134=EDGE_CURVE('',#51,#279,#7137,.F.);
#7135=EDGE_CURVE('',#279,#283,#7138,.T.);
#7136=EDGE_CURVE('',#283,#51,#7139,.T.);
#7137=LINE('',#50,#7140);
#7138=LINE('',#278,#7141);
#7139=LINE('',#282,#7142);
#7140=VECTOR('',#7143,1.0);
#7141=VECTOR('',#7144,1.0);
#7142=VECTOR('',#7145,1.0);
#7143=DIRECTION('',(0.01554628917178493,0.019253722226434712,-0.9996937566442108));
#7144=DIRECTION('',(-0.6282198557395582,-0.7780358686169737,0));
#7145=DIRECTION('',(0,0,1));
#7146=FACE_SURFACE('',(#7151),#7147,.T.);
#7147=PLANE('',#7148);
#7148=AXIS2_PLACEMENT_3D('',#50,#7149,#7150);
#7149=DIRECTION('',(-0.6606748619753905,0.7506721832822891,0));
#7150=DIRECTION('',(0,0,-1));
#7151=FACE_BOUND('',#7152,.T.);
#7152=EDGE_LOOP('',(#7153,#7154,#7155));
#7153=ORIENTED_EDGE('',*,*,#7156,.T.);
#7154=ORIENTED_EDGE('',*,*,#7157,.T.);
#7155=ORIENTED_EDGE('',*,*,#7158,.T.);
#7156=EDGE_CURVE('',#51,#283,#7159,.F.);
#7157=EDGE_CURVE('',#283,#47,#7160,.T.);
#7158=EDGE_CURVE('',#47,#51,#7161,.T.);
#7159=LINE('',#50,#7162);
#7160=LINE('',#282,#7163);
#7161=LINE('',#46,#7164);
#7162=VECTOR('',#7165,1.0);
#7163=VECTOR('',#7166,1.0);
#7164=VECTOR('',#7167,1.0);
#7165=DIRECTION('',(0,0,-1));
#7166=DIRECTION('',(-0.018576576027605974,-0.016349449302024626,0.9996937562726953));
#7167=DIRECTION('',(0.7506721832822891,0.6606748619753905,0));
#7168=FACE_SURFACE('',(#7173),#7169,.T.);
#7169=PLANE('',#7170);
#7170=AXIS2_PLACEMENT_3D('',#46,#7171,#7172);
#7171=DIRECTION('',(-0.6606748619753905,0.7506721832822891,0));
#7172=DIRECTION('',(0.018576576027605974,0.016349449302024626,-0.9996937562726953));
#7173=FACE_BOUND('',#7174,.T.);
#7174=EDGE_LOOP('',(#7175,#7176,#7177));
#7175=ORIENTED_EDGE('',*,*,#7178,.T.);
#7176=ORIENTED_EDGE('',*,*,#7179,.T.);
#7177=ORIENTED_EDGE('',*,*,#7180,.T.);
#7178=EDGE_CURVE('',#47,#283,#7181,.F.);
#7179=EDGE_CURVE('',#283,#287,#7182,.T.);
#7180=EDGE_CURVE('',#287,#47,#7183,.T.);
#7181=LINE('',#46,#7184);
#7182=LINE('',#282,#7185);
#7183=LINE('',#286,#7186);
#7184=VECTOR('',#7187,1.0);
#7185=VECTOR('',#7188,1.0);
#7186=VECTOR('',#7189,1.0);
#7187=DIRECTION('',(0.018576576027605974,0.016349449302024626,-0.9996937562726953));
#7188=DIRECTION('',(-0.7506721832822891,-0.6606748619753905,0));
#7189=DIRECTION('',(0,0,1));
#7190=FACE_SURFACE('',(#7195),#7191,.T.);
#7191=PLANE('',#7192);
#7192=AXIS2_PLACEMENT_3D('',#46,#7193,#7194);
#7193=DIRECTION('',(-0.5243073645524886,0.8515290878625486,0));
#7194=DIRECTION('',(0,0,-1));
#7195=FACE_BOUND('',#7196,.T.);
#7196=EDGE_LOOP('',(#7197,#7198,#7199));
#7197=ORIENTED_EDGE('',*,*,#7200,.T.);
#7198=ORIENTED_EDGE('',*,*,#7201,.T.);
#7199=ORIENTED_EDGE('',*,*,#7202,.T.);
#7200=EDGE_CURVE('',#47,#287,#7203,.F.);
#7201=EDGE_CURVE('',#287,#43,#7204,.T.);
#7202=EDGE_CURVE('',#43,#47,#7205,.T.);
#7203=LINE('',#46,#7206);
#7204=LINE('',#286,#7207);
#7205=LINE('',#42,#7208);
#7206=VECTOR('',#7209,1.0);
#7207=VECTOR('',#7210,1.0);
#7208=VECTOR('',#7211,1.0);
#7209=DIRECTION('',(0,0,-1));
#7210=DIRECTION('',(-0.02107242772272899,-0.012974811079865593,0.9996937566411587));
#7211=DIRECTION('',(0.8515290878625484,0.5243073645524886,0));
#7212=FACE_SURFACE('',(#7217),#7213,.T.);
#7213=PLANE('',#7214);
#7214=AXIS2_PLACEMENT_3D('',#42,#7215,#7216);
#7215=DIRECTION('',(-0.5243073645524886,0.8515290878625486,0));
#7216=DIRECTION('',(0.02107242772272899,0.012974811079865593,-0.9996937566411587));
#7217=FACE_BOUND('',#7218,.T.);
#7218=EDGE_LOOP('',(#7219,#7220,#7221));
#7219=ORIENTED_EDGE('',*,*,#7222,.T.);
#7220=ORIENTED_EDGE('',*,*,#7223,.T.);
#7221=ORIENTED_EDGE('',*,*,#7224,.T.);
#7222=EDGE_CURVE('',#43,#287,#7225,.F.);
#7223=EDGE_CURVE('',#287,#291,#7226,.T.);
#7224=EDGE_CURVE('',#291,#43,#7227,.T.);
#7225=LINE('',#42,#7228);
#7226=LINE('',#286,#7229);
#7227=LINE('',#290,#7230);
#7228=VECTOR('',#7231,1.0);
#7229=VECTOR('',#7232,1.0);
#7230=VECTOR('',#7233,1.0);
#7231=DIRECTION('',(0.02107242772272899,0.012974811079865593,-0.9996937566411587));
#7232=DIRECTION('',(-0.8515290878625484,-0.5243073645524886,0));
#7233=DIRECTION('',(0,0,1));
#7234=FACE_SURFACE('',(#7239),#7235,.T.);
#7235=PLANE('',#7236);
#7236=AXIS2_PLACEMENT_3D('',#42,#7237,#7238);
#7237=DIRECTION('',(-0.37285625001798095,0.9278891188189077,0));
#7238=DIRECTION('',(0,0,-1));
#7239=FACE_BOUND('',#7240,.T.);
#7240=EDGE_LOOP('',(#7241,#7242,#7243));
#7241=ORIENTED_EDGE('',*,*,#7244,.T.);
#7242=ORIENTED_EDGE('',*,*,#7245,.T.);
#7243=ORIENTED_EDGE('',*,*,#7246,.T.);
#7244=EDGE_CURVE('',#43,#291,#7247,.F.);
#7245=EDGE_CURVE('',#291,#39,#7248,.T.);
#7246=EDGE_CURVE('',#39,#43,#7249,.T.);
#7247=LINE('',#42,#7250);
#7248=LINE('',#290,#7251);
#7249=LINE('',#38,#7252);
#7250=VECTOR('',#7253,1.0);
#7251=VECTOR('',#7254,1.0);
#7252=VECTOR('',#7255,1.0);
#7253=DIRECTION('',(0,0,-1));
#7254=DIRECTION('',(-0.02296208289250916,-0.009226917253648624,0.9996937564810695));
#7255=DIRECTION('',(0.9278891188189076,0.3728562500179809,0));
#7256=FACE_SURFACE('',(#7261),#7257,.T.);
#7257=PLANE('',#7258);
#7258=AXIS2_PLACEMENT_3D('',#38,#7259,#7260);
#7259=DIRECTION('',(-0.37285625001798095,0.9278891188189077,0));
#7260=DIRECTION('',(0.02296208289250916,0.009226917253648624,-0.9996937564810695));
#7261=FACE_BOUND('',#7262,.T.);
#7262=EDGE_LOOP('',(#7263,#7264,#7265));
#7263=ORIENTED_EDGE('',*,*,#7266,.T.);
#7264=ORIENTED_EDGE('',*,*,#7267,.T.);
#7265=ORIENTED_EDGE('',*,*,#7268,.T.);
#7266=EDGE_CURVE('',#39,#291,#7269,.F.);
#7267=EDGE_CURVE('',#291,#261,#7270,.T.);
#7268=EDGE_CURVE('',#261,#39,#7271,.T.);
#7269=LINE('',#38,#7272);
#7270=LINE('',#290,#7273);
#7271=LINE('',#260,#7274);
#7272=VECTOR('',#7275,1.0);
#7273=VECTOR('',#7276,1.0);
#7274=VECTOR('',#7277,1.0);
#7275=DIRECTION('',(0.02296208289250916,0.009226917253648624,-0.9996937564810695));
#7276=DIRECTION('',(-0.9278891188189076,-0.3728562500179809,0));
#7277=DIRECTION('',(0,0,1));
#7278=FACE_SURFACE('',(#7283),#7279,.T.);
#7279=PLANE('',#7280);
#7280=AXIS2_PLACEMENT_3D('',#38,#7281,#7282);
#7281=DIRECTION('',(-0.21067948668616596,0.9775551922472989,0));
#7282=DIRECTION('',(0,0,-1));
#7283=FACE_BOUND('',#7284,.T.);
#7284=EDGE_LOOP('',(#7285,#7286,#7287));
#7285=ORIENTED_EDGE('',*,*,#7288,.T.);
#7286=ORIENTED_EDGE('',*,*,#7289,.T.);
#7287=ORIENTED_EDGE('',*,*,#7290,.T.);
#7288=EDGE_CURVE('',#39,#261,#7291,.F.);
#7289=EDGE_CURVE('',#261,#35,#7292,.T.);
#7290=EDGE_CURVE('',#35,#39,#7293,.T.);
#7291=LINE('',#38,#7294);
#7292=LINE('',#260,#7295);
#7293=LINE('',#34,#7296);
#7294=VECTOR('',#7297,1.0);
#7295=VECTOR('',#7298,1.0);
#7296=VECTOR('',#7299,1.0);
#7297=DIRECTION('',(0,0,-1));
#7298=DIRECTION('',(-0.024191147228663043,-0.0052135966551082255,0.999693756510302));
#7299=DIRECTION('',(0.9775551922472989,0.21067948668616596,0));
#7300=FACE_SURFACE('',(#7305),#7301,.T.);
#7301=PLANE('',#7302);
#7302=AXIS2_PLACEMENT_3D('',#34,#7303,#7304);
#7303=DIRECTION('',(-0.21067948668616596,0.9775551922472989,0));
#7304=DIRECTION('',(0.024191147228663043,0.0052135966551082255,-0.999693756510302));
#7305=FACE_BOUND('',#7306,.T.);
#7306=EDGE_LOOP('',(#7307,#7308,#7309));
#7307=ORIENTED_EDGE('',*,*,#7310,.T.);
#7308=ORIENTED_EDGE('',*,*,#7311,.T.);
#7309=ORIENTED_EDGE('',*,*,#7312,.T.);
#7310=EDGE_CURVE('',#35,#261,#7313,.F.);
#7311=EDGE_CURVE('',#261,#265,#7314,.T.);
#7312=EDGE_CURVE('',#265,#35,#7315,.T.);
#7313=LINE('',#34,#7316);
#7314=LINE('',#260,#7317);
#7315=LINE('',#264,#7318);
#7316=VECTOR('',#7319,1.0);
#7317=VECTOR('',#7320,1.0);
#7318=VECTOR('',#7321,1.0);
#7319=DIRECTION('',(0.024191147228663043,0.0052135966551082255,-0.999693756510302));
#7320=DIRECTION('',(-0.9775551922472989,-0.21067948668616596,0));
#7321=DIRECTION('',(0,0,1));
#7322=FACE_SURFACE('',(#7327),#7323,.T.);
#7323=PLANE('',#7324);
#7324=AXIS2_PLACEMENT_3D('',#34,#7325,#7326);
#7325=DIRECTION('',(-0.04244111574277768,0.9990989699196513,0));
#7326=DIRECTION('',(0,0,-1));
#7327=FACE_BOUND('',#7328,.T.);
#7328=EDGE_LOOP('',(#7329,#7330,#7331));
#7329=ORIENTED_EDGE('',*,*,#7332,.T.);
#7330=ORIENTED_EDGE('',*,*,#7333,.T.);
#7331=ORIENTED_EDGE('',*,*,#7334,.T.);
#7332=EDGE_CURVE('',#35,#265,#7335,.F.);
#7333=EDGE_CURVE('',#265,#65,#7336,.T.);
#7334=EDGE_CURVE('',#65,#35,#7337,.T.);
#7335=LINE('',#34,#7338);
#7336=LINE('',#264,#7339);
#7337=LINE('',#64,#7340);
#7338=VECTOR('',#7341,1.0);
#7339=VECTOR('',#7342,1.0);
#7340=VECTOR('',#7343,1.0);
#7341=DIRECTION('',(0,0,-1));
#7342=DIRECTION('',(-0.02472429404126971,-0.0010502729525868537,0.9996937562128144));
#7343=DIRECTION('',(0.9990989699196512,0.042441115742777674,0));
#7344=FACE_SURFACE('',(#7349),#7345,.T.);
#7345=PLANE('',#7346);
#7346=AXIS2_PLACEMENT_3D('',#64,#7347,#7348);
#7347=DIRECTION('',(-0.04244111574277768,0.9990989699196513,0));
#7348=DIRECTION('',(0.02472429404126971,0.0010502729525868537,-0.9996937562128144));
#7349=FACE_BOUND('',#7350,.T.);
#7350=EDGE_LOOP('',(#7351,#7352,#7353));
#7351=ORIENTED_EDGE('',*,*,#7354,.T.);
#7352=ORIENTED_EDGE('',*,*,#7355,.T.);
#7353=ORIENTED_EDGE('',*,*,#7356,.T.);
#7354=EDGE_CURVE('',#65,#265,#7357,.F.);
#7355=EDGE_CURVE('',#265,#269,#7358,.T.);
#7356=EDGE_CURVE('',#269,#65,#7359,.T.);
#7357=LINE('',#64,#7360);
#7358=LINE('',#264,#7361);
#7359=LINE('',#268,#7362);
#7360=VECTOR('',#7363,1.0);
#7361=VECTOR('',#7364,1.0);
#7362=VECTOR('',#7365,1.0);
#7363=DIRECTION('',(0.02472429404126971,0.0010502729525868537,-0.9996937562128144));
#7364=DIRECTION('',(-0.9990989699196512,-0.042441115742777674,0));
#7365=DIRECTION('',(0,0,1));
#7366=FACE_SURFACE('',(#7371),#7367,.T.);
#7367=PLANE('',#7368);
#7368=AXIS2_PLACEMENT_3D('',#64,#7369,#7370);
#7369=DIRECTION('',(0.12701807481884703,0.9919004025956002,0));
#7370=DIRECTION('',(0,0,-1));
#7371=FACE_BOUND('',#7372,.T.);
#7372=EDGE_LOOP('',(#7373,#7374,#7375));
#7373=ORIENTED_EDGE('',*,*,#7376,.T.);
#7374=ORIENTED_EDGE('',*,*,#7377,.T.);
#7375=ORIENTED_EDGE('',*,*,#7378,.T.);
#7376=EDGE_CURVE('',#65,#269,#7379,.F.);
#7377=EDGE_CURVE('',#269,#61,#7380,.T.);
#7378=EDGE_CURVE('',#61,#65,#7381,.T.);
#7379=LINE('',#64,#7382);
#7380=LINE('',#268,#7383);
#7381=LINE('',#60,#7384);
#7382=VECTOR('',#7385,1.0);
#7383=VECTOR('',#7386,1.0);
#7384=VECTOR('',#7387,1.0);
#7385=DIRECTION('',(0,0,-1));
#7386=DIRECTION('',(-0.02454614040252477,0.0031432626602460913,0.9996937565530698));
#7387=DIRECTION('',(0.9919004025956002,-0.12701807481884703,0));
#7388=FACE_SURFACE('',(#7393),#7389,.T.);
#7389=PLANE('',#7390);
#7390=AXIS2_PLACEMENT_3D('',#60,#7391,#7392);
#7391=DIRECTION('',(0.12701807481884703,0.9919004025956002,0));
#7392=DIRECTION('',(0.02454614040252477,-0.0031432626602460913,-0.9996937565530698));
#7393=FACE_BOUND('',#7394,.T.);
#7394=EDGE_LOOP('',(#7395,#7396,#7397));
#7395=ORIENTED_EDGE('',*,*,#7398,.T.);
#7396=ORIENTED_EDGE('',*,*,#7399,.T.);
#7397=ORIENTED_EDGE('',*,*,#7400,.T.);
#7398=EDGE_CURVE('',#61,#269,#7401,.F.);
#7399=EDGE_CURVE('',#269,#273,#7402,.T.);
#7400=EDGE_CURVE('',#273,#61,#7403,.T.);
#7401=LINE('',#60,#7404);
#7402=LINE('',#268,#7405);
#7403=LINE('',#272,#7406);
#7404=VECTOR('',#7407,1.0);
#7405=VECTOR('',#7408,1.0);
#7406=VECTOR('',#7409,1.0);
#7407=DIRECTION('',(0.02454614040252477,-0.0031432626602460913,-0.9996937565530698));
#7408=DIRECTION('',(-0.9919004025956002,0.12701807481884703,0));
#7409=DIRECTION('',(0,0,1));
#7410=FACE_SURFACE('',(#7415),#7411,.T.);
#7411=PLANE('',#7412);
#7412=AXIS2_PLACEMENT_3D('',#60,#7413,#7414);
#7413=DIRECTION('',(0.29282282031380025,0.9561667197217606,0));
#7414=DIRECTION('',(0,0,-1));
#7415=FACE_BOUND('',#7416,.T.);
#7416=EDGE_LOOP('',(#7417,#7418,#7419));
#7417=ORIENTED_EDGE('',*,*,#7420,.T.);
#7418=ORIENTED_EDGE('',*,*,#7421,.T.);
#7419=ORIENTED_EDGE('',*,*,#7422,.T.);
#7420=EDGE_CURVE('',#61,#273,#7423,.F.);
#7421=EDGE_CURVE('',#273,#57,#7424,.T.);
#7422=EDGE_CURVE('',#57,#61,#7425,.T.);
#7423=LINE('',#60,#7426);
#7424=LINE('',#272,#7427);
#7425=LINE('',#56,#7428);
#7426=VECTOR('',#7429,1.0);
#7427=VECTOR('',#7430,1.0);
#7428=VECTOR('',#7431,1.0);
#7429=DIRECTION('',(0,0,-1));
#7430=DIRECTION('',(-0.023661852590272432,0.007246362236231352,0.9996937565906558));
#7431=DIRECTION('',(0.9561667197217606,-0.29282282031380025,0));
#7432=FACE_SURFACE('',(#7437),#7433,.T.);
#7433=PLANE('',#7434);
#7434=AXIS2_PLACEMENT_3D('',#56,#7435,#7436);
#7435=DIRECTION('',(0.29282282031380025,0.9561667197217606,0));
#7436=DIRECTION('',(0.023661852590272432,-0.007246362236231352,-0.9996937565906558));
#7437=FACE_BOUND('',#7438,.T.);
#7438=EDGE_LOOP('',(#7439,#7440,#7441));
#7439=ORIENTED_EDGE('',*,*,#7442,.T.);
#7440=ORIENTED_EDGE('',*,*,#7443,.T.);
#7441=ORIENTED_EDGE('',*,*,#7444,.T.);
#7442=EDGE_CURVE('',#57,#273,#7445,.F.);
#7443=EDGE_CURVE('',#273,#277,#7446,.T.);
#7444=EDGE_CURVE('',#277,#57,#7447,.T.);
#7445=LINE('',#56,#7448);
#7446=LINE('',#272,#7449);
#7447=LINE('',#276,#7450);
#7448=VECTOR('',#7451,1.0);
#7449=VECTOR('',#7452,1.0);
#7450=VECTOR('',#7453,1.0);
#7451=DIRECTION('',(0.023661852590272432,-0.007246362236231352,-0.9996937565906558));
#7452=DIRECTION('',(-0.9561667197217606,0.29282282031380025,0));
#7453=DIRECTION('',(0,0,1));
#7454=FACE_SURFACE('',(#7459),#7455,.T.);
#7455=PLANE('',#7456);
#7456=AXIS2_PLACEMENT_3D('',#56,#7457,#7458);
#7457=DIRECTION('',(0.45020381902757045,0.8929258207337217,0));
#7458=DIRECTION('',(0,0,-1));
#7459=FACE_BOUND('',#7460,.T.);
#7460=EDGE_LOOP('',(#7461,#7462,#7463));
#7461=ORIENTED_EDGE('',*,*,#7464,.T.);
#7462=ORIENTED_EDGE('',*,*,#7465,.T.);
#7463=ORIENTED_EDGE('',*,*,#7466,.T.);
#7464=EDGE_CURVE('',#57,#277,#7467,.F.);
#7465=EDGE_CURVE('',#277,#53,#7468,.T.);
#7466=EDGE_CURVE('',#53,#57,#7469,.T.);
#7467=LINE('',#56,#7470);
#7468=LINE('',#276,#7471);
#7469=LINE('',#52,#7472);
#7470=VECTOR('',#7473,1.0);
#7471=VECTOR('',#7474,1.0);
#7472=VECTOR('',#7475,1.0);
#7473=DIRECTION('',(0,0,-1));
#7474=DIRECTION('',(-0.022096862723459478,0.011141006067508518,0.9996937564282294));
#7475=DIRECTION('',(0.8929258207337217,-0.45020381902757045,0));
#7476=FACE_SURFACE('',(#7481),#7477,.T.);
#7477=PLANE('',#7478);
#7478=AXIS2_PLACEMENT_3D('',#52,#7479,#7480);
#7479=DIRECTION('',(0.45020381902757045,0.8929258207337217,0));
#7480=DIRECTION('',(0.022096862723459478,-0.011141006067508518,-0.9996937564282294));
#7481=FACE_BOUND('',#7482,.T.);
#7482=EDGE_LOOP('',(#7483,#7484,#7485));
#7483=ORIENTED_EDGE('',*,*,#7486,.T.);
#7484=ORIENTED_EDGE('',*,*,#7487,.T.);
#7485=ORIENTED_EDGE('',*,*,#7488,.T.);
#7486=EDGE_CURVE('',#53,#277,#7489,.F.);
#7487=EDGE_CURVE('',#277,#301,#7490,.T.);
#7488=EDGE_CURVE('',#301,#53,#7491,.T.);
#7489=LINE('',#52,#7492);
#7490=LINE('',#276,#7493);
#7491=LINE('',#300,#7494);
#7492=VECTOR('',#7495,1.0);
#7493=VECTOR('',#7496,1.0);
#7494=VECTOR('',#7497,1.0);
#7495=DIRECTION('',(0.022096862723459478,-0.011141006067508518,-0.9996937564282294));
#7496=DIRECTION('',(-0.8929258207337217,0.45020381902757045,0));
#7497=DIRECTION('',(0,0,1));
#7498=FACE_SURFACE('',(#7503),#7499,.T.);
#7499=PLANE('',#7500);
#7500=AXIS2_PLACEMENT_3D('',#52,#7501,#7502);
#7501=DIRECTION('',(0.59463318322765,0.8039971252464477,0));
#7502=DIRECTION('',(0,0,-1));
#7503=FACE_BOUND('',#7504,.T.);
#7504=EDGE_LOOP('',(#7505,#7506,#7507));
#7505=ORIENTED_EDGE('',*,*,#7508,.T.);
#7506=ORIENTED_EDGE('',*,*,#7509,.T.);
#7507=ORIENTED_EDGE('',*,*,#7510,.T.);
#7508=EDGE_CURVE('',#53,#301,#7511,.F.);
#7509=EDGE_CURVE('',#301,#83,#7512,.T.);
#7510=EDGE_CURVE('',#83,#53,#7513,.T.);
#7511=LINE('',#52,#7514);
#7512=LINE('',#300,#7515);
#7513=LINE('',#82,#7516);
#7514=VECTOR('',#7517,1.0);
#7515=VECTOR('',#7518,1.0);
#7516=VECTOR('',#7519,1.0);
#7517=DIRECTION('',(0,0,-1));
#7518=DIRECTION('',(-0.01989617303505054,0.014715133094852454,0.9996937566857962));
#7519=DIRECTION('',(0.8039971252464477,-0.59463318322765,0));
#7520=FACE_SURFACE('',(#7525),#7521,.T.);
#7521=PLANE('',#7522);
#7522=AXIS2_PLACEMENT_3D('',#82,#7523,#7524);
#7523=DIRECTION('',(0.59463318322765,0.8039971252464477,0));
#7524=DIRECTION('',(0.01989617303505054,-0.014715133094852454,-0.9996937566857962));
#7525=FACE_BOUND('',#7526,.T.);
#7526=EDGE_LOOP('',(#7527,#7528,#7529));
#7527=ORIENTED_EDGE('',*,*,#7530,.T.);
#7528=ORIENTED_EDGE('',*,*,#7531,.T.);
#7529=ORIENTED_EDGE('',*,*,#7532,.T.);
#7530=EDGE_CURVE('',#83,#301,#7533,.F.);
#7531=EDGE_CURVE('',#301,#305,#7534,.T.);
#7532=EDGE_CURVE('',#305,#83,#7535,.T.);
#7533=LINE('',#82,#7536);
#7534=LINE('',#300,#7537);
#7535=LINE('',#304,#7538);
#7536=VECTOR('',#7539,1.0);
#7537=VECTOR('',#7540,1.0);
#7538=VECTOR('',#7541,1.0);
#7539=DIRECTION('',(0.01989617303505054,-0.014715133094852454,-0.9996937566857962));
#7540=DIRECTION('',(-0.8039971252464477,0.59463318322765,0));
#7541=DIRECTION('',(0,0,1));
#7542=FACE_SURFACE('',(#7547),#7543,.T.);
#7543=PLANE('',#7544);
#7544=AXIS2_PLACEMENT_3D('',#82,#7545,#7546);
#7545=DIRECTION('',(0.7219558901433418,0.6919390816302653,0));
#7546=DIRECTION('',(0,0,-1));
#7547=FACE_BOUND('',#7548,.T.);
#7548=EDGE_LOOP('',(#7549,#7550,#7551));
#7549=ORIENTED_EDGE('',*,*,#7552,.T.);
#7550=ORIENTED_EDGE('',*,*,#7553,.T.);
#7551=ORIENTED_EDGE('',*,*,#7554,.T.);
#7552=EDGE_CURVE('',#83,#305,#7555,.F.);
#7553=EDGE_CURVE('',#305,#79,#7556,.T.);
#7554=EDGE_CURVE('',#79,#83,#7557,.T.);
#7555=LINE('',#82,#7558);
#7556=LINE('',#304,#7559);
#7557=LINE('',#78,#7560);
#7558=VECTOR('',#7561,1.0);
#7559=VECTOR('',#7562,1.0);
#7560=VECTOR('',#7563,1.0);
#7561=DIRECTION('',(0,0,-1));
#7562=DIRECTION('',(-0.017123131889385194,0.017865945505082182,0.9996937562801461));
#7563=DIRECTION('',(0.6919390816302653,-0.7219558901433417,0));
#7564=FACE_SURFACE('',(#7569),#7565,.T.);
#7565=PLANE('',#7566);
#7566=AXIS2_PLACEMENT_3D('',#78,#7567,#7568);
#7567=DIRECTION('',(0.7219558901433418,0.6919390816302653,0));
#7568=DIRECTION('',(0.017123131889385194,-0.017865945505082182,-0.9996937562801461));
#7569=FACE_BOUND('',#7570,.T.);
#7570=EDGE_LOOP('',(#7571,#7572,#7573));
#7571=ORIENTED_EDGE('',*,*,#7574,.T.);
#7572=ORIENTED_EDGE('',*,*,#7575,.T.);
#7573=ORIENTED_EDGE('',*,*,#7576,.T.);
#7574=EDGE_CURVE('',#79,#305,#7577,.F.);
#7575=EDGE_CURVE('',#305,#309,#7578,.T.);
#7576=EDGE_CURVE('',#309,#79,#7579,.T.);
#7577=LINE('',#78,#7580);
#7578=LINE('',#304,#7581);
#7579=LINE('',#308,#7582);
#7580=VECTOR('',#7583,1.0);
#7581=VECTOR('',#7584,1.0);
#7582=VECTOR('',#7585,1.0);
#7583=DIRECTION('',(0.017123131889385194,-0.017865945505082182,-0.9996937562801461));
#7584=DIRECTION('',(-0.6919390816302653,0.7219558901433417,0));
#7585=DIRECTION('',(0,0,1));
#7586=FACE_SURFACE('',(#7591),#7587,.T.);
#7587=PLANE('',#7588);
#7588=AXIS2_PLACEMENT_3D('',#78,#7589,#7590);
#7589=DIRECTION('',(0.8285096338412727,0.5599748089264374,0));
#7590=DIRECTION('',(0,0,-1));
#7591=FACE_BOUND('',#7592,.T.);
#7592=EDGE_LOOP('',(#7593,#7594,#7595));
#7593=ORIENTED_EDGE('',*,*,#7596,.T.);
#7594=ORIENTED_EDGE('',*,*,#7597,.T.);
#7595=ORIENTED_EDGE('',*,*,#7598,.T.);
#7596=EDGE_CURVE('',#79,#309,#7599,.F.);
#7597=EDGE_CURVE('',#309,#75,#7600,.T.);
#7598=EDGE_CURVE('',#75,#79,#7601,.T.);
#7599=LINE('',#78,#7602);
#7600=LINE('',#308,#7603);
#7601=LINE('',#74,#7604);
#7602=VECTOR('',#7605,1.0);
#7603=VECTOR('',#7606,1.0);
#7604=VECTOR('',#7607,1.0);
#7605=DIRECTION('',(0,0,-1));
#7606=DIRECTION('',(-0.013857462680206828,0.020502781818271934,0.9996937564403306));
#7607=DIRECTION('',(0.5599748089264374,-0.8285096338412729,0));
#7608=FACE_SURFACE('',(#7613),#7609,.T.);
#7609=PLANE('',#7610);
#7610=AXIS2_PLACEMENT_3D('',#74,#7611,#7612);
#7611=DIRECTION('',(0.8285096338412727,0.5599748089264374,0));
#7612=DIRECTION('',(0.013857462680206828,-0.020502781818271934,-0.9996937564403306));
#7613=FACE_BOUND('',#7614,.T.);
#7614=EDGE_LOOP('',(#7615,#7616,#7617));
#7615=ORIENTED_EDGE('',*,*,#7618,.T.);
#7616=ORIENTED_EDGE('',*,*,#7619,.T.);
#7617=ORIENTED_EDGE('',*,*,#7620,.T.);
#7618=EDGE_CURVE('',#75,#309,#7621,.F.);
#7619=EDGE_CURVE('',#309,#203,#7622,.T.);
#7620=EDGE_CURVE('',#203,#75,#7623,.T.);
#7621=LINE('',#74,#7624);
#7622=LINE('',#308,#7625);
#7623=LINE('',#202,#7626);
#7624=VECTOR('',#7627,1.0);
#7625=VECTOR('',#7628,1.0);
#7626=VECTOR('',#7629,1.0);
#7627=DIRECTION('',(0.013857462680206828,-0.020502781818271934,-0.9996937564403306));
#7628=DIRECTION('',(-0.5599748089264374,0.8285096338412729,0));
#7629=DIRECTION('',(0,0,1));
#7630=FACE_SURFACE('',(#7635),#7631,.T.);
#7631=PLANE('',#7632);
#7632=AXIS2_PLACEMENT_3D('',#74,#7633,#7634);
#7633=DIRECTION('',(0.9112284982103828,0.4119012309392272,0));
#7634=DIRECTION('',(0,0,-1));
#7635=FACE_BOUND('',#7636,.T.);
#7636=EDGE_LOOP('',(#7637,#7638,#7639));
#7637=ORIENTED_EDGE('',*,*,#7640,.T.);
#7638=ORIENTED_EDGE('',*,*,#7641,.T.);
#7639=ORIENTED_EDGE('',*,*,#7642,.T.);
#7640=EDGE_CURVE('',#75,#203,#7643,.F.);
#7641=EDGE_CURVE('',#203,#71,#7644,.T.);
#7642=EDGE_CURVE('',#71,#75,#7645,.T.);
#7643=LINE('',#74,#7646);
#7644=LINE('',#202,#7647);
#7645=LINE('',#70,#7648);
#7646=VECTOR('',#7649,1.0);
#7647=VECTOR('',#7650,1.0);
#7648=VECTOR('',#7651,1.0);
#7649=DIRECTION('',(0,0,-1));
#7650=DIRECTION('',(-0.010193144408497425,0.02254978371930887,0.9996937566381416));
#7651=DIRECTION('',(0.4119012309392272,-0.9112284982103828,0));
#7652=FACE_SURFACE('',(#7657),#7653,.T.);
#7653=PLANE('',#7654);
#7654=AXIS2_PLACEMENT_3D('',#70,#7655,#7656);
#7655=DIRECTION('',(0.9112284982103828,0.4119012309392272,0));
#7656=DIRECTION('',(0.010193144408497425,-0.02254978371930887,-0.9996937566381416));
#7657=FACE_BOUND('',#7658,.T.);
#7658=EDGE_LOOP('',(#7659,#7660,#7661));
#7659=ORIENTED_EDGE('',*,*,#7662,.T.);
#7660=ORIENTED_EDGE('',*,*,#7663,.T.);
#7661=ORIENTED_EDGE('',*,*,#7664,.T.);
#7662=EDGE_CURVE('',#71,#203,#7665,.F.);
#7663=EDGE_CURVE('',#203,#207,#7666,.T.);
#7664=EDGE_CURVE('',#207,#71,#7667,.T.);
#7665=LINE('',#70,#7668);
#7666=LINE('',#202,#7669);
#7667=LINE('',#206,#7670);
#7668=VECTOR('',#7671,1.0);
#7669=VECTOR('',#7672,1.0);
#7670=VECTOR('',#7673,1.0);
#7671=DIRECTION('',(0.010193144408497425,-0.02254978371930887,-0.9996937566381416));
#7672=DIRECTION('',(-0.4119012309392272,0.9112284982103828,0));
#7673=DIRECTION('',(0,0,1));
#7674=FACE_SURFACE('',(#7679),#7675,.T.);
#7675=PLANE('',#7676);
#7676=AXIS2_PLACEMENT_3D('',#70,#7677,#7678);
#7677=DIRECTION('',(0.9677329140250839,0.25197818777132186,0));
#7678=DIRECTION('',(0,0,-1));
#7679=FACE_BOUND('',#7680,.T.);
#7680=EDGE_LOOP('',(#7681,#7682,#7683));
#7681=ORIENTED_EDGE('',*,*,#7684,.T.);
#7682=ORIENTED_EDGE('',*,*,#7685,.T.);
#7683=ORIENTED_EDGE('',*,*,#7686,.T.);
#7684=EDGE_CURVE('',#71,#207,#7687,.F.);
#7685=EDGE_CURVE('',#207,#105,#7688,.T.);
#7686=EDGE_CURVE('',#105,#71,#7689,.T.);
#7687=LINE('',#70,#7690);
#7688=LINE('',#206,#7691);
#7689=LINE('',#104,#7692);
#7690=VECTOR('',#7693,1.0);
#7691=VECTOR('',#7694,1.0);
#7692=VECTOR('',#7695,1.0);
#7693=DIRECTION('',(0,0,-1));
#7694=DIRECTION('',(-0.0062355966715479496,0.023948073406729206,0.9996937566646377));
#7695=DIRECTION('',(0.25197818777132186,-0.9677329140250839,0));
#7696=FACE_SURFACE('',(#7701),#7697,.T.);
#7697=PLANE('',#7698);
#7698=AXIS2_PLACEMENT_3D('',#104,#7699,#7700);
#7699=DIRECTION('',(0.9677329140250839,0.25197818777132186,0));
#7700=DIRECTION('',(0.0062355966715479496,-0.023948073406729206,-0.9996937566646377));
#7701=FACE_BOUND('',#7702,.T.);
#7702=EDGE_LOOP('',(#7703,#7704,#7705));
#7703=ORIENTED_EDGE('',*,*,#7706,.T.);
#7704=ORIENTED_EDGE('',*,*,#7707,.T.);
#7705=ORIENTED_EDGE('',*,*,#7708,.T.);
#7706=EDGE_CURVE('',#105,#207,#7709,.F.);
#7707=EDGE_CURVE('',#207,#211,#7710,.T.);
#7708=EDGE_CURVE('',#211,#105,#7711,.T.);
#7709=LINE('',#104,#7712);
#7710=LINE('',#206,#7713);
#7711=LINE('',#210,#7714);
#7712=VECTOR('',#7715,1.0);
#7713=VECTOR('',#7716,1.0);
#7714=VECTOR('',#7717,1.0);
#7715=DIRECTION('',(0.0062355966715479496,-0.023948073406729206,-0.9996937566646377));
#7716=DIRECTION('',(-0.25197818777132186,0.9677329140250839,0));
#7717=DIRECTION('',(0,0,1));
#7718=FACE_SURFACE('',(#7723),#7719,.T.);
#7719=PLANE('',#7720);
#7720=AXIS2_PLACEMENT_3D('',#104,#7721,#7722);
#7721=DIRECTION('',(0.9963974891425638,0.08480591742558194,0));
#7722=DIRECTION('',(0,0,-1));
#7723=FACE_BOUND('',#7724,.T.);
#7724=EDGE_LOOP('',(#7725,#7726,#7727));
#7725=ORIENTED_EDGE('',*,*,#7728,.T.);
#7726=ORIENTED_EDGE('',*,*,#7729,.T.);
#7727=ORIENTED_EDGE('',*,*,#7730,.T.);
#7728=EDGE_CURVE('',#105,#211,#7731,.F.);
#7729=EDGE_CURVE('',#211,#101,#7732,.T.);
#7730=EDGE_CURVE('',#101,#105,#7733,.T.);
#7731=LINE('',#104,#7734);
#7732=LINE('',#210,#7735);
#7733=LINE('',#100,#7736);
#7734=VECTOR('',#7737,1.0);
#7735=VECTOR('',#7738,1.0);
#7736=VECTOR('',#7739,1.0);
#7737=DIRECTION('',(0,0,-1));
#7738=DIRECTION('',(-0.0020986584653131315,0.024657454207022176,0.9996937558996128));
#7739=DIRECTION('',(0.08480591742558194,-0.9963974891425638,0));
#7740=FACE_SURFACE('',(#7745),#7741,.T.);
#7741=PLANE('',#7742);
#7742=AXIS2_PLACEMENT_3D('',#100,#7743,#7744);
#7743=DIRECTION('',(0.9963974891425638,0.08480591742558194,0));
#7744=DIRECTION('',(0.0020986584653131315,-0.024657454207022176,-0.9996937558996128));
#7745=FACE_BOUND('',#7746,.T.);
#7746=EDGE_LOOP('',(#7747,#7748,#7749));
#7747=ORIENTED_EDGE('',*,*,#7750,.T.);
#7748=ORIENTED_EDGE('',*,*,#7751,.T.);
#7749=ORIENTED_EDGE('',*,*,#7752,.T.);
#7750=EDGE_CURVE('',#101,#211,#7753,.F.);
#7751=EDGE_CURVE('',#211,#215,#7754,.T.);
#7752=EDGE_CURVE('',#215,#101,#7755,.T.);
#7753=LINE('',#100,#7756);
#7754=LINE('',#210,#7757);
#7755=LINE('',#214,#7758);
#7756=VECTOR('',#7759,1.0);
#7757=VECTOR('',#7760,1.0);
#7758=VECTOR('',#7761,1.0);
#7759=DIRECTION('',(0.0020986584653131315,-0.024657454207022176,-0.9996937558996128));
#7760=DIRECTION('',(-0.08480591742558194,0.9963974891425638,0));
#7761=DIRECTION('',(0,0,1));
ENDSEC;
END-ISO-10303-21;
